Loaded module: cuda/12.4
/dtu/projects/dbl/foundry/miniforge3/envs/rfd3/lib/python3.12/site-packages/hydra/_internal/config_loader_impl.py:216: UserWarning: provider=hydra.searchpath in main, path=configs is not available.
  warnings.warn(
14:31:36 DEBUG transforms: Debug mode is on
14:31:40 INFO rfd3.engine: [rank: 0] Outputs will be written to /work3/marhr/Projects/dbl/CLR_RAMP1/exp_01/diffusion_out.
14:31:40 INFO rfd3.engine: [rank: 0] Found 0 existing example IDs in the output directory.
Using bfloat16 Automatic Mixed Precision (AMP)
14:32:13 WARNING atomworks.io: We can't fix formal charges without building from templates, as we need to know the true number of hydrogens bonded to a given atom, not the inferred number. This may lead to occasional inaccuracies after adding inter-residue bonds. To avoid this and fix formal charges, set `add_missing_atoms = True`.
14:32:14 WARNING atomworks.io: The `extra_fields` argument will be ignored if there is no CIF file input.
14:33:39 INFO rfd3.engine: [rank: 0] Finished inference batch in 84.42 seconds.
14:33:39 INFO rfd3.engine: [rank: 0] Outputs for CLR_RAMP1_rfd3_test_CLR_RAMP1_test_0_model_0 written to /work3/marhr/Projects/dbl/CLR_RAMP1/exp_01/diffusion_out/CLR_RAMP1_rfd3_test_CLR_RAMP1_test_0_model_0.
14:33:39 INFO rfd3.engine: [rank: 0] Outputs for CLR_RAMP1_rfd3_test_CLR_RAMP1_test_0_model_1 written to /work3/marhr/Projects/dbl/CLR_RAMP1/exp_01/diffusion_out/CLR_RAMP1_rfd3_test_CLR_RAMP1_test_0_model_1.
14:33:39 WARNING atomworks.io: We can't fix formal charges without building from templates, as we need to know the true number of hydrogens bonded to a given atom, not the inferred number. This may lead to occasional inaccuracies after adding inter-residue bonds. To avoid this and fix formal charges, set `add_missing_atoms = True`.
14:33:39 ERROR rfd3.inference.input_parsing: [rank: 0] ✗ Failed in validator: load_input
  Error: [Errno 2] No such file or directory: '/work3/marhr/Projects/dbl/CLR_RAMP1/exp_01/inputs/6e3y_cut.pdb'
  Error type: FileNotFoundError
╭───────────────────── Traceback (most recent call last) ──────────────────────╮
│ /dtu/projects/dbl/foundry/miniforge3/envs/rfd3/lib/python3.12/site-packages/ │
│ rfd3/cli.py:43 in design                                                     │
│                                                                              │
│   40 │   │   from rfd3.run_inference import run_inference                    │
│   41 │   │                                                                   │
│   42 │   │   with suppress_warnings(is_inference=True):                      │
│ ❱ 43 │   │   │   run_inference(cfg)                                          │
│   44                                                                         │
│   45                                                                         │
│   46 if __name__ == "__main__":                                              │
│                                                                              │
│ ╭───────────────────────────────── locals ─────────────────────────────────╮ │
│ │                 args = [                                                 │ │
│ │                        │                                                 │ │
│ │                        'out_dir=/work3/marhr/Projects/dbl/CLR_RAMP1/exp… │ │
│ │                        │                                                 │ │
│ │                        'inputs=/work3/marhr/Projects/dbl/CLR_RAMP1/exp_… │ │
│ │                        │                                                 │ │
│ │                        'ckpt_path=/dtu/projects/dbl/foundry/ckpt/rfd3_l… │ │
│ │                        │   'diffusion_batch_size=2',                     │ │
│ │                        │   'n_batches=2',                                │ │
│ │                        │   'inference_engine=rfdiffusion3'               │ │
│ │                        ]                                                 │ │
│ │                  cfg = {'ckpt_path':                                     │ │
│ │                        '/dtu/projects/dbl/foundry/ckpt/rfd3_latest.ckpt… │ │
│ │                        'num_nodes': 1, 'devices_per_node': 1, 'verbose': │ │
│ │                        False, 'seed': None, 'inputs':                    │ │
│ │                        '/work3/marhr/Projects/dbl/CLR_RAMP1/exp_01/conf… │ │
│ │                        'out_dir':                                        │ │
│ │                        '/work3/marhr/Projects/dbl/CLR_RAMP1/exp_01/diff… │ │
│ │                        '_target_': 'rfd3.engine.RFD3InferenceEngine',    │ │
│ │                        'json_keys_subset': None, 'skip_existing': True,  │ │
│ │                        'specification': {}, 'diffusion_batch_size': 2,   │ │
│ │                        'n_batches': 2, 'inference_sampler': {'kind':     │ │
│ │                        'default', 'cfg_features': ['active_donor',       │ │
│ │                        'active_acceptor', 'ref_atomwise_rasa'],          │ │
│ │                        'use_classifier_free_guidance': False,            │ │
│ │                        'cfg_t_max': None, 'cfg_scale': 1.5,              │ │
│ │                        'center_option': 'all', 's_trans': 1.0,           │ │
│ │                        'inference_noise_scaling_factor': 1.0,            │ │
│ │                        'allow_realignment': False, 'num_timesteps': 200, │ │
│ │                        'step_scale': 1.5, 'noise_scale': 1.003, 'p': 7,  │ │
│ │                        'gamma_0': 0.6, 'gamma_min': 1.0,                 │ │
│ │                        's_jitter_origin': 0.0}, 'cleanup_guideposts':    │ │
│ │                        True, 'cleanup_virtual_atoms': True,              │ │
│ │                        'read_sequence_from_sequence_head': True,         │ │
│ │                        'output_full_json': True, 'global_prefix': None,  │ │
│ │                        'dump_prediction_metadata_json': True,            │ │
│ │                        'dump_trajectories': False,                       │ │
│ │                        'align_trajectory_structures': False,             │ │
│ │                        'prevalidate_inputs': False, 'low_memory_mode':   │ │
│ │                        False}                                            │ │
│ │          config_path = '/dtu/projects/dbl/foundry/miniforge3/envs/rfd3/… │ │
│ │                  ctx = <click.core.Context object at 0x7f6e47e3c9b0>     │ │
│ │      dev_config_path = PosixPath('/dtu/projects/dbl/foundry/miniforge3/… │ │
│ │ has_inference_engine = False                                             │ │
│ ╰──────────────────────────────────────────────────────────────────────────╯ │
│                                                                              │
│ /dtu/projects/dbl/foundry/miniforge3/envs/rfd3/lib/python3.12/site-packages/ │
│ hydra/main.py:83 in decorated_main                                           │
│                                                                              │
│    80 │   │   @functools.wraps(task_function)                                │
│    81 │   │   def decorated_main(cfg_passthrough: Optional[DictConfig] = Non │
│    82 │   │   │   if cfg_passthrough is not None:                            │
│ ❱  83 │   │   │   │   return task_function(cfg_passthrough)                  │
│    84 │   │   │   else:                                                      │
│    85 │   │   │   │   args_parser = get_args_parser()                        │
│    86 │   │   │   │   args = args_parser.parse_args()                        │
│                                                                              │
│ ╭───────────────────────────────── locals ─────────────────────────────────╮ │
│ │ cfg_passthrough = {'ckpt_path':                                          │ │
│ │                   '/dtu/projects/dbl/foundry/ckpt/rfd3_latest.ckpt',     │ │
│ │                   'num_nodes': 1, 'devices_per_node': 1, 'verbose':      │ │
│ │                   False, 'seed': None, 'inputs':                         │ │
│ │                   '/work3/marhr/Projects/dbl/CLR_RAMP1/exp_01/configs/C… │ │
│ │                   'out_dir':                                             │ │
│ │                   '/work3/marhr/Projects/dbl/CLR_RAMP1/exp_01/diffusion… │ │
│ │                   '_target_': 'rfd3.engine.RFD3InferenceEngine',         │ │
│ │                   'json_keys_subset': None, 'skip_existing': True,       │ │
│ │                   'specification': {}, 'diffusion_batch_size': 2,        │ │
│ │                   'n_batches': 2, 'inference_sampler': {'kind':          │ │
│ │                   'default', 'cfg_features': ['active_donor',            │ │
│ │                   'active_acceptor', 'ref_atomwise_rasa'],               │ │
│ │                   'use_classifier_free_guidance': False, 'cfg_t_max':    │ │
│ │                   None, 'cfg_scale': 1.5, 'center_option': 'all',        │ │
│ │                   's_trans': 1.0, 'inference_noise_scaling_factor': 1.0, │ │
│ │                   'allow_realignment': False, 'num_timesteps': 200,      │ │
│ │                   'step_scale': 1.5, 'noise_scale': 1.003, 'p': 7,       │ │
│ │                   'gamma_0': 0.6, 'gamma_min': 1.0, 's_jitter_origin':   │ │
│ │                   0.0}, 'cleanup_guideposts': True,                      │ │
│ │                   'cleanup_virtual_atoms': True,                         │ │
│ │                   'read_sequence_from_sequence_head': True,              │ │
│ │                   'output_full_json': True, 'global_prefix': None,       │ │
│ │                   'dump_prediction_metadata_json': True,                 │ │
│ │                   'dump_trajectories': False,                            │ │
│ │                   'align_trajectory_structures': False,                  │ │
│ │                   'prevalidate_inputs': False, 'low_memory_mode': False} │ │
│ │     config_name = 'inference'                                            │ │
│ │     config_path = '/dtu/projects/dbl/foundry/miniforge3/envs/rfd3/lib/p… │ │
│ ╰──────────────────────────────────────────────────────────────────────────╯ │
│                                                                              │
│ /dtu/projects/dbl/foundry/miniforge3/envs/rfd3/lib/python3.12/site-packages/ │
│ rfd3/run_inference.py:39 in run_inference                                    │
│                                                                              │
│   36 │                                                                       │
│   37 │   # Run                                                               │
│   38 │   engine = RFD3InferenceEngine(**RFD3InferenceConfig(**init_cfg_dict) │
│ ❱ 39 │   engine.run(**run_params)                                            │
│   40                                                                         │
│   41                                                                         │
│   42 if __name__ == "__main__":                                              │
│                                                                              │
│ ╭───────────────────────────────── locals ─────────────────────────────────╮ │
│ │            cfg = {'ckpt_path':                                           │ │
│ │                  '/dtu/projects/dbl/foundry/ckpt/rfd3_latest.ckpt',      │ │
│ │                  'num_nodes': 1, 'devices_per_node': 1, 'verbose':       │ │
│ │                  False, 'seed': None, 'inputs':                          │ │
│ │                  '/work3/marhr/Projects/dbl/CLR_RAMP1/exp_01/configs/CL… │ │
│ │                  'out_dir':                                              │ │
│ │                  '/work3/marhr/Projects/dbl/CLR_RAMP1/exp_01/diffusion_… │ │
│ │                  '_target_': 'rfd3.engine.RFD3InferenceEngine',          │ │
│ │                  'json_keys_subset': None, 'skip_existing': True,        │ │
│ │                  'specification': {}, 'diffusion_batch_size': 2,         │ │
│ │                  'n_batches': 2, 'inference_sampler': {'kind':           │ │
│ │                  'default', 'cfg_features': ['active_donor',             │ │
│ │                  'active_acceptor', 'ref_atomwise_rasa'],                │ │
│ │                  'use_classifier_free_guidance': False, 'cfg_t_max':     │ │
│ │                  None, 'cfg_scale': 1.5, 'center_option': 'all',         │ │
│ │                  's_trans': 1.0, 'inference_noise_scaling_factor': 1.0,  │ │
│ │                  'allow_realignment': False, 'num_timesteps': 200,       │ │
│ │                  'step_scale': 1.5, 'noise_scale': 1.003, 'p': 7,        │ │
│ │                  'gamma_0': 0.6, 'gamma_min': 1.0, 's_jitter_origin':    │ │
│ │                  0.0}, 'cleanup_guideposts': True,                       │ │
│ │                  'cleanup_virtual_atoms': True,                          │ │
│ │                  'read_sequence_from_sequence_head': True,               │ │
│ │                  'output_full_json': True, 'global_prefix': None,        │ │
│ │                  'dump_prediction_metadata_json': True,                  │ │
│ │                  'dump_trajectories': False,                             │ │
│ │                  'align_trajectory_structures': False,                   │ │
│ │                  'prevalidate_inputs': False, 'low_memory_mode': False}  │ │
│ │       cfg_dict = {                                                       │ │
│ │                  │   'ckpt_path':                                        │ │
│ │                  '/dtu/projects/dbl/foundry/ckpt/rfd3_latest.ckpt',      │ │
│ │                  │   'num_nodes': 1,                                     │ │
│ │                  │   'devices_per_node': 1,                              │ │
│ │                  │   'verbose': False,                                   │ │
│ │                  │   'seed': None,                                       │ │
│ │                  │   'inputs':                                           │ │
│ │                  '/work3/marhr/Projects/dbl/CLR_RAMP1/exp_01/configs/CL… │ │
│ │                  │   'out_dir':                                          │ │
│ │                  '/work3/marhr/Projects/dbl/CLR_RAMP1/exp_01/diffusion_… │ │
│ │                  │   '_target_': 'rfd3.engine.RFD3InferenceEngine',      │ │
│ │                  │   'json_keys_subset': None,                           │ │
│ │                  │   'skip_existing': True,                              │ │
│ │                  │   ... +14                                             │ │
│ │                  }                                                       │ │
│ │         engine = <rfd3.engine.RFD3InferenceEngine object at              │ │
│ │                  0x7f6d17710470>                                         │ │
│ │  init_cfg_dict = {                                                       │ │
│ │                  │   'ckpt_path':                                        │ │
│ │                  '/dtu/projects/dbl/foundry/ckpt/rfd3_latest.ckpt',      │ │
│ │                  │   'num_nodes': 1,                                     │ │
│ │                  │   'devices_per_node': 1,                              │ │
│ │                  │   'verbose': False,                                   │ │
│ │                  │   'seed': None,                                       │ │
│ │                  │   'json_keys_subset': None,                           │ │
│ │                  │   'skip_existing': True,                              │ │
│ │                  │   'specification': {},                                │ │
│ │                  │   'diffusion_batch_size': 2,                          │ │
│ │                  │   'inference_sampler': {                              │ │
│ │                  │   │   'kind': 'default',                              │ │
│ │                  │   │   'cfg_features': [                               │ │
│ │                  │   │   │   'active_donor',                             │ │
│ │                  │   │   │   'active_acceptor',                          │ │
│ │                  │   │   │   'ref_atomwise_rasa'                         │ │
│ │                  │   │   ],                                              │ │
│ │                  │   │   'use_classifier_free_guidance': False,          │ │
│ │                  │   │   'cfg_t_max': None,                              │ │
│ │                  │   │   'cfg_scale': 1.5,                               │ │
│ │                  │   │   'center_option': 'all',                         │ │
│ │                  │   │   's_trans': 1.0,                                 │ │
│ │                  │   │   'inference_noise_scaling_factor': 1.0,          │ │
│ │                  │   │   'allow_realignment': False,                     │ │
│ │                  │   │   'num_timesteps': 200,                           │ │
│ │                  │   │   ... +6                                          │ │
│ │                  │   },                                                  │ │
│ │                  │   ... +10                                             │ │
│ │                  }                                                       │ │
│ │     run_params = {                                                       │ │
│ │                  │   'inputs':                                           │ │
│ │                  '/work3/marhr/Projects/dbl/CLR_RAMP1/exp_01/configs/CL… │ │
│ │                  │   'out_dir':                                          │ │
│ │                  '/work3/marhr/Projects/dbl/CLR_RAMP1/exp_01/diffusion_… │ │
│ │                  │   'n_batches': 2                                      │ │
│ │                  }                                                       │ │
│ │ run_params_set = {'n_batches', 'out_dir', 'inputs'}                      │ │
│ ╰──────────────────────────────────────────────────────────────────────────╯ │
│                                                                              │
│ /dtu/projects/dbl/foundry/miniforge3/envs/rfd3/lib/python3.12/site-packages/ │
│ rfd3/engine.py:222 in run                                                    │
│                                                                              │
│   219 │   │   )                                                              │
│   220 │   │   # init before                                                  │
│   221 │   │   self.initialize()                                              │
│ ❱ 222 │   │   outputs = self._run_multi(design_specifications)               │
│   223 │   │   return outputs                                                 │
│   224 │                                                                      │
│   225 │   def _set_out_dir(self, out_dir: str | PathLike | None):            │
│                                                                              │
│ ╭───────────────────────────────── locals ─────────────────────────────────╮ │
│ │ design_specifications = {                                                │ │
│ │                         │   'CLR_RAMP1_rfd3_test_CLR_RAMP1_test_0': {    │ │
│ │                         │   │   'dialect': 2,                            │ │
│ │                         │   │   'input':                                 │ │
│ │                         '/work3/marhr/Projects/dbl/CLR_RAMP1/exp_01/inp… │ │
│ │                         │   │   'contig':                                │ │
│ │                         '50-150,/0,B33-54,10,B64-106,3,B110-200,/0,C29-… │ │
│ │                         │   │   'length': '298-398',                     │ │
│ │                         │   │   'redesign_motif_sidechains': False,      │ │
│ │                         │   │   'select_hotspots': {                     │ │
│ │                         │   │   │   'B33': 'NE2',                        │ │
│ │                         │   │   │   'B72': 'NE1,CD1,CD2,CG,CE3,CZ2,CZ3', │ │
│ │                         │   │   │   'B92': 'CD2,CD1,CE1,CE2,CZ'          │ │
│ │                         │   │   },                                       │ │
│ │                         │   │   'select_hbond_donor': {                  │ │
│ │                         │   │   │   'B38': 'NH1,NH2'                     │ │
│ │                         │   │   },                                       │ │
│ │                         │   │   'select_hbond_acceptor': {               │ │
│ │                         │   │   │   'B90': 'OD1,OD2',                    │ │
│ │                         │   │   │   'B94': 'OD1,OD2'                     │ │
│ │                         │   │   },                                       │ │
│ │                         │   │   'infer_ori_strategy': 'hotspots',        │ │
│ │                         │   │   'extra': {                               │ │
│ │                         │   │   │   'example': 'CLR_RAMP1_test',         │ │
│ │                         │   │   │   'task_name':                         │ │
│ │                         'CLR_RAMP1_rfd3_test_CLR_RAMP1_test'             │ │
│ │                         │   │   },                                       │ │
│ │                         │   │   ... +1                                   │ │
│ │                         │   },                                           │ │
│ │                         │   'CLR_RAMP1_rfd3_test_CLR_RAMP1_test_1': {    │ │
│ │                         │   │   'dialect': 2,                            │ │
│ │                         │   │   'input':                                 │ │
│ │                         '/work3/marhr/Projects/dbl/CLR_RAMP1/exp_01/inp… │ │
│ │                         │   │   'contig':                                │ │
│ │                         '50-150,/0,B33-54,10,B64-106,3,B110-200,/0,C29-… │ │
│ │                         │   │   'length': '298-398',                     │ │
│ │                         │   │   'redesign_motif_sidechains': False,      │ │
│ │                         │   │   'select_hotspots': {                     │ │
│ │                         │   │   │   'B33': 'NE2',                        │ │
│ │                         │   │   │   'B72': 'NE1,CD1,CD2,CG,CE3,CZ2,CZ3', │ │
│ │                         │   │   │   'B92': 'CD2,CD1,CE1,CE2,CZ'          │ │
│ │                         │   │   },                                       │ │
│ │                         │   │   'select_hbond_donor': {                  │ │
│ │                         │   │   │   'B38': 'NH1,NH2'                     │ │
│ │                         │   │   },                                       │ │
│ │                         │   │   'select_hbond_acceptor': {               │ │
│ │                         │   │   │   'B90': 'OD1,OD2',                    │ │
│ │                         │   │   │   'B94': 'OD1,OD2'                     │ │
│ │                         │   │   },                                       │ │
│ │                         │   │   'infer_ori_strategy': 'hotspots',        │ │
│ │                         │   │   'extra': {                               │ │
│ │                         │   │   │   'example': 'CLR_RAMP1_test',         │ │
│ │                         │   │   │   'task_name':                         │ │
│ │                         'CLR_RAMP1_rfd3_test_CLR_RAMP1_test'             │ │
│ │                         │   │   },                                       │ │
│ │                         │   │   ... +1                                   │ │
│ │                         │   }                                            │ │
│ │                         }                                                │ │
│ │                inputs = {                                                │ │
│ │                         │   'CLR_RAMP1_rfd3_test_CLR_RAMP1_test': {      │ │
│ │                         │   │   'dialect': 2,                            │ │
│ │                         │   │   'input':                                 │ │
│ │                         '/work3/marhr/Projects/dbl/CLR_RAMP1/exp_01/inp… │ │
│ │                         │   │   'contig':                                │ │
│ │                         '50-150,/0,B33-54,10,B64-106,3,B110-200,/0,C29-… │ │
│ │                         │   │   'length': '298-398',                     │ │
│ │                         │   │   'redesign_motif_sidechains': False,      │ │
│ │                         │   │   'select_hotspots': {                     │ │
│ │                         │   │   │   'B33': 'NE2',                        │ │
│ │                         │   │   │   'B72': 'NE1,CD1,CD2,CG,CE3,CZ2,CZ3', │ │
│ │                         │   │   │   'B92': 'CD2,CD1,CE1,CE2,CZ'          │ │
│ │                         │   │   },                                       │ │
│ │                         │   │   'select_hbond_donor': {                  │ │
│ │                         │   │   │   'B38': 'NH1,NH2'                     │ │
│ │                         │   │   },                                       │ │
│ │                         │   │   'select_hbond_acceptor': {               │ │
│ │                         │   │   │   'B90': 'OD1,OD2',                    │ │
│ │                         │   │   │   'B94': 'OD1,OD2'                     │ │
│ │                         │   │   },                                       │ │
│ │                         │   │   'infer_ori_strategy': 'hotspots',        │ │
│ │                         │   │   'extra': {                               │ │
│ │                         │   │   │   'example': 'CLR_RAMP1_test',         │ │
│ │                         │   │   │   'task_name':                         │ │
│ │                         'CLR_RAMP1_rfd3_test_CLR_RAMP1_test'             │ │
│ │                         │   │   },                                       │ │
│ │                         │   │   ... +1                                   │ │
│ │                         │   }                                            │ │
│ │                         }                                                │ │
│ │             n_batches = 2                                                │ │
│ │               out_dir = '/work3/marhr/Projects/dbl/CLR_RAMP1/exp_01/dif… │ │
│ │                  self = <rfd3.engine.RFD3InferenceEngine object at       │ │
│ │                         0x7f6d17710470>                                  │ │
│ ╰──────────────────────────────────────────────────────────────────────────╯ │
│                                                                              │
│ /dtu/projects/dbl/foundry/miniforge3/envs/rfd3/lib/python3.12/site-packages/ │
│ rfd3/engine.py:257 in _run_multi                                             │
│                                                                              │
│   254 │   │   # Evaluate, using `validation_step`                            │
│   255 │   │   # ============================================================ │
│   256 │   │   outputs = {}                                                   │
│ ❱ 257 │   │   for batch_idx, batch in enumerate(loader):                     │
│   258 │   │   │   pipeline_output = batch[0]                                 │
│   259 │   │   │   example_id = pipeline_output["example_id"]                 │
│   260                                                                        │
│                                                                              │
│ ╭───────────────────────────────── locals ─────────────────────────────────╮ │
│ │           batch = [                                                      │ │
│ │                   │   {                                                  │ │
│ │                   │   │   'example_id':                                  │ │
│ │                   'CLR_RAMP1_rfd3_test_CLR_RAMP1_test_0',                │ │
│ │                   │   │   'feats': {                                     │ │
│ │                   │   │   │   'unindexing_pair_mask': tensor([[False,    │ │
│ │                   False, False,  ..., False, False, False],              │ │
│ │                   │   │   [False, False, False,  ..., False, False,      │ │
│ │                   False],                                                │ │
│ │                   │   │   [False, False, False,  ..., False, False,      │ │
│ │                   False],                                                │ │
│ │                   │   │   ...,                                           │ │
│ │                   │   │   [False, False, False,  ..., False, False,      │ │
│ │                   False],                                                │ │
│ │                   │   │   [False, False, False,  ..., False, False,      │ │
│ │                   False],                                                │ │
│ │                   │   │   [False, False, False,  ..., False, False,      │ │
│ │                   False]], device='cuda:0'),                             │ │
│ │                   │   │   │   'is_motif_token_unindexed': tensor([False, │ │
│ │                   False, False, False, False, False, False, False,       │ │
│ │                   False, False,                                          │ │
│ │                   │   │   False, False, False, False, False, False,      │ │
│ │                   False, False, False, False,                            │ │
│ │                   │   │   False, False, False, False, False, False,      │ │
│ │                   False, False, False, False,                            │ │
│ │                   │   │   False, False, False, False, False, False,      │ │
│ │                   False, False, False, False,                            │ │
│ │                   │   │   False, False, False, False, False, False,      │ │
│ │                   False, False, False, False,                            │ │
│ │                   │   │   False, False, False, False, False, False,      │ │
│ │                   False, False, False, False,                            │ │
│ │                   │   │   False, False, False, False, False, False,      │ │
│ │                   False, False, False, False,                            │ │
│ │                   │   │   False, False, False, False, False, False,      │ │
│ │                   False, False, False, False,                            │ │
│ │                   │   │   False, False, False, False, False, False,      │ │
│ │                   False, False, False, False,                            │ │
│ │                   │   │   False, False, False, False, False, False,      │ │
│ │                   False, False, False, False,                            │ │
│ │                   │   │   False, False, False, False, False, False,      │ │
│ │                   False, False, False, False,                            │ │
│ │                   │   │   False, False, False, False, False, False,      │ │
│ │                   False, False, False, False,                            │ │
│ │                   │   │   False, False, False, False, False, False,      │ │
│ │                   False, False, False, False,                            │ │
│ │                   │   │   False, False, False, False, False, False,      │ │
│ │                   False, False, False, False,                            │ │
│ │                   │   │   False, False, False, False, False, False,      │ │
│ │                   False, False, False, False,                            │ │
│ │                   │   │   False, False, False, False, False, False,      │ │
│ │                   False, False, False, False,                            │ │
│ │                   │   │   False, False, False, False, False, False,      │ │
│ │                   False, False, False, False,                            │ │
│ │                   │   │   False, False, False, False, False, False,      │ │
│ │                   False, False, False, False,                            │ │
│ │                   │   │   False, False, False, False, False, False,      │ │
│ │                   False, False, False, False,                            │ │
│ │                   │   │   False, False, False, False, False, False,      │ │
│ │                   False, False, False, False,                            │ │
│ │                   │   │   False, False, False, False, False, False,      │ │
│ │                   False, False, False, False,                            │ │
│ │                   │   │   False, False, False, False, False, False,      │ │
│ │                   False, False, False, False,                            │ │
│ │                   │   │   False, False, False, False, False, False,      │ │
│ │                   False, False, False, False,                            │ │
│ │                   │   │   False, False, False, False, False, False,      │ │
│ │                   False, False, False, False,                            │ │
│ │                   │   │   False, False, False, False, False, False,      │ │
│ │                   False, False, False, False,                            │ │
│ │                   │   │   False, False, False, False, False, False,      │ │
│ │                   False, False, False, False,                            │ │
│ │                   │   │   False, False, False, False, False, False,      │ │
│ │                   False, False, False, False,                            │ │
│ │                   │   │   False, False, False, False, False, False,      │ │
│ │                   False, False, False, False,                            │ │
│ │                   │   │   False, False, False, False, False, False,      │ │
│ │                   False, False, False, False,                            │ │
│ │                   │   │   False, False, False, False, False, False,      │ │
│ │                   False, False, False, False,                            │ │
│ │                   │   │   False, False, False, False, False, False,      │ │
│ │                   False, False, False, False,                            │ │
│ │                   │   │   False, False, False, False, False, False,      │ │
│ │                   False, False, False, False,                            │ │
│ │                   │   │   False, False, False, False, False, False,      │ │
│ │                   False, False, False, False,                            │ │
│ │                   │   │   False, False, False, False, False, False,      │ │
│ │                   False, False, False, False,                            │ │
│ │                   │   │   False, False, False, False, False, False,      │ │
│ │                   False, False, False, False,                            │ │
│ │                   │   │   False, False, False, False, False, False,      │ │
│ │                   False, False, False, False,                            │ │
│ │                   │   │   False, False, False, False, False, False,      │ │
│ │                   False, False, False, False,                            │ │
│ │                   │   │   False, False, False, False, False, False,      │ │
│ │                   False, False, False, False,                            │ │
│ │                   │   │   False, False, False], device='cuda:0'),        │ │
│ │                   │   │   │   'residue_index': tensor([  0,   1,   2,    │ │
│ │                   3,   4,   5,   6,   7,   8,   9,  10,  11,  12,  13,   │ │
│ │                   │   │    14,  15,  16,  17,  18,  19,  20,  21,  22,   │ │
│ │                   23,  24,  25,  26,  27,                                │ │
│ │                   │   │    28,  29,  30,  31,  32,  33,  34,  35,  36,   │ │
│ │                   37,  38,  39,  40,  41,                                │ │
│ │                   │   │    42,  43,  44,  45,  46,  47,  48,  49,  50,   │ │
│ │                   51,  52,  53,  54,  55,                                │ │
│ │                   │   │    56,  57,  58,  59,  60,  61,  62,  63,  64,   │ │
│ │                   65,  66,  67,  68,  69,                                │ │
│ │                   │   │    70,  71,  72,  73,  74,  75,  76,  77,  78,   │ │
│ │                   79,  80,  81,  82,  83,                                │ │
│ │                   │   │    84,  85,  86,  87,  88,  89,  90,  91,  92,   │ │
│ │                   93,  94,  95,  96,  97,                                │ │
│ │                   │   │    98,  99, 100, 101, 102, 103, 104, 105, 106,   │ │
│ │                   107, 108, 109, 110, 111,                               │ │
│ │                   │   │   112, 113, 114, 115, 116, 117, 118, 119, 120,   │ │
│ │                   121,   0,   1,   2,   3,                               │ │
│ │                   │   │     4,   5,   6,   7,   8,   9,  10,  11,  12,   │ │
│ │                   13,  14,  15,  16,  17,                                │ │
│ │                   │   │    18,  19,  20,  21,  22,  23,  24,  25,  26,   │ │
│ │                   27,  28,  29,  30,  31,                                │ │
│ │                   │   │    32,  33,  34,  35,  36,  37,  38,  39,  40,   │ │
│ │                   41,  42,  43,  44,  45,                                │ │
│ │                   │   │    46,  47,  48,  49,  50,  51,  52,  53,  54,   │ │
│ │                   55,  56,  57,  58,  59,                                │ │
│ │                   │   │    60,  61,  62,  63,  64,  65,  66,  67,  68,   │ │
│ │                   69,  70,  71,  72,  73,                                │ │
│ │                   │   │    74,  75,  76,  77,  78,  79,  80,  81,  82,   │ │
│ │                   83,  84,  85,  86,  87,                                │ │
│ │                   │   │    88,  89,  90,  91,  92,  93,  94,  95,  96,   │ │
│ │                   97,  98,  99, 100, 101,                                │ │
│ │                   │   │   102, 103, 104, 105, 106, 107, 108, 109, 110,   │ │
│ │                   111, 112, 113, 114, 115,                               │ │
│ │                   │   │   116, 117, 118, 119, 120, 121, 122, 123, 124,   │ │
│ │                   125, 126, 127, 128, 129,                               │ │
│ │                   │   │   130, 131, 132, 133, 134, 135, 136, 137, 138,   │ │
│ │                   139, 140, 141, 142, 143,                               │ │
│ │                   │   │   144, 145, 146, 147, 148, 149, 150, 151, 152,   │ │
│ │                   153, 154, 155, 156, 157,                               │ │
│ │                   │   │   158, 159, 160, 161, 162, 163, 164, 165, 166,   │ │
│ │                   167, 168,   0,   1,   2,                               │ │
│ │                   │   │     3,   4,   5,   6,   7,   8,   9,  10,  11,   │ │
│ │                   12,  13,  14,  15,  16,                                │ │
│ │                   │   │    17,  18,  19,  20,  21,  22,  23,  24,  25,   │ │
│ │                   26,  27,  28,  29,  30,                                │ │
│ │                   │   │    31,  32,  33,  34,  35,  36,  37,  38,  39,   │ │
│ │                   40,  41,  42,  43,  44,                                │ │
│ │                   │   │    45,  46,  47,  48,  49,  50,  51,  52,  53,   │ │
│ │                   54,  55,  56,  57,  58,                                │ │
│ │                   │   │    59,  60,  61,  62,  63,  64,  65,  66,  67,   │ │
│ │                   68,  69,  70,  71,  72,                                │ │
│ │                   │   │    73,  74,  75,  76,  77,  78,  79,  80,  81,   │ │
│ │                   82,  83,  84,  85,  86,                                │ │
│ │                   │   │    87,  88,  89,  90,  91], device='cuda:0',     │ │
│ │                   dtype=torch.int32),                                    │ │
│ │                   │   │   │   'token_index': tensor([  0,   1,   2,   3, │ │
│ │                   4,   5,   6,   7,   8,   9,  10,  11,  12,  13,        │ │
│ │                   │   │    14,  15,  16,  17,  18,  19,  20,  21,  22,   │ │
│ │                   23,  24,  25,  26,  27,                                │ │
│ │                   │   │    28,  29,  30,  31,  32,  33,  34,  35,  36,   │ │
│ │                   37,  38,  39,  40,  41,                                │ │
│ │                   │   │    42,  43,  44,  45,  46,  47,  48,  49,  50,   │ │
│ │                   51,  52,  53,  54,  55,                                │ │
│ │                   │   │    56,  57,  58,  59,  60,  61,  62,  63,  64,   │ │
│ │                   65,  66,  67,  68,  69,                                │ │
│ │                   │   │    70,  71,  72,  73,  74,  75,  76,  77,  78,   │ │
│ │                   79,  80,  81,  82,  83,                                │ │
│ │                   │   │    84,  85,  86,  87,  88,  89,  90,  91,  92,   │ │
│ │                   93,  94,  95,  96,  97,                                │ │
│ │                   │   │    98,  99, 100, 101, 102, 103, 104, 105, 106,   │ │
│ │                   107, 108, 109, 110, 111,                               │ │
│ │                   │   │   112, 113, 114, 115, 116, 117, 118, 119, 120,   │ │
│ │                   121, 122, 123, 124, 125,                               │ │
│ │                   │   │   126, 127, 128, 129, 130, 131, 132, 133, 134,   │ │
│ │                   135, 136, 137, 138, 139,                               │ │
│ │                   │   │   140, 141, 142, 143, 144, 145, 146, 147, 148,   │ │
│ │                   149, 150, 151, 152, 153,                               │ │
│ │                   │   │   154, 155, 156, 157, 158, 159, 160, 161, 162,   │ │
│ │                   163, 164, 165, 166, 167,                               │ │
│ │                   │   │   168, 169, 170, 171, 172, 173, 174, 175, 176,   │ │
│ │                   177, 178, 179, 180, 181,                               │ │
│ │                   │   │   182, 183, 184, 185, 186, 187, 188, 189, 190,   │ │
│ │                   191, 192, 193, 194, 195,                               │ │
│ │                   │   │   196, 197, 198, 199, 200, 201, 202, 203, 204,   │ │
│ │                   205, 206, 207, 208, 209,                               │ │
│ │                   │   │   210, 211, 212, 213, 214, 215, 216, 217, 218,   │ │
│ │                   219, 220, 221, 222, 223,                               │ │
│ │                   │   │   224, 225, 226, 227, 228, 229, 230, 231, 232,   │ │
│ │                   233, 234, 235, 236, 237,                               │ │
│ │                   │   │   238, 239, 240, 241, 242, 243, 244, 245, 246,   │ │
│ │                   247, 248, 249, 250, 251,                               │ │
│ │                   │   │   252, 253, 254, 255, 256, 257, 258, 259, 260,   │ │
│ │                   261, 262, 263, 264, 265,                               │ │
│ │                   │   │   266, 267, 268, 269, 270, 271, 272, 273, 274,   │ │
│ │                   275, 276, 277, 278, 279,                               │ │
│ │                   │   │   280, 281, 282, 283, 284, 285, 286, 287, 288,   │ │
│ │                   289, 290, 291, 292, 293,                               │ │
│ │                   │   │   294, 295, 296, 297, 298, 299, 300, 301, 302,   │ │
│ │                   303, 304, 305, 306, 307,                               │ │
│ │                   │   │   308, 309, 310, 311, 312, 313, 314, 315, 316,   │ │
│ │                   317, 318, 319, 320, 321,                               │ │
│ │                   │   │   322, 323, 324, 325, 326, 327, 328, 329, 330,   │ │
│ │                   331, 332, 333, 334, 335,                               │ │
│ │                   │   │   336, 337, 338, 339, 340, 341, 342, 343, 344,   │ │
│ │                   345, 346, 347, 348, 349,                               │ │
│ │                   │   │   350, 351, 352, 353, 354, 355, 356, 357, 358,   │ │
│ │                   359, 360, 361, 362, 363,                               │ │
│ │                   │   │   364, 365, 366, 367, 368, 369, 370, 371, 372,   │ │
│ │                   373, 374, 375, 376, 377,                               │ │
│ │                   │   │   378, 379, 380, 381, 382], device='cuda:0'),    │ │
│ │                   │   │   │   'asym_id': tensor([0, 0, 0, 0, 0, 0, 0, 0, │ │
│ │                   0, 0, 0, 0, 0, 0, 0, 0, 0, 0, 0, 0, 0, 0, 0, 0,        │ │
│ │                   │   │   0, 0, 0, 0, 0, 0, 0, 0, 0, 0, 0, 0, 0, 0, 0,   │ │
│ │                   0, 0, 0, 0, 0, 0, 0, 0, 0,                             │ │
│ │                   │   │   0, 0, 0, 0, 0, 0, 0, 0, 0, 0, 0, 0, 0, 0, 0,   │ │
│ │                   0, 0, 0, 0, 0, 0, 0, 0, 0,                             │ │
│ │                   │   │   0, 0, 0, 0, 0, 0, 0, 0, 0, 0, 0, 0, 0, 0, 0,   │ │
│ │                   0, 0, 0, 0, 0, 0, 0, 0, 0,                             │ │
│ │                   │   │   0, 0, 0, 0, 0, 0, 0, 0, 0, 0, 0, 0, 0, 0, 0,   │ │
│ │                   0, 0, 0, 0, 0, 0, 0, 0, 0,                             │ │
│ │                   │   │   0, 0, 1, 1, 1, 1, 1, 1, 1, 1, 1, 1, 1, 1, 1,   │ │
│ │                   1, 1, 1, 1, 1, 1, 1, 1, 1,                             │ │
│ │                   │   │   1, 1, 1, 1, 1, 1, 1, 1, 1, 1, 1, 1, 1, 1, 1,   │ │
│ │                   1, 1, 1, 1, 1, 1, 1, 1, 1,                             │ │
│ │                   │   │   1, 1, 1, 1, 1, 1, 1, 1, 1, 1, 1, 1, 1, 1, 1,   │ │
│ │                   1, 1, 1, 1, 1, 1, 1, 1, 1,                             │ │
│ │                   │   │   1, 1, 1, 1, 1, 1, 1, 1, 1, 1, 1, 1, 1, 1, 1,   │ │
│ │                   1, 1, 1, 1, 1, 1, 1, 1, 1,                             │ │
│ │                   │   │   1, 1, 1, 1, 1, 1, 1, 1, 1, 1, 1, 1, 1, 1, 1,   │ │
│ │                   1, 1, 1, 1, 1, 1, 1, 1, 1,                             │ │
│ │                   │   │   1, 1, 1, 1, 1, 1, 1, 1, 1, 1, 1, 1, 1, 1, 1,   │ │
│ │                   1, 1, 1, 1, 1, 1, 1, 1, 1,                             │ │
│ │                   │   │   1, 1, 1, 1, 1, 1, 1, 1, 1, 1, 1, 1, 1, 1, 1,   │ │
│ │                   1, 1, 1, 1, 1, 1, 1, 1, 1,                             │ │
│ │                   │   │   1, 1, 1, 2, 2, 2, 2, 2, 2, 2, 2, 2, 2, 2, 2,   │ │
│ │                   2, 2, 2, 2, 2, 2, 2, 2, 2,                             │ │
│ │                   │   │   2, 2, 2, 2, 2, 2, 2, 2, 2, 2, 2, 2, 2, 2, 2,   │ │
│ │                   2, 2, 2, 2, 2, 2, 2, 2, 2,                             │ │
│ │                   │   │   2, 2, 2, 2, 2, 2, 2, 2, 2, 2, 2, 2, 2, 2, 2,   │ │
│ │                   2, 2, 2, 2, 2, 2, 2, 2, 2,                             │ │
│ │                   │   │   2, 2, 2, 2, 2, 2, 2, 2, 2, 2, 2, 2, 2, 2, 2,   │ │
│ │                   2, 2, 2, 2, 2, 2, 2, 2],                               │ │
│ │                   │      device='cuda:0'),                               │ │
│ │                   │   │   │   'entity_id': tensor([0, 0, 0, 0, 0, 0, 0,  │ │
│ │                   0, 0, 0, 0, 0, 0, 0, 0, 0, 0, 0, 0, 0, 0, 0, 0, 0,     │ │
│ │                   │   │   0, 0, 0, 0, 0, 0, 0, 0, 0, 0, 0, 0, 0, 0, 0,   │ │
│ │                   0, 0, 0, 0, 0, 0, 0, 0, 0,                             │ │
│ │                   │   │   0, 0, 0, 0, 0, 0, 0, 0, 0, 0, 0, 0, 0, 0, 0,   │ │
│ │                   0, 0, 0, 0, 0, 0, 0, 0, 0,                             │ │
│ │                   │   │   0, 0, 0, 0, 0, 0, 0, 0, 0, 0, 0, 0, 0, 0, 0,   │ │
│ │                   0, 0, 0, 0, 0, 0, 0, 0, 0,                             │ │
│ │                   │   │   0, 0, 0, 0, 0, 0, 0, 0, 0, 0, 0, 0, 0, 0, 0,   │ │
│ │                   0, 0, 0, 0, 0, 0, 0, 0, 0,                             │ │
│ │                   │   │   0, 0, 1, 1, 1, 1, 1, 1, 1, 1, 1, 1, 1, 1, 1,   │ │
│ │                   1, 1, 1, 1, 1, 1, 1, 1, 1,                             │ │
│ │                   │   │   1, 1, 1, 1, 1, 1, 1, 1, 1, 1, 1, 1, 1, 1, 1,   │ │
│ │                   1, 1, 1, 1, 1, 1, 1, 1, 1,                             │ │
│ │                   │   │   1, 1, 1, 1, 1, 1, 1, 1, 1, 1, 1, 1, 1, 1, 1,   │ │
│ │                   1, 1, 1, 1, 1, 1, 1, 1, 1,                             │ │
│ │                   │   │   1, 1, 1, 1, 1, 1, 1, 1, 1, 1, 1, 1, 1, 1, 1,   │ │
│ │                   1, 1, 1, 1, 1, 1, 1, 1, 1,                             │ │
│ │                   │   │   1, 1, 1, 1, 1, 1, 1, 1, 1, 1, 1, 1, 1, 1, 1,   │ │
│ │                   1, 1, 1, 1, 1, 1, 1, 1, 1,                             │ │
│ │                   │   │   1, 1, 1, 1, 1, 1, 1, 1, 1, 1, 1, 1, 1, 1, 1,   │ │
│ │                   1, 1, 1, 1, 1, 1, 1, 1, 1,                             │ │
│ │                   │   │   1, 1, 1, 1, 1, 1, 1, 1, 1, 1, 1, 1, 1, 1, 1,   │ │
│ │                   1, 1, 1, 1, 1, 1, 1, 1, 1,                             │ │
│ │                   │   │   1, 1, 1, 2, 2, 2, 2, 2, 2, 2, 2, 2, 2, 2, 2,   │ │
│ │                   2, 2, 2, 2, 2, 2, 2, 2, 2,                             │ │
│ │                   │   │   2, 2, 2, 2, 2, 2, 2, 2, 2, 2, 2, 2, 2, 2, 2,   │ │
│ │                   2, 2, 2, 2, 2, 2, 2, 2, 2,                             │ │
│ │                   │   │   2, 2, 2, 2, 2, 2, 2, 2, 2, 2, 2, 2, 2, 2, 2,   │ │
│ │                   2, 2, 2, 2, 2, 2, 2, 2, 2,                             │ │
│ │                   │   │   2, 2, 2, 2, 2, 2, 2, 2, 2, 2, 2, 2, 2, 2, 2,   │ │
│ │                   2, 2, 2, 2, 2, 2, 2, 2],                               │ │
│ │                   │      device='cuda:0'),                               │ │
│ │                   │   │   │   'sym_id': tensor([0, 0, 0, 0, 0, 0, 0, 0,  │ │
│ │                   0, 0, 0, 0, 0, 0, 0, 0, 0, 0, 0, 0, 0, 0, 0, 0,        │ │
│ │                   │   │   0, 0, 0, 0, 0, 0, 0, 0, 0, 0, 0, 0, 0, 0, 0,   │ │
│ │                   0, 0, 0, 0, 0, 0, 0, 0, 0,                             │ │
│ │                   │   │   0, 0, 0, 0, 0, 0, 0, 0, 0, 0, 0, 0, 0, 0, 0,   │ │
│ │                   0, 0, 0, 0, 0, 0, 0, 0, 0,                             │ │
│ │                   │   │   0, 0, 0, 0, 0, 0, 0, 0, 0, 0, 0, 0, 0, 0, 0,   │ │
│ │                   0, 0, 0, 0, 0, 0, 0, 0, 0,                             │ │
│ │                   │   │   0, 0, 0, 0, 0, 0, 0, 0, 0, 0, 0, 0, 0, 0, 0,   │ │
│ │                   0, 0, 0, 0, 0, 0, 0, 0, 0,                             │ │
│ │                   │   │   0, 0, 0, 0, 0, 0, 0, 0, 0, 0, 0, 0, 0, 0, 0,   │ │
│ │                   0, 0, 0, 0, 0, 0, 0, 0, 0,                             │ │
│ │                   │   │   0, 0, 0, 0, 0, 0, 0, 0, 0, 0, 0, 0, 0, 0, 0,   │ │
│ │                   0, 0, 0, 0, 0, 0, 0, 0, 0,                             │ │
│ │                   │   │   0, 0, 0, 0, 0, 0, 0, 0, 0, 0, 0, 0, 0, 0, 0,   │ │
│ │                   0, 0, 0, 0, 0, 0, 0, 0, 0,                             │ │
│ │                   │   │   0, 0, 0, 0, 0, 0, 0, 0, 0, 0, 0, 0, 0, 0, 0,   │ │
│ │                   0, 0, 0, 0, 0, 0, 0, 0, 0,                             │ │
│ │                   │   │   0, 0, 0, 0, 0, 0, 0, 0, 0, 0, 0, 0, 0, 0, 0,   │ │
│ │                   0, 0, 0, 0, 0, 0, 0, 0, 0,                             │ │
│ │                   │   │   0, 0, 0, 0, 0, 0, 0, 0, 0, 0, 0, 0, 0, 0, 0,   │ │
│ │                   0, 0, 0, 0, 0, 0, 0, 0, 0,                             │ │
│ │                   │   │   0, 0, 0, 0, 0, 0, 0, 0, 0, 0, 0, 0, 0, 0, 0,   │ │
│ │                   0, 0, 0, 0, 0, 0, 0, 0, 0,                             │ │
│ │                   │   │   0, 0, 0, 0, 0, 0, 0, 0, 0, 0, 0, 0, 0, 0, 0,   │ │
│ │                   0, 0, 0, 0, 0, 0, 0, 0, 0,                             │ │
│ │                   │   │   0, 0, 0, 0, 0, 0, 0, 0, 0, 0, 0, 0, 0, 0, 0,   │ │
│ │                   0, 0, 0, 0, 0, 0, 0, 0, 0,                             │ │
│ │                   │   │   0, 0, 0, 0, 0, 0, 0, 0, 0, 0, 0, 0, 0, 0, 0,   │ │
│ │                   0, 0, 0, 0, 0, 0, 0, 0, 0,                             │ │
│ │                   │   │   0, 0, 0, 0, 0, 0, 0, 0, 0, 0, 0, 0, 0, 0, 0,   │ │
│ │                   0, 0, 0, 0, 0, 0, 0, 0],                               │ │
│ │                   │      device='cuda:0', dtype=torch.int32),            │ │
│ │                   │   │   │   'restype': tensor([[0, 0, 0,  ..., 0, 0,   │ │
│ │                   1],                                                    │ │
│ │                   │   │   [0, 0, 0,  ..., 0, 0, 1],                      │ │
│ │                   │   │   [0, 0, 0,  ..., 0, 0, 1],                      │ │
│ │                   │   │   ...,                                           │ │
│ │                   │   │   [0, 0, 0,  ..., 0, 0, 0],                      │ │
│ │                   │   │   [0, 0, 0,  ..., 0, 0, 0],                      │ │
│ │                   │   │   [0, 0, 0,  ..., 0, 0, 0]], device='cuda:0'),   │ │
│ │                   │   │   │   'is_protein': tensor([True, True, True,    │ │
│ │                   True, True, True, True, True, True, True, True, True,  │ │
│ │                   │   │   True, True, True, True, True, True, True,      │ │
│ │                   True, True, True, True, True,                          │ │
│ │                   │   │   True, True, True, True, True, True, True,      │ │
│ │                   True, True, True, True, True,                          │ │
│ │                   │   │   True, True, True, True, True, True, True,      │ │
│ │                   True, True, True, True, True,                          │ │
│ │                   │   │   True, True, True, True, True, True, True,      │ │
│ │                   True, True, True, True, True,                          │ │
│ │                   │   │   True, True, True, True, True, True, True,      │ │
│ │                   True, True, True, True, True,                          │ │
│ │                   │   │   True, True, True, True, True, True, True,      │ │
│ │                   True, True, True, True, True,                          │ │
│ │                   │   │   True, True, True, True, True, True, True,      │ │
│ │                   True, True, True, True, True,                          │ │
│ │                   │   │   True, True, True, True, True, True, True,      │ │
│ │                   True, True, True, True, True,                          │ │
│ │                   │   │   True, True, True, True, True, True, True,      │ │
│ │                   True, True, True, True, True,                          │ │
│ │                   │   │   True, True, True, True, True, True, True,      │ │
│ │                   True, True, True, True, True,                          │ │
│ │                   │   │   True, True, True, True, True, True, True,      │ │
│ │                   True, True, True, True, True,                          │ │
│ │                   │   │   True, True, True, True, True, True, True,      │ │
│ │                   True, True, True, True, True,                          │ │
│ │                   │   │   True, True, True, True, True, True, True,      │ │
│ │                   True, True, True, True, True,                          │ │
│ │                   │   │   True, True, True, True, True, True, True,      │ │
│ │                   True, True, True, True, True,                          │ │
│ │                   │   │   True, True, True, True, True, True, True,      │ │
│ │                   True, True, True, True, True,                          │ │
│ │                   │   │   True, True, True, True, True, True, True,      │ │
│ │                   True, True, True, True, True,                          │ │
│ │                   │   │   True, True, True, True, True, True, True,      │ │
│ │                   True, True, True, True, True,                          │ │
│ │                   │   │   True, True, True, True, True, True, True,      │ │
│ │                   True, True, True, True, True,                          │ │
│ │                   │   │   True, True, True, True, True, True, True,      │ │
│ │                   True, True, True, True, True,                          │ │
│ │                   │   │   True, True, True, True, True, True, True,      │ │
│ │                   True, True, True, True, True,                          │ │
│ │                   │   │   True, True, True, True, True, True, True,      │ │
│ │                   True, True, True, True, True,                          │ │
│ │                   │   │   True, True, True, True, True, True, True,      │ │
│ │                   True, True, True, True, True,                          │ │
│ │                   │   │   True, True, True, True, True, True, True,      │ │
│ │                   True, True, True, True, True,                          │ │
│ │                   │   │   True, True, True, True, True, True, True,      │ │
│ │                   True, True, True, True, True,                          │ │
│ │                   │   │   True, True, True, True, True, True, True,      │ │
│ │                   True, True, True, True, True,                          │ │
│ │                   │   │   True, True, True, True, True, True, True,      │ │
│ │                   True, True, True, True, True,                          │ │
│ │                   │   │   True, True, True, True, True, True, True,      │ │
│ │                   True, True, True, True, True,                          │ │
│ │                   │   │   True, True, True, True, True, True, True,      │ │
│ │                   True, True, True, True, True,                          │ │
│ │                   │   │   True, True, True, True, True, True, True,      │ │
│ │                   True, True, True, True, True,                          │ │
│ │                   │   │   True, True, True, True, True, True, True,      │ │
│ │                   True, True, True, True, True,                          │ │
│ │                   │   │   True, True, True, True, True, True, True,      │ │
│ │                   True, True, True, True],                               │ │
│ │                   │      device='cuda:0'),                               │ │
│ │                   │   │   │   'is_rna': tensor([False, False, False,     │ │
│ │                   False, False, False, False, False, False, False,       │ │
│ │                   │   │   False, False, False, False, False, False,      │ │
│ │                   False, False, False, False,                            │ │
│ │                   │   │   False, False, False, False, False, False,      │ │
│ │                   False, False, False, False,                            │ │
│ │                   │   │   False, False, False, False, False, False,      │ │
│ │                   False, False, False, False,                            │ │
│ │                   │   │   False, False, False, False, False, False,      │ │
│ │                   False, False, False, False,                            │ │
│ │                   │   │   False, False, False, False, False, False,      │ │
│ │                   False, False, False, False,                            │ │
│ │                   │   │   False, False, False, False, False, False,      │ │
│ │                   False, False, False, False,                            │ │
│ │                   │   │   False, False, False, False, False, False,      │ │
│ │                   False, False, False, False,                            │ │
│ │                   │   │   False, False, False, False, False, False,      │ │
│ │                   False, False, False, False,                            │ │
│ │                   │   │   False, False, False, False, False, False,      │ │
│ │                   False, False, False, False,                            │ │
│ │                   │   │   False, False, False, False, False, False,      │ │
│ │                   False, False, False, False,                            │ │
│ │                   │   │   False, False, False, False, False, False,      │ │
│ │                   False, False, False, False,                            │ │
│ │                   │   │   False, False, False, False, False, False,      │ │
│ │                   False, False, False, False,                            │ │
│ │                   │   │   False, False, False, False, False, False,      │ │
│ │                   False, False, False, False,                            │ │
│ │                   │   │   False, False, False, False, False, False,      │ │
│ │                   False, False, False, False,                            │ │
│ │                   │   │   False, False, False, False, False, False,      │ │
│ │                   False, False, False, False,                            │ │
│ │                   │   │   False, False, False, False, False, False,      │ │
│ │                   False, False, False, False,                            │ │
│ │                   │   │   False, False, False, False, False, False,      │ │
│ │                   False, False, False, False,                            │ │
│ │                   │   │   False, False, False, False, False, False,      │ │
│ │                   False, False, False, False,                            │ │
│ │                   │   │   False, False, False, False, False, False,      │ │
│ │                   False, False, False, False,                            │ │
│ │                   │   │   False, False, False, False, False, False,      │ │
│ │                   False, False, False, False,                            │ │
│ │                   │   │   False, False, False, False, False, False,      │ │
│ │                   False, False, False, False,                            │ │
│ │                   │   │   False, False, False, False, False, False,      │ │
│ │                   False, False, False, False,                            │ │
│ │                   │   │   False, False, False, False, False, False,      │ │
│ │                   False, False, False, False,                            │ │
│ │                   │   │   False, False, False, False, False, False,      │ │
│ │                   False, False, False, False,                            │ │
│ │                   │   │   False, False, False, False, False, False,      │ │
│ │                   False, False, False, False,                            │ │
│ │                   │   │   False, False, False, False, False, False,      │ │
│ │                   False, False, False, False,                            │ │
│ │                   │   │   False, False, False, False, False, False,      │ │
│ │                   False, False, False, False,                            │ │
│ │                   │   │   False, False, False, False, False, False,      │ │
│ │                   False, False, False, False,                            │ │
│ │                   │   │   False, False, False, False, False, False,      │ │
│ │                   False, False, False, False,                            │ │
│ │                   │   │   False, False, False, False, False, False,      │ │
│ │                   False, False, False, False,                            │ │
│ │                   │   │   False, False, False, False, False, False,      │ │
│ │                   False, False, False, False,                            │ │
│ │                   │   │   False, False, False, False, False, False,      │ │
│ │                   False, False, False, False,                            │ │
│ │                   │   │   False, False, False, False, False, False,      │ │
│ │                   False, False, False, False,                            │ │
│ │                   │   │   False, False, False, False, False, False,      │ │
│ │                   False, False, False, False,                            │ │
│ │                   │   │   False, False, False, False, False, False,      │ │
│ │                   False, False, False, False,                            │ │
│ │                   │   │   False, False, False, False, False, False,      │ │
│ │                   False, False, False, False,                            │ │
│ │                   │   │   False, False, False, False, False, False,      │ │
│ │                   False, False, False, False,                            │ │
│ │                   │   │   False, False, False], device='cuda:0'),        │ │
│ │                   │   │   │   ... +33                                    │ │
│ │                   │   │   },                                             │ │
│ │                   │   │   't': tensor([4.6419, 1.7693],                  │ │
│ │                   device='cuda:0'),                                      │ │
│ │                   │   │   'noise': tensor([[[-7.2211, -1.3798,  2.1308], │ │
│ │                   │   │    [-3.3412,  3.4681,  0.0117],                  │ │
│ │                   │   │    [ 7.3602,  3.6625,  3.4436],                  │ │
│ │                   │   │    ...,                                          │ │
│ │                   │   │    [ 0.0000,  0.0000,  0.0000],                  │ │
│ │                   │   │    [ 0.0000,  0.0000,  0.0000],                  │ │
│ │                   │   │    [ 0.0000,  0.0000,  0.0000]],                 │ │
│ │                   │   │                                                  │ │
│ │                   │   │   [[ 3.1901, -1.9906, -0.9654],                  │ │
│ │                   │   │    [-0.9391,  0.8955,  1.6390],                  │ │
│ │                   │   │    [ 1.2931,  1.4047,  1.6822],                  │ │
│ │                   │   │    ...,                                          │ │
│ │                   │   │    [ 0.0000,  0.0000,  0.0000],                  │ │
│ │                   │   │    [ 0.0000,  0.0000,  0.0000],                  │ │
│ │                   │   │    [ 0.0000,  0.0000,  0.0000]]],                │ │
│ │                   device='cuda:0'),                                      │ │
│ │                   │   │   'ground_truth': {                              │ │
│ │                   │   │   │   'is_original_unindexed_token':             │ │
│ │                   tensor([False, False, False,  ..., False, False,       │ │
│ │                   False], device='cuda:0'),                              │ │
│ │                   │   │   │   'sequence_gt_I': tensor([ 0,  0,  0,  0,   │ │
│ │                   0,  0,  0,  0,  0,  0,  0,  0,  0,  0,  0,  0,  0,  0, │ │
│ │                   │   │    0,  0,  0,  0,  0,  0,  0,  0,  0,  0,  0,    │ │
│ │                   0,  0,  0,  0,  0,  0,  0,                             │ │
│ │                   │   │    0,  0,  0,  0,  0,  0,  0,  0,  0,  0,  0,    │ │
│ │                   0,  0,  0,  0,  0,  0,  0,                             │ │
│ │                   │   │    0,  0,  0,  0,  0,  0,  0,  0,  0,  0,  0,    │ │
│ │                   0,  0,  0,  0,  0,  0,  0,                             │ │
│ │                   │   │    0,  0,  0,  0,  0,  0,  0,  0,  0,  0,  0,    │ │
│ │                   0,  0,  0,  0,  0,  0,  0,                             │ │
│ │                   │   │    0,  0,  0,  0,  0,  0,  0,  0,  0,  0,  0,    │ │
│ │                   0,  0,  0,  0,  0,  0,  0,                             │ │
│ │                   │   │    0,  0,  0,  0,  0,  0,  0,  0,  0,  0,  0,    │ │
│ │                   0,  0,  0,  5, 10,  7, 19,                             │ │
│ │                   │   │   16,  1,  2, 11,  9, 12, 16,  0,  5, 18,  6,    │ │
│ │                   4, 18,  5, 11,  9, 12,  5,                             │ │
│ │                   │   │    0,  0,  0,  0,  0,  0,  0,  0,  0,  0, 18,    │ │
│ │                   4,  2,  1, 16, 17,  3,  7,                             │ │
│ │                   │   │   17, 10,  4, 17,  2,  3, 19,  0,  0,  7, 16,    │ │
│ │                   6, 15, 12,  5, 10,  4, 14,                             │ │
│ │                   │   │    3, 18, 13,  5,  3, 13,  3, 14, 15,  6, 11,    │ │
│ │                   19, 16, 11,  9,  4,  3,  0,                            │ │
│ │                   │   │    0,  0,  2, 17, 13,  1,  8, 14,  0, 15,  2,    │ │
│ │                   1, 16, 17, 16,  2, 18, 16,                             │ │
│ │                   │   │    5,  4,  2, 19,  2, 16,  8,  6, 11, 19, 11,    │ │
│ │                   16,  0, 10,  2, 10, 13, 18,                            │ │
│ │                   │   │   10, 16,  9,  9,  7,  8,  7, 10, 15,  9,  0,    │ │
│ │                   15, 10, 10,  9, 15, 10,  7,                            │ │
│ │                   │   │    9, 13, 13, 18, 13, 11, 15, 10, 15,  4,  5,    │ │
│ │                   1,  9, 16, 10,  8, 11,  2,                             │ │
│ │                   │   │   10, 13, 13, 15, 13, 19,  4,  2, 15, 19, 19,    │ │
│ │                   16,  9,  9,  8, 10, 16,  0,                            │ │
│ │                   │   │   19,  0,  2,  6,  0,  2, 18,  7,  0, 10, 10,    │ │
│ │                   1,  6, 10,  4, 10, 16,  5,                             │ │
│ │                   │   │   13,  5, 19,  3, 12,  6,  0, 19,  7,  6, 16,    │ │
│ │                   10, 17,  4,  3, 17,  7,  1,                            │ │
│ │                   │   │   16,  9,  1, 15, 18,  1,  6, 10,  0,  3,  4,    │ │
│ │                   16, 17,  8, 12,  0,  6, 11,                            │ │
│ │                   │   │   10,  7,  4, 13, 17, 14,  2,  0,  6, 19,  3,    │ │
│ │                   1, 13, 13, 10,  0, 19,  8,                             │ │
│ │                   │   │    7,  1, 18, 13,  1, 15,  4, 14,  9, 15,  7,    │ │
│ │                   1,  0, 19,  1,  3, 14, 14,                             │ │
│ │                   │   │    7, 15,  9, 10, 18], device='cuda:0'),         │ │
│ │                   │   │   │   'sequence_valid_mask': tensor([True, True, │ │
│ │                   True, True, True, True, True, True, True, True, True,  │ │
│ │                   True,                                                  │ │
│ │                   │   │   True, True, True, True, True, True, True,      │ │
│ │                   True, True, True, True, True,                          │ │
│ │                   │   │   True, True, True, True, True, True, True,      │ │
│ │                   True, True, True, True, True,                          │ │
│ │                   │   │   True, True, True, True, True, True, True,      │ │
│ │                   True, True, True, True, True,                          │ │
│ │                   │   │   True, True, True, True, True, True, True,      │ │
│ │                   True, True, True, True, True,                          │ │
│ │                   │   │   True, True, True, True, True, True, True,      │ │
│ │                   True, True, True, True, True,                          │ │
│ │                   │   │   True, True, True, True, True, True, True,      │ │
│ │                   True, True, True, True, True,                          │ │
│ │                   │   │   True, True, True, True, True, True, True,      │ │
│ │                   True, True, True, True, True,                          │ │
│ │                   │   │   True, True, True, True, True, True, True,      │ │
│ │                   True, True, True, True, True,                          │ │
│ │                   │   │   True, True, True, True, True, True, True,      │ │
│ │                   True, True, True, True, True,                          │ │
│ │                   │   │   True, True, True, True, True, True, True,      │ │
│ │                   True, True, True, True, True,                          │ │
│ │                   │   │   True, True, True, True, True, True, True,      │ │
│ │                   True, True, True, True, True,                          │ │
│ │                   │   │   True, True, True, True, True, True, True,      │ │
│ │                   True, True, True, True, True,                          │ │
│ │                   │   │   True, True, True, True, True, True, True,      │ │
│ │                   True, True, True, True, True,                          │ │
│ │                   │   │   True, True, True, True, True, True, True,      │ │
│ │                   True, True, True, True, True,                          │ │
│ │                   │   │   True, True, True, True, True, True, True,      │ │
│ │                   True, True, True, True, True,                          │ │
│ │                   │   │   True, True, True, True, True, True, True,      │ │
│ │                   True, True, True, True, True,                          │ │
│ │                   │   │   True, True, True, True, True, True, True,      │ │
│ │                   True, True, True, True, True,                          │ │
│ │                   │   │   True, True, True, True, True, True, True,      │ │
│ │                   True, True, True, True, True,                          │ │
│ │                   │   │   True, True, True, True, True, True, True,      │ │
│ │                   True, True, True, True, True,                          │ │
│ │                   │   │   True, True, True, True, True, True, True,      │ │
│ │                   True, True, True, True, True,                          │ │
│ │                   │   │   True, True, True, True, True, True, True,      │ │
│ │                   True, True, True, True, True,                          │ │
│ │                   │   │   True, True, True, True, True, True, True,      │ │
│ │                   True, True, True, True, True,                          │ │
│ │                   │   │   True, True, True, True, True, True, True,      │ │
│ │                   True, True, True, True, True,                          │ │
│ │                   │   │   True, True, True, True, True, True, True,      │ │
│ │                   True, True, True, True, True,                          │ │
│ │                   │   │   True, True, True, True, True, True, True,      │ │
│ │                   True, True, True, True, True,                          │ │
│ │                   │   │   True, True, True, True, True, True, True,      │ │
│ │                   True, True, True, True, True,                          │ │
│ │                   │   │   True, True, True, True, True, True, True,      │ │
│ │                   True, True, True, True, True,                          │ │
│ │                   │   │   True, True, True, True, True, True, True,      │ │
│ │                   True, True, True, True, True,                          │ │
│ │                   │   │   True, True, True, True, True, True, True,      │ │
│ │                   True, True, True, True, True,                          │ │
│ │                   │   │   True, True, True, True, True, True, True,      │ │
│ │                   True, True, True, True, True,                          │ │
│ │                   │   │   True, True, True, True, True, True, True,      │ │
│ │                   True, True, True, True],                               │ │
│ │                   │      device='cuda:0'),                               │ │
│ │                   │   │   │   'coord_atom_lvl': tensor([[  0.0000,       │ │
│ │                   0.0000,   0.0000],                                     │ │
│ │                   │   │   [  0.0000,   0.0000,   0.0000],                │ │
│ │                   │   │   [  0.0000,   0.0000,   0.0000],                │ │
│ │                   │   │   ...,                                           │ │
│ │                   │   │   [ 22.5891, -15.2505, -29.3064],                │ │
│ │                   │   │   [ 21.4851, -15.5805, -28.5504],                │ │
│ │                   │   │   [ 20.2401, -15.1425, -28.9344]],               │ │
│ │                   device='cuda:0'),                                      │ │
│ │                   │   │   │   'mask_atom_lvl': tensor([True, True, True, │ │
│ │                   ..., True, True, True], device='cuda:0'),              │ │
│ │                   │   │   │   'chain_iid_token_lvl': array(['A_1',       │ │
│ │                   'A_1', 'A_1', 'A_1', 'A_1', 'A_1', 'A_1', 'A_1',       │ │
│ │                   'A_1',                                                 │ │
│ │                   │      'A_1', 'A_1', 'A_1', 'A_1', 'A_1', 'A_1',       │ │
│ │                   'A_1', 'A_1', 'A_1',                                   │ │
│ │                   │      'A_1', 'A_1', 'A_1', 'A_1', 'A_1', 'A_1',       │ │
│ │                   'A_1', 'A_1', 'A_1',                                   │ │
│ │                   │      'A_1', 'A_1', 'A_1', 'A_1', 'A_1', 'A_1',       │ │
│ │                   'A_1', 'A_1', 'A_1',                                   │ │
│ │                   │      'A_1', 'A_1', 'A_1', 'A_1', 'A_1', 'A_1',       │ │
│ │                   'A_1', 'A_1', 'A_1',                                   │ │
│ │                   │      'A_1', 'A_1', 'A_1', 'A_1', 'A_1', 'A_1',       │ │
│ │                   'A_1', 'A_1', 'A_1',                                   │ │
│ │                   │      'A_1', 'A_1', 'A_1', 'A_1', 'A_1', 'A_1',       │ │
│ │                   'A_1', 'A_1', 'A_1',                                   │ │
│ │                   │      'A_1', 'A_1', 'A_1', 'A_1', 'A_1', 'A_1',       │ │
│ │                   'A_1', 'A_1', 'A_1',                                   │ │
│ │                   │      'A_1', 'A_1', 'A_1', 'A_1', 'A_1', 'A_1',       │ │
│ │                   'A_1', 'A_1', 'A_1',                                   │ │
│ │                   │      'A_1', 'A_1', 'A_1', 'A_1', 'A_1', 'A_1',       │ │
│ │                   'A_1', 'A_1', 'A_1',                                   │ │
│ │                   │      'A_1', 'A_1', 'A_1', 'A_1', 'A_1', 'A_1',       │ │
│ │                   'A_1', 'A_1', 'A_1',                                   │ │
│ │                   │      'A_1', 'A_1', 'A_1', 'A_1', 'A_1', 'A_1',       │ │
│ │                   'A_1', 'A_1', 'A_1',                                   │ │
│ │                   │      'A_1', 'A_1', 'A_1', 'A_1', 'A_1', 'A_1',       │ │
│ │                   'A_1', 'A_1', 'A_1',                                   │ │
│ │                   │      'A_1', 'A_1', 'A_1', 'A_1', 'A_1', 'B_1',       │ │
│ │                   'B_1', 'B_1', 'B_1',                                   │ │
│ │                   │      'B_1', 'B_1', 'B_1', 'B_1', 'B_1', 'B_1',       │ │
│ │                   'B_1', 'B_1', 'B_1',                                   │ │
│ │                   │      'B_1', 'B_1', 'B_1', 'B_1', 'B_1', 'B_1',       │ │
│ │                   'B_1', 'B_1', 'B_1',                                   │ │
│ │                   │      'B_1', 'B_1', 'B_1', 'B_1', 'B_1', 'B_1',       │ │
│ │                   'B_1', 'B_1', 'B_1',                                   │ │
│ │                   │      'B_1', 'B_1', 'B_1', 'B_1', 'B_1', 'B_1',       │ │
│ │                   'B_1', 'B_1', 'B_1',                                   │ │
│ │                   │      'B_1', 'B_1', 'B_1', 'B_1', 'B_1', 'B_1',       │ │
│ │                   'B_1', 'B_1', 'B_1',                                   │ │
│ │                   │      'B_1', 'B_1', 'B_1', 'B_1', 'B_1', 'B_1',       │ │
│ │                   'B_1', 'B_1', 'B_1',                                   │ │
│ │                   │      'B_1', 'B_1', 'B_1', 'B_1', 'B_1', 'B_1',       │ │
│ │                   'B_1', 'B_1', 'B_1',                                   │ │
│ │                   │      'B_1', 'B_1', 'B_1', 'B_1', 'B_1', 'B_1',       │ │
│ │                   'B_1', 'B_1', 'B_1',                                   │ │
│ │                   │      'B_1', 'B_1', 'B_1', 'B_1', 'B_1', 'B_1',       │ │
│ │                   'B_1', 'B_1', 'B_1',                                   │ │
│ │                   │      'B_1', 'B_1', 'B_1', 'B_1', 'B_1', 'B_1',       │ │
│ │                   'B_1', 'B_1', 'B_1',                                   │ │
│ │                   │      'B_1', 'B_1', 'B_1', 'B_1', 'B_1', 'B_1',       │ │
│ │                   'B_1', 'B_1', 'B_1',                                   │ │
│ │                   │      'B_1', 'B_1', 'B_1', 'B_1', 'B_1', 'B_1',       │ │
│ │                   'B_1', 'B_1', 'B_1',                                   │ │
│ │                   │      'B_1', 'B_1', 'B_1', 'B_1', 'B_1', 'B_1',       │ │
│ │                   'B_1', 'B_1', 'B_1',                                   │ │
│ │                   │      'B_1', 'B_1', 'B_1', 'B_1', 'B_1', 'B_1',       │ │
│ │                   'B_1', 'B_1', 'B_1',                                   │ │
│ │                   │      'B_1', 'B_1', 'B_1', 'B_1', 'B_1', 'B_1',       │ │
│ │                   'B_1', 'B_1', 'B_1',                                   │ │
│ │                   │      'B_1', 'B_1', 'B_1', 'B_1', 'B_1', 'B_1',       │ │
│ │                   'B_1', 'B_1', 'B_1',                                   │ │
│ │                   │      'B_1', 'B_1', 'B_1', 'B_1', 'B_1', 'B_1',       │ │
│ │                   'B_1', 'B_1', 'B_1',                                   │ │
│ │                   │      'B_1', 'B_1', 'B_1', 'B_1', 'B_1', 'B_1',       │ │
│ │                   'B_1', 'B_1', 'B_1',                                   │ │
│ │                   │      'B_1', 'B_1', 'B_1', 'C_1', 'C_1', 'C_1',       │ │
│ │                   'C_1', 'C_1', 'C_1',                                   │ │
│ │                   │      'C_1', 'C_1', 'C_1', 'C_1', 'C_1', 'C_1',       │ │
│ │                   'C_1', 'C_1', 'C_1',                                   │ │
│ │                   │      'C_1', 'C_1', 'C_1', 'C_1', 'C_1', 'C_1',       │ │
│ │                   'C_1', 'C_1', 'C_1',                                   │ │
│ │                   │      'C_1', 'C_1', 'C_1', 'C_1', 'C_1', 'C_1',       │ │
│ │                   'C_1', 'C_1', 'C_1',                                   │ │
│ │                   │      'C_1', 'C_1', 'C_1', 'C_1', 'C_1', 'C_1',       │ │
│ │                   'C_1', 'C_1', 'C_1',                                   │ │
│ │                   │      'C_1', 'C_1', 'C_1', 'C_1', 'C_1', 'C_1',       │ │
│ │                   'C_1', 'C_1', 'C_1',                                   │ │
│ │                   │      'C_1', 'C_1', 'C_1', 'C_1', 'C_1', 'C_1',       │ │
│ │                   'C_1', 'C_1', 'C_1',                                   │ │
│ │                   │      'C_1', 'C_1', 'C_1', 'C_1', 'C_1', 'C_1',       │ │
│ │                   'C_1', 'C_1', 'C_1',                                   │ │
│ │                   │      'C_1', 'C_1', 'C_1', 'C_1', 'C_1', 'C_1',       │ │
│ │                   'C_1', 'C_1', 'C_1',                                   │ │
│ │                   │      'C_1', 'C_1', 'C_1', 'C_1', 'C_1', 'C_1',       │ │
│ │                   'C_1', 'C_1', 'C_1',                                   │ │
│ │                   │      'C_1', 'C_1', 'C_1', 'C_1', 'C_1'],             │ │
│ │                   dtype='<U3')                                           │ │
│ │                   │   │   },                                             │ │
│ │                   │   │   'coord_atom_lvl_to_be_noised': tensor([[[      │ │
│ │                   0.0000,   0.0000,   0.0000],                           │ │
│ │                   │   │    [  0.0000,   0.0000,   0.0000],               │ │
│ │                   │   │    [  0.0000,   0.0000,   0.0000],               │ │
│ │                   │   │    ...,                                          │ │
│ │                   │   │    [ 22.5891, -15.2505, -29.3064],               │ │
│ │                   │   │    [ 21.4851, -15.5805, -28.5504],               │ │
│ │                   │   │    [ 20.2401, -15.1425, -28.9344]],              │ │
│ │                   │   │                                                  │ │
│ │                   │   │   [[  0.0000,   0.0000,   0.0000],               │ │
│ │                   │   │    [  0.0000,   0.0000,   0.0000],               │ │
│ │                   │   │    [  0.0000,   0.0000,   0.0000],               │ │
│ │                   │   │    ...,                                          │ │
│ │                   │   │    [ 22.5891, -15.2505, -29.3064],               │ │
│ │                   │   │    [ 21.4851, -15.5805, -28.5504],               │ │
│ │                   │   │    [ 20.2401, -15.1425, -28.9344]]],             │ │
│ │                   device='cuda:0'),                                      │ │
│ │                   │   │   'sampled_condition_name': None,                │ │
│ │                   │   │   'atom_array': AtomArray([                      │ │
│ │                   │   │   Atom(np.array([0., 0., 0.], dtype=float32),    │ │
│ │                   chain_id="A", res_id=1, ins_code="", res_name="UNK",   │ │
│ │                   hetero=False, atom_name="N", element="N",              │ │
│ │                   is_motif_atom_unindexed_motif_breakpoint=False,        │ │
│ │                   orig_res_id=1, is_atom_level_hotspot=0, charge=0.0,    │ │
│ │                   chain_type=6, is_rna=False, pn_unit_entity=0,          │ │
│ │                   within_chain_res_idx=0, is_non_loopy_atom_level=0,     │ │
│ │                   is_motif_atom_with_fixed_seq=False, atomize=False,     │ │
│ │                   is_covalent_modification=False, active_donor=0,        │ │
│ │                   src_component="122", is_residue=True,                  │ │
│ │                   active_acceptor=0, is_N_terminus=True, molecule_id=0,  │ │
│ │                   ref_plddt=1, is_motif_atom_unindexed=False,            │ │
│ │                   token_id=0, pn_unit_iid="A_1",                         │ │
│ │                   is_motif_atom_with_fixed_coord=False,                  │ │
│ │                   within_poly_res_idx=0, molecule_entity=0,              │ │
│ │                   is_protein=True, label_entity_id=1, is_ligand=False,   │ │
│ │                   is_polymer=True, is_C_terminus=False, is_non_loopy=0,  │ │
│ │                   chain_entity=0, is_dna=False, b_factor=0.0,            │ │
│ │                   occupancy=1.0, atomic_number=7, chain_iid="A_1",       │ │
│ │                   atom_id=0, pn_unit_id="A", gt_atom_name="N",           │ │
│ │                   is_backbone=True, is_sidechain=False,                  │ │
│ │                   coord_to_be_noised=[0. 0. 0.]),                        │ │
│ │                   │   │   Atom(np.array([0., 0., 0.], dtype=float32),    │ │
│ │                   chain_id="A", res_id=1, ins_code="", res_name="UNK",   │ │
│ │                   hetero=False, atom_name="CA", element="C",             │ │
│ │                   is_motif_atom_unindexed_motif_breakpoint=False,        │ │
│ │                   orig_res_id=1, is_atom_level_hotspot=0, charge=0.0,    │ │
│ │                   chain_type=6, is_rna=False, pn_unit_entity=0,          │ │
│ │                   within_chain_res_idx=0, is_non_loopy_atom_level=0,     │ │
│ │                   is_motif_atom_with_fixed_seq=False, atomize=False,     │ │
│ │                   is_covalent_modification=False, active_donor=0,        │ │
│ │                   src_component="122", is_residue=True,                  │ │
│ │                   active_acceptor=0, is_N_terminus=True, molecule_id=0,  │ │
│ │                   ref_plddt=1, is_motif_atom_unindexed=False,            │ │
│ │                   token_id=0, pn_unit_iid="A_1",                         │ │
│ │                   is_motif_atom_with_fixed_coord=False,                  │ │
│ │                   within_poly_res_idx=0, molecule_entity=0,              │ │
│ │                   is_protein=True, label_entity_id=1, is_ligand=False,   │ │
│ │                   is_polymer=True, is_C_terminus=False, is_non_loopy=0,  │ │
│ │                   chain_entity=0, is_dna=False, b_factor=0.0,            │ │
│ │                   occupancy=1.0, atomic_number=6, chain_iid="A_1",       │ │
│ │                   atom_id=1, pn_unit_id="A", gt_atom_name="CA",          │ │
│ │                   is_backbone=True, is_sidechain=False,                  │ │
│ │                   coord_to_be_noised=[0. 0. 0.]),                        │ │
│ │                   │   │   Atom(np.array([0., 0., 0.], dtype=float32),    │ │
│ │                   chain_id="A", res_id=1, ins_code="", res_name="UNK",   │ │
│ │                   hetero=False, atom_name="C", element="C",              │ │
│ │                   is_motif_atom_unindexed_motif_breakpoint=False,        │ │
│ │                   orig_res_id=1, is_atom_level_hotspot=0, charge=0.0,    │ │
│ │                   chain_type=6, is_rna=False, pn_unit_entity=0,          │ │
│ │                   within_chain_res_idx=0, is_non_loopy_atom_level=0,     │ │
│ │                   is_motif_atom_with_fixed_seq=False, atomize=False,     │ │
│ │                   is_covalent_modification=False, active_donor=0,        │ │
│ │                   src_component="122", is_residue=True,                  │ │
│ │                   active_acceptor=0, is_N_terminus=True, molecule_id=0,  │ │
│ │                   ref_plddt=1, is_motif_atom_unindexed=False,            │ │
│ │                   token_id=0, pn_unit_iid="A_1",                         │ │
│ │                   is_motif_atom_with_fixed_coord=False,                  │ │
│ │                   within_poly_res_idx=0, molecule_entity=0,              │ │
│ │                   is_protein=True, label_entity_id=1, is_ligand=False,   │ │
│ │                   is_polymer=True, is_C_terminus=False, is_non_loopy=0,  │ │
│ │                   chain_entity=0, is_dna=False, b_factor=0.0,            │ │
│ │                   occupancy=1.0, atomic_number=6, chain_iid="A_1",       │ │
│ │                   atom_id=2, pn_unit_id="A", gt_atom_name="C",           │ │
│ │                   is_backbone=True, is_sidechain=False,                  │ │
│ │                   coord_to_be_noised=[0. 0. 0.]),                        │ │
│ │                   │   │   Atom(np.array([0., 0., 0.], dtype=float32),    │ │
│ │                   chain_id="A", res_id=1, ins_code="", res_name="UNK",   │ │
│ │                   hetero=False, atom_name="O", element="O",              │ │
│ │                   is_motif_atom_unindexed_motif_breakpoint=False,        │ │
│ │                   orig_res_id=1, is_atom_level_hotspot=0, charge=0.0,    │ │
│ │                   chain_type=6, is_rna=False, pn_unit_entity=0,          │ │
│ │                   within_chain_res_idx=0, is_non_loopy_atom_level=0,     │ │
│ │                   is_motif_atom_with_fixed_seq=False, atomize=False,     │ │
│ │                   is_covalent_modification=False, active_donor=0,        │ │
│ │                   src_component="122", is_residue=True,                  │ │
│ │                   active_acceptor=0, is_N_terminus=True, molecule_id=0,  │ │
│ │                   ref_plddt=1, is_motif_atom_unindexed=False,            │ │
│ │                   token_id=0, pn_unit_iid="A_1",                         │ │
│ │                   is_motif_atom_with_fixed_coord=False,                  │ │
│ │                   within_poly_res_idx=0, molecule_entity=0,              │ │
│ │                   is_protein=True, label_entity_id=1, is_ligand=False,   │ │
│ │                   is_polymer=True, is_C_terminus=False, is_non_loopy=0,  │ │
│ │                   chain_entity=0, is_dna=False, b_factor=0.0,            │ │
│ │                   occupancy=1.0, atomic_number=8, chain_iid="A_1",       │ │
│ │                   atom_id=3, pn_unit_id="A", gt_atom_name="O",           │ │
│ │                   is_backbone=True, is_sidechain=False,                  │ │
│ │                   coord_to_be_noised=[0. 0. 0.]),                        │ │
│ │                   │   │   Atom(np.array([0., 0., 0.], dtype=float32),    │ │
│ │                   chain_id="A", res_id=1, ins_code="", res_name="UNK",   │ │
│ │                   hetero=False, atom_name="CB", element="C",             │ │
│ │                   is_motif_atom_unindexed_motif_breakpoint=False,        │ │
│ │                   orig_res_id=1, is_atom_level_hotspot=0, charge=0.0,    │ │
│ │                   chain_type=6, is_rna=False, pn_unit_entity=0,          │ │
│ │                   within_chain_res_idx=0, is_non_loopy_atom_level=0,     │ │
│ │                   is_motif_atom_with_fixed_seq=False, atomize=False,     │ │
│ │                   is_covalent_modification=False, active_donor=0,        │ │
│ │                   src_component="122", is_residue=True,                  │ │
│ │                   active_acceptor=0, is_N_terminus=True, molecule_id=0,  │ │
│ │                   ref_plddt=1, is_motif_atom_unindexed=False,            │ │
│ │                   token_id=0, pn_unit_iid="A_1",                         │ │
│ │                   is_motif_atom_with_fixed_coord=False,                  │ │
│ │                   within_poly_res_idx=0, molecule_entity=0,              │ │
│ │                   is_protein=True, label_entity_id=1, is_ligand=False,   │ │
│ │                   is_polymer=True, is_C_terminus=False, is_non_loopy=0,  │ │
│ │                   chain_entity=0, is_dna=False, b_factor=0.0,            │ │
│ │                   occupancy=1.0, atomic_number=6, chain_iid="A_1",       │ │
│ │                   atom_id=4, pn_unit_id="A", gt_atom_name="CB",          │ │
│ │                   is_backbone=False, is_sidechain=True,                  │ │
│ │                   coord_to_be_noised=[0. 0. 0.]),                        │ │
│ │                   │   │   Atom(np.array([0., 0., 0.], dtype=float32),    │ │
│ │                   chain_id="A", res_id=1, ins_code="", res_name="UNK",   │ │
│ │                   hetero=False, atom_name="V0", element="VX",            │ │
│ │                   is_motif_atom_unindexed_motif_breakpoint=False,        │ │
│ │                   orig_res_id=1, is_atom_level_hotspot=0, charge=0.0,    │ │
│ │                   chain_type=6, is_rna=False, pn_unit_entity=0,          │ │
│ │                   within_chain_res_idx=0, is_non_loopy_atom_level=0,     │ │
│ │                   is_motif_atom_with_fixed_seq=False, atomize=False,     │ │
│ │                   is_covalent_modification=False, active_donor=0,        │ │
│ │                   src_component="122", is_residue=True,                  │ │
│ │                   active_acceptor=0, is_N_terminus=True, molecule_id=0,  │ │
│ │                   ref_plddt=1, is_motif_atom_unindexed=False,            │ │
│ │                   token_id=0, pn_unit_iid="A_1",                         │ │
│ │                   is_motif_atom_with_fixed_coord=False,                  │ │
│ │                   within_poly_res_idx=0, molecule_entity=0,              │ │
│ │                   is_protein=True, label_entity_id=1, is_ligand=False,   │ │
│ │                   is_polymer=True, is_C_terminus=False, is_non_loopy=0,  │ │
│ │                   chain_entity=0, is_dna=False, b_factor=0.0,            │ │
│ │                   occupancy=1.0, atomic_number=6, chain_iid="A_1",       │ │
│ │                   atom_id=4, pn_unit_id="A", gt_atom_name="V0",          │ │
│ │                   is_backbone=False, is_sidechain=True,                  │ │
│ │                   coord_to_be_noised=[0. 0. 0.]),                        │ │
│ │                   │   │   Atom(np.array([0., 0., 0.], dtype=float32),    │ │
│ │                   chain_id="A", res_id=1, ins_code="", res_name="UNK",   │ │
│ │                   hetero=False, atom_name="V1", element="VX",            │ │
│ │                   is_motif_atom_unindexed_motif_breakpoint=False,        │ │
│ │                   orig_res_id=1, is_atom_level_hotspot=0, charge=0.0,    │ │
│ │                   chain_type=6, is_rna=False, pn_unit_entity=0,          │ │
│ │                   within_chain_res_idx=0, is_non_loopy_atom_level=0,     │ │
│ │                   is_motif_atom_with_fixed_seq=False, atomize=False,     │ │
│ │                   is_covalent_modification=False, active_donor=0,        │ │
│ │                   src_component="122", is_residue=True,                  │ │
│ │                   active_acceptor=0, is_N_terminus=True, molecule_id=0,  │ │
│ │                   ref_plddt=1, is_motif_atom_unindexed=False,            │ │
│ │                   token_id=0, pn_unit_iid="A_1",                         │ │
│ │                   is_motif_atom_with_fixed_coord=False,                  │ │
│ │                   within_poly_res_idx=0, molecule_entity=0,              │ │
│ │                   is_protein=True, label_entity_id=1, is_ligand=False,   │ │
│ │                   is_polymer=True, is_C_terminus=False, is_non_loopy=0,  │ │
│ │                   chain_entity=0, is_dna=False, b_factor=0.0,            │ │
│ │                   occupancy=1.0, atomic_number=6, chain_iid="A_1",       │ │
│ │                   atom_id=4, pn_unit_id="A", gt_atom_name="V1",          │ │
│ │                   is_backbone=False, is_sidechain=True,                  │ │
│ │                   coord_to_be_noised=[0. 0. 0.]),                        │ │
│ │                   │   │   Atom(np.array([0., 0., 0.], dtype=float32),    │ │
│ │                   chain_id="A", res_id=1, ins_code="", res_name="UNK",   │ │
│ │                   hetero=False, atom_name="V2", element="VX",            │ │
│ │                   is_motif_atom_unindexed_motif_breakpoint=False,        │ │
│ │                   orig_res_id=1, is_atom_level_hotspot=0, charge=0.0,    │ │
│ │                   chain_type=6, is_rna=False, pn_unit_entity=0,          │ │
│ │                   within_chain_res_idx=0, is_non_loopy_atom_level=0,     │ │
│ │                   is_motif_atom_with_fixed_seq=False, atomize=False,     │ │
│ │                   is_covalent_modification=False, active_donor=0,        │ │
│ │                   src_component="122", is_residue=True,                  │ │
│ │                   active_acceptor=0, is_N_terminus=True, molecule_id=0,  │ │
│ │                   ref_plddt=1, is_motif_atom_unindexed=False,            │ │
│ │                   token_id=0, pn_unit_iid="A_1",                         │ │
│ │                   is_motif_atom_with_fixed_coord=False,                  │ │
│ │                   within_poly_res_idx=0, molecule_entity=0,              │ │
│ │                   is_protein=True, label_entity_id=1, is_ligand=False,   │ │
│ │                   is_polymer=True, is_C_terminus=False, is_non_loopy=0,  │ │
│ │                   chain_entity=0, is_dna=False, b_factor=0.0,            │ │
│ │                   occupancy=1.0, atomic_number=6, chain_iid="A_1",       │ │
│ │                   atom_id=4, pn_unit_id="A", gt_atom_name="V2",          │ │
│ │                   is_backbone=False, is_sidechain=True,                  │ │
│ │                   coord_to_be_noised=[0. 0. 0.]),                        │ │
│ │                   │   │   Atom(np.array([0., 0., 0.], dtype=float32),    │ │
│ │                   chain_id="A", res_id=1, ins_code="", res_name="UNK",   │ │
│ │                   hetero=False, atom_name="V3", element="VX",            │ │
│ │                   is_motif_atom_unindexed_motif_breakpoint=False,        │ │
│ │                   orig_res_id=1, is_atom_level_hotspot=0, charge=0.0,    │ │
│ │                   chain_type=6, is_rna=False, pn_unit_entity=0,          │ │
│ │                   within_chain_res_idx=0, is_non_loopy_atom_level=0,     │ │
│ │                   is_motif_atom_with_fixed_seq=False, atomize=False,     │ │
│ │                   is_covalent_modification=False, active_donor=0,        │ │
│ │                   src_component="122", is_residue=True,                  │ │
│ │                   active_acceptor=0, is_N_terminus=True, molecule_id=0,  │ │
│ │                   ref_plddt=1, is_motif_atom_unindexed=False,            │ │
│ │                   token_id=0, pn_unit_iid="A_1",                         │ │
│ │                   is_motif_atom_with_fixed_coord=False,                  │ │
│ │                   within_poly_res_idx=0, molecule_entity=0,              │ │
│ │                   is_protein=True, label_entity_id=1, is_ligand=False,   │ │
│ │                   is_polymer=True, is_C_terminus=False, is_non_loopy=0,  │ │
│ │                   chain_entity=0, is_dna=False, b_factor=0.0,            │ │
│ │                   occupancy=1.0, atomic_number=6, chain_iid="A_1",       │ │
│ │                   atom_id=4, pn_unit_id="A", gt_atom_name="V3",          │ │
│ │                   is_backbone=False, is_sidechain=True,                  │ │
│ │                   coord_to_be_noised=[0. 0. 0.]),                        │ │
│ │                   │   │   Atom(np.array([0., 0., 0.], dtype=float32),    │ │
│ │                   chain_id="A", res_id=1, ins_code="", res_name="UNK",   │ │
│ │                   hetero=False, atom_name="V4", element="VX",            │ │
│ │                   is_motif_atom_unindexed_motif_breakpoint=False,        │ │
│ │                   orig_res_id=1, is_atom_level_hotspot=0, charge=0.0,    │ │
│ │                   chain_type=6, is_rna=False, pn_unit_entity=0,          │ │
│ │                   within_chain_res_idx=0, is_non_loopy_atom_level=0,     │ │
│ │                   is_motif_atom_with_fixed_seq=False, atomize=False,     │ │
│ │                   is_covalent_modification=False, active_donor=0,        │ │
│ │                   src_component="122", is_residue=True,                  │ │
│ │                   active_acceptor=0, is_N_terminus=True, molecule_id=0,  │ │
│ │                   ref_plddt=1, is_motif_atom_unindexed=False,            │ │
│ │                   token_id=0, pn_unit_iid="A_1",                         │ │
│ │                   is_motif_atom_with_fixed_coord=False,                  │ │
│ │                   within_poly_res_idx=0, molecule_entity=0,              │ │
│ │                   is_protein=True, label_entity_id=1, is_ligand=False,   │ │
│ │                   is_polymer=True, is_C_terminus=False, is_non_loopy=0,  │ │
│ │                   chain_entity=0, is_dna=False, b_factor=0.0,            │ │
│ │                   occupancy=1.0, atomic_number=6, chain_iid="A_1",       │ │
│ │                   atom_id=4, pn_unit_id="A", gt_atom_name="V4",          │ │
│ │                   is_backbone=False, is_sidechain=True,                  │ │
│ │                   coord_to_be_noised=[0. 0. 0.])                         │ │
│ │                   │   │   ... (3879 not shown) ...,                      │ │
│ │                   │   │   Atom(np.array([ 26.650063, -18.36451 ,         │ │
│ │                   -25.717377], dtype=float32), chain_id="C", res_id=92,  │ │
│ │                   ins_code="", res_name="TYR", hetero=False,             │ │
│ │                   atom_name="C", element="C",                            │ │
│ │                   is_motif_atom_unindexed_motif_breakpoint=False,        │ │
│ │                   orig_res_id=92, is_atom_level_hotspot=0, charge=0.0,   │ │
│ │                   chain_type=6, is_rna=False, pn_unit_entity=2,          │ │
│ │                   within_chain_res_idx=91, is_non_loopy_atom_level=0,    │ │
│ │                   is_motif_atom_with_fixed_seq=True, atomize=False,      │ │
│ │                   is_covalent_modification=False, active_donor=0,        │ │
│ │                   src_component="C120", is_residue=True,                 │ │
│ │                   active_acceptor=0, is_N_terminus=False, molecule_id=2, │ │
│ │                   ref_plddt=1, is_motif_atom_unindexed=False,            │ │
│ │                   token_id=382, pn_unit_iid="C_1",                       │ │
│ │                   is_motif_atom_with_fixed_coord=True,                   │ │
│ │                   within_poly_res_idx=91, molecule_entity=2,             │ │
│ │                   is_protein=True, label_entity_id=3, is_ligand=False,   │ │
│ │                   is_polymer=True, is_C_terminus=True, is_non_loopy=0,   │ │
│ │                   chain_entity=2, is_dna=False, b_factor=159.24,         │ │
│ │                   occupancy=1.0, atomic_number=6, chain_iid="C_1",       │ │
│ │                   atom_id=2675, pn_unit_id="C", gt_atom_name="C",        │ │
│ │                   is_backbone=True, is_sidechain=False,                  │ │
│ │                   coord_to_be_noised=[ 26.650063 -18.36451               │ │
│ │                   -25.717377]),                                          │ │
│ │                   │   │   Atom(np.array([ 26.446068, -19.58451 ,         │ │
│ │                   -25.836372], dtype=float32), chain_id="C", res_id=92,  │ │
│ │                   ins_code="", res_name="TYR", hetero=False,             │ │
│ │                   atom_name="O", element="O",                            │ │
│ │                   is_motif_atom_unindexed_motif_breakpoint=False,        │ │
│ │                   orig_res_id=92, is_atom_level_hotspot=0, charge=0.0,   │ │
│ │                   chain_type=6, is_rna=False, pn_unit_entity=2,          │ │
│ │                   within_chain_res_idx=91, is_non_loopy_atom_level=0,    │ │
│ │                   is_motif_atom_with_fixed_seq=True, atomize=False,      │ │
│ │                   is_covalent_modification=False, active_donor=0,        │ │
│ │                   src_component="C120", is_residue=True,                 │ │
│ │                   active_acceptor=0, is_N_terminus=False, molecule_id=2, │ │
│ │                   ref_plddt=1, is_motif_atom_unindexed=False,            │ │
│ │                   token_id=382, pn_unit_iid="C_1",                       │ │
│ │                   is_motif_atom_with_fixed_coord=True,                   │ │
│ │                   within_poly_res_idx=91, molecule_entity=2,             │ │
│ │                   is_protein=True, label_entity_id=3, is_ligand=False,   │ │
│ │                   is_polymer=True, is_C_terminus=True, is_non_loopy=0,   │ │
│ │                   chain_entity=2, is_dna=False, b_factor=159.24,         │ │
│ │                   occupancy=1.0, atomic_number=8, chain_iid="C_1",       │ │
│ │                   atom_id=2676, pn_unit_id="C", gt_atom_name="O",        │ │
│ │                   is_backbone=True, is_sidechain=False,                  │ │
│ │                   coord_to_be_noised=[ 26.446068 -19.58451               │ │
│ │                   -25.836372]),                                          │ │
│ │                   │   │   Atom(np.array([ 25.365067, -16.946518,         │ │
│ │                   -27.356377], dtype=float32), chain_id="C", res_id=92,  │ │
│ │                   ins_code="", res_name="TYR", hetero=False,             │ │
│ │                   atom_name="CB", element="C",                           │ │
│ │                   is_motif_atom_unindexed_motif_breakpoint=False,        │ │
│ │                   orig_res_id=92, is_atom_level_hotspot=0, charge=0.0,   │ │
│ │                   chain_type=6, is_rna=False, pn_unit_entity=2,          │ │
│ │                   within_chain_res_idx=91, is_non_loopy_atom_level=0,    │ │
│ │                   is_motif_atom_with_fixed_seq=True, atomize=False,      │ │
│ │                   is_covalent_modification=False, active_donor=0,        │ │
│ │                   src_component="C120", is_residue=True,                 │ │
│ │                   active_acceptor=0, is_N_terminus=False, molecule_id=2, │ │
│ │                   ref_plddt=1, is_motif_atom_unindexed=False,            │ │
│ │                   token_id=382, pn_unit_iid="C_1",                       │ │
│ │                   is_motif_atom_with_fixed_coord=True,                   │ │
│ │                   within_poly_res_idx=91, molecule_entity=2,             │ │
│ │                   is_protein=True, label_entity_id=3, is_ligand=False,   │ │
│ │                   is_polymer=True, is_C_terminus=True, is_non_loopy=0,   │ │
│ │                   chain_entity=2, is_dna=False, b_factor=159.24,         │ │
│ │                   occupancy=1.0, atomic_number=6, chain_iid="C_1",       │ │
│ │                   atom_id=2677, pn_unit_id="C", gt_atom_name="CB",       │ │
│ │                   is_backbone=False, is_sidechain=True,                  │ │
│ │                   coord_to_be_noised=[ 25.365067 -16.946518              │ │
│ │                   -27.356377]),                                          │ │
│ │                   │   │   Atom(np.array([ 23.998062, -16.463516,         │ │
│ │                   -27.772377], dtype=float32), chain_id="C", res_id=92,  │ │
│ │                   ins_code="", res_name="TYR", hetero=False,             │ │
│ │                   atom_name="V0", element="C",                           │ │
│ │                   is_motif_atom_unindexed_motif_breakpoint=False,        │ │
│ │                   orig_res_id=92, is_atom_level_hotspot=0, charge=0.0,   │ │
│ │                   chain_type=6, is_rna=False, pn_unit_entity=2,          │ │
│ │                   within_chain_res_idx=91, is_non_loopy_atom_level=0,    │ │
│ │                   is_motif_atom_with_fixed_seq=True, atomize=False,      │ │
│ │                   is_covalent_modification=False, active_donor=0,        │ │
│ │                   src_component="C120", is_residue=True,                 │ │
│ │                   active_acceptor=0, is_N_terminus=False, molecule_id=2, │ │
│ │                   ref_plddt=1, is_motif_atom_unindexed=False,            │ │
│ │                   token_id=382, pn_unit_iid="C_1",                       │ │
│ │                   is_motif_atom_with_fixed_coord=True,                   │ │
│ │                   within_poly_res_idx=91, molecule_entity=2,             │ │
│ │                   is_protein=True, label_entity_id=3, is_ligand=False,   │ │
│ │                   is_polymer=True, is_C_terminus=True, is_non_loopy=0,   │ │
│ │                   chain_entity=2, is_dna=False, b_factor=159.24,         │ │
│ │                   occupancy=1.0, atomic_number=6, chain_iid="C_1",       │ │
│ │                   atom_id=2678, pn_unit_id="C", gt_atom_name="CG",       │ │
│ │                   is_backbone=False, is_sidechain=True,                  │ │
│ │                   coord_to_be_noised=[ 23.998062 -16.463516              │ │
│ │                   -27.772377]),                                          │ │
│ │                   │   │   Atom(np.array([ 22.870064, -16.782516,         │ │
│ │                   -27.029373], dtype=float32), chain_id="C", res_id=92,  │ │
│ │                   ins_code="", res_name="TYR", hetero=False,             │ │
│ │                   atom_name="V1", element="C",                           │ │
│ │                   is_motif_atom_unindexed_motif_breakpoint=False,        │ │
│ │                   orig_res_id=92, is_atom_level_hotspot=0, charge=0.0,   │ │
│ │                   chain_type=6, is_rna=False, pn_unit_entity=2,          │ │
│ │                   within_chain_res_idx=91, is_non_loopy_atom_level=0,    │ │
│ │                   is_motif_atom_with_fixed_seq=True, atomize=False,      │ │
│ │                   is_covalent_modification=False, active_donor=0,        │ │
│ │                   src_component="C120", is_residue=True,                 │ │
│ │                   active_acceptor=0, is_N_terminus=False, molecule_id=2, │ │
│ │                   ref_plddt=1, is_motif_atom_unindexed=False,            │ │
│ │                   token_id=382, pn_unit_iid="C_1",                       │ │
│ │                   is_motif_atom_with_fixed_coord=True,                   │ │
│ │                   within_poly_res_idx=91, molecule_entity=2,             │ │
│ │                   is_protein=True, label_entity_id=3, is_ligand=False,   │ │
│ │                   is_polymer=True, is_C_terminus=True, is_non_loopy=0,   │ │
│ │                   chain_entity=2, is_dna=False, b_factor=159.24,         │ │
│ │                   occupancy=1.0, atomic_number=6, chain_iid="C_1",       │ │
│ │                   atom_id=2679, pn_unit_id="C", gt_atom_name="CD1",      │ │
│ │                   is_backbone=False, is_sidechain=True,                  │ │
│ │                   coord_to_be_noised=[ 22.870064 -16.782516              │ │
│ │                   -27.029373]),                                          │ │
│ │                   │   │   Atom(np.array([ 23.835068, -15.692505,         │ │
│ │                   -28.915375], dtype=float32), chain_id="C", res_id=92,  │ │
│ │                   ins_code="", res_name="TYR", hetero=False,             │ │
│ │                   atom_name="V2", element="C",                           │ │
│ │                   is_motif_atom_unindexed_motif_breakpoint=False,        │ │
│ │                   orig_res_id=92, is_atom_level_hotspot=0, charge=0.0,   │ │
│ │                   chain_type=6, is_rna=False, pn_unit_entity=2,          │ │
│ │                   within_chain_res_idx=91, is_non_loopy_atom_level=0,    │ │
│ │                   is_motif_atom_with_fixed_seq=True, atomize=False,      │ │
│ │                   is_covalent_modification=False, active_donor=0,        │ │
│ │                   src_component="C120", is_residue=True,                 │ │
│ │                   active_acceptor=0, is_N_terminus=False, molecule_id=2, │ │
│ │                   ref_plddt=1, is_motif_atom_unindexed=False,            │ │
│ │                   token_id=382, pn_unit_iid="C_1",                       │ │
│ │                   is_motif_atom_with_fixed_coord=True,                   │ │
│ │                   within_poly_res_idx=91, molecule_entity=2,             │ │
│ │                   is_protein=True, label_entity_id=3, is_ligand=False,   │ │
│ │                   is_polymer=True, is_C_terminus=True, is_non_loopy=0,   │ │
│ │                   chain_entity=2, is_dna=False, b_factor=159.24,         │ │
│ │                   occupancy=1.0, atomic_number=6, chain_iid="C_1",       │ │
│ │                   atom_id=2680, pn_unit_id="C", gt_atom_name="CD2",      │ │
│ │                   is_backbone=False, is_sidechain=True,                  │ │
│ │                   coord_to_be_noised=[ 23.835068 -15.692505              │ │
│ │                   -28.915375]),                                          │ │
│ │                   │   │   Atom(np.array([ 21.618065, -16.346512,         │ │
│ │                   -27.412376], dtype=float32), chain_id="C", res_id=92,  │ │
│ │                   ins_code="", res_name="TYR", hetero=False,             │ │
│ │                   atom_name="V3", element="C",                           │ │
│ │                   is_motif_atom_unindexed_motif_breakpoint=False,        │ │
│ │                   orig_res_id=92, is_atom_level_hotspot=0, charge=0.0,   │ │
│ │                   chain_type=6, is_rna=False, pn_unit_entity=2,          │ │
│ │                   within_chain_res_idx=91, is_non_loopy_atom_level=0,    │ │
│ │                   is_motif_atom_with_fixed_seq=True, atomize=False,      │ │
│ │                   is_covalent_modification=False, active_donor=0,        │ │
│ │                   src_component="C120", is_residue=True,                 │ │
│ │                   active_acceptor=0, is_N_terminus=False, molecule_id=2, │ │
│ │                   ref_plddt=1, is_motif_atom_unindexed=False,            │ │
│ │                   token_id=382, pn_unit_iid="C_1",                       │ │
│ │                   is_motif_atom_with_fixed_coord=True,                   │ │
│ │                   within_poly_res_idx=91, molecule_entity=2,             │ │
│ │                   is_protein=True, label_entity_id=3, is_ligand=False,   │ │
│ │                   is_polymer=True, is_C_terminus=True, is_non_loopy=0,   │ │
│ │                   chain_entity=2, is_dna=False, b_factor=159.24,         │ │
│ │                   occupancy=1.0, atomic_number=6, chain_iid="C_1",       │ │
│ │                   atom_id=2681, pn_unit_id="C", gt_atom_name="CE1",      │ │
│ │                   is_backbone=False, is_sidechain=True,                  │ │
│ │                   coord_to_be_noised=[ 21.618065 -16.346512              │ │
│ │                   -27.412376]),                                          │ │
│ │                   │   │   Atom(np.array([ 22.589066, -15.250519,         │ │
│ │                   -29.306374], dtype=float32), chain_id="C", res_id=92,  │ │
│ │                   ins_code="", res_name="TYR", hetero=False,             │ │
│ │                   atom_name="V4", element="C",                           │ │
│ │                   is_motif_atom_unindexed_motif_breakpoint=False,        │ │
│ │                   orig_res_id=92, is_atom_level_hotspot=0, charge=0.0,   │ │
│ │                   chain_type=6, is_rna=False, pn_unit_entity=2,          │ │
│ │                   within_chain_res_idx=91, is_non_loopy_atom_level=0,    │ │
│ │                   is_motif_atom_with_fixed_seq=True, atomize=False,      │ │
│ │                   is_covalent_modification=False, active_donor=0,        │ │
│ │                   src_component="C120", is_residue=True,                 │ │
│ │                   active_acceptor=0, is_N_terminus=False, molecule_id=2, │ │
│ │                   ref_plddt=1, is_motif_atom_unindexed=False,            │ │
│ │                   token_id=382, pn_unit_iid="C_1",                       │ │
│ │                   is_motif_atom_with_fixed_coord=True,                   │ │
│ │                   within_poly_res_idx=91, molecule_entity=2,             │ │
│ │                   is_protein=True, label_entity_id=3, is_ligand=False,   │ │
│ │                   is_polymer=True, is_C_terminus=True, is_non_loopy=0,   │ │
│ │                   chain_entity=2, is_dna=False, b_factor=159.24,         │ │
│ │                   occupancy=1.0, atomic_number=6, chain_iid="C_1",       │ │
│ │                   atom_id=2682, pn_unit_id="C", gt_atom_name="CE2",      │ │
│ │                   is_backbone=False, is_sidechain=True,                  │ │
│ │                   coord_to_be_noised=[ 22.589066 -15.250519              │ │
│ │                   -29.306374]),                                          │ │
│ │                   │   │   Atom(np.array([ 21.485062, -15.580505,         │ │
│ │                   -28.550377], dtype=float32), chain_id="C", res_id=92,  │ │
│ │                   ins_code="", res_name="TYR", hetero=False,             │ │
│ │                   atom_name="V5", element="C",                           │ │
│ │                   is_motif_atom_unindexed_motif_breakpoint=False,        │ │
│ │                   orig_res_id=92, is_atom_level_hotspot=0, charge=0.0,   │ │
│ │                   chain_type=6, is_rna=False, pn_unit_entity=2,          │ │
│ │                   within_chain_res_idx=91, is_non_loopy_atom_level=0,    │ │
│ │                   is_motif_atom_with_fixed_seq=True, atomize=False,      │ │
│ │                   is_covalent_modification=False, active_donor=0,        │ │
│ │                   src_component="C120", is_residue=True,                 │ │
│ │                   active_acceptor=0, is_N_terminus=False, molecule_id=2, │ │
│ │                   ref_plddt=1, is_motif_atom_unindexed=False,            │ │
│ │                   token_id=382, pn_unit_iid="C_1",                       │ │
│ │                   is_motif_atom_with_fixed_coord=True,                   │ │
│ │                   within_poly_res_idx=91, molecule_entity=2,             │ │
│ │                   is_protein=True, label_entity_id=3, is_ligand=False,   │ │
│ │                   is_polymer=True, is_C_terminus=True, is_non_loopy=0,   │ │
│ │                   chain_entity=2, is_dna=False, b_factor=159.24,         │ │
│ │                   occupancy=1.0, atomic_number=6, chain_iid="C_1",       │ │
│ │                   atom_id=2683, pn_unit_id="C", gt_atom_name="CZ",       │ │
│ │                   is_backbone=False, is_sidechain=True,                  │ │
│ │                   coord_to_be_noised=[ 21.485062 -15.580505              │ │
│ │                   -28.550377]),                                          │ │
│ │                   │   │   Atom(np.array([ 20.240067, -15.142517,         │ │
│ │                   -28.93438 ], dtype=float32), chain_id="C", res_id=92,  │ │
│ │                   ins_code="", res_name="TYR", hetero=False,             │ │
│ │                   atom_name="V6", element="O",                           │ │
│ │                   is_motif_atom_unindexed_motif_breakpoint=False,        │ │
│ │                   orig_res_id=92, is_atom_level_hotspot=0, charge=0.0,   │ │
│ │                   chain_type=6, is_rna=False, pn_unit_entity=2,          │ │
│ │                   within_chain_res_idx=91, is_non_loopy_atom_level=0,    │ │
│ │                   is_motif_atom_with_fixed_seq=True, atomize=False,      │ │
│ │                   is_covalent_modification=False, active_donor=0,        │ │
│ │                   src_component="C120", is_residue=True,                 │ │
│ │                   active_acceptor=0, is_N_terminus=False, molecule_id=2, │ │
│ │                   ref_plddt=1, is_motif_atom_unindexed=False,            │ │
│ │                   token_id=382, pn_unit_iid="C_1",                       │ │
│ │                   is_motif_atom_with_fixed_coord=True,                   │ │
│ │                   within_poly_res_idx=91, molecule_entity=2,             │ │
│ │                   is_protein=True, label_entity_id=3, is_ligand=False,   │ │
│ │                   is_polymer=True, is_C_terminus=True, is_non_loopy=0,   │ │
│ │                   chain_entity=2, is_dna=False, b_factor=159.24,         │ │
│ │                   occupancy=1.0, atomic_number=8, chain_iid="C_1",       │ │
│ │                   atom_id=2684, pn_unit_id="C", gt_atom_name="OH",       │ │
│ │                   is_backbone=False, is_sidechain=True,                  │ │
│ │                   coord_to_be_noised=[ 20.240067 -15.142517 -28.93438 ]) │ │
│ │                   ]),                                                    │ │
│ │                   │   │   'specification': {                             │ │
│ │                   │   │   │   'input':                                   │ │
│ │                   '/work3/marhr/Projects/dbl/CLR_RAMP1/exp_01/inputs/6e… │ │
│ │                   │   │   │   'contig':                                  │ │
│ │                   '50-150,/0,B33-54,10,B64-106,3,B110-200,/0,C29-120',   │ │
│ │                   │   │   │   'length': '298-398',                       │ │
│ │                   │   │   │   'extra': {                                 │ │
│ │                   │   │   │   │   'example': 'CLR_RAMP1_test',           │ │
│ │                   │   │   │   │   'task_name':                           │ │
│ │                   'CLR_RAMP1_rfd3_test_CLR_RAMP1_test',                  │ │
│ │                   │   │   │   │   'sampled_contig':                      │ │
│ │                   '122,/0,B33,B34,B35,B36,B37,B38,B39,B40,B41,B42,B43,B… │ │
│ │                   │   │   │   │   'num_tokens_in': 383,                  │ │
│ │                   │   │   │   │   'num_residues_in': 383,                │ │
│ │                   │   │   │   │   'num_chains': 3,                       │ │
│ │                   │   │   │   │   'num_atoms': 2685,                     │ │
│ │                   │   │   │   │   'num_residues': 172,                   │ │
│ │                   │   │   │   │   'example_id':                          │ │
│ │                   'CLR_RAMP1_rfd3_test_CLR_RAMP1_test_0'                 │ │
│ │                   │   │   │   },                                         │ │
│ │                   │   │   │   'select_fixed_atoms': True,                │ │
│ │                   │   │   │   'select_unfixed_sequence': False,          │ │
│ │                   │   │   │   'select_hbond_acceptor': {                 │ │
│ │                   │   │   │   │   'B90': 'OD1,OD2',                      │ │
│ │                   │   │   │   │   'B94': 'OD1,OD2'                       │ │
│ │                   │   │   │   },                                         │ │
│ │                   │   │   │   'select_hbond_donor': {'B38': 'NH1,NH2'},  │ │
│ │                   │   │   │   'select_hotspots': {                       │ │
│ │                   │   │   │   │   'B33': 'NE2',                          │ │
│ │                   │   │   │   │   'B72': 'NE1,CD1,CD2,CG,CE3,CZ2,CZ3',   │ │
│ │                   │   │   │   │   'B92': 'CD2,CD1,CE1,CE2,CZ'            │ │
│ │                   │   │   │   },                                         │ │
│ │                   │   │   │   'infer_ori_strategy': 'hotspots'           │ │
│ │                   │   │   }                                              │ │
│ │                   │   }                                                  │ │
│ │                   ]                                                      │ │
│ │       batch_idx = 0                                                      │ │
│ │      example_id = 'CLR_RAMP1_rfd3_test_CLR_RAMP1_test_0'                 │ │
│ │          loader = <lightning.fabric.wrappers._FabricDataLoader object at │ │
│ │                   0x7f6d0fe6aa50>                                        │ │
│ │          output = RFD3Output(                                            │ │
│ │                   │   atom_array=AtomArray([                             │ │
│ │                   │   │   Atom(np.array([  5.071308  , -19.317911  ,     │ │
│ │                   -0.43749726], dtype=float32), chain_id="A", res_id=1,  │ │
│ │                   ins_code="", res_name="THR", hetero=False,             │ │
│ │                   atom_name="N", element="N",                            │ │
│ │                   is_motif_atom_unindexed_motif_breakpoint=False,        │ │
│ │                   orig_res_id=1, is_atom_level_hotspot=0, charge=0.0,    │ │
│ │                   chain_type=6, is_rna=False, pn_unit_entity=0,          │ │
│ │                   within_chain_res_idx=0, is_non_loopy_atom_level=0,     │ │
│ │                   is_motif_atom_with_fixed_seq=False, atomize=False,     │ │
│ │                   is_covalent_modification=False, active_donor=0,        │ │
│ │                   src_component="122", is_residue=True,                  │ │
│ │                   active_acceptor=0, is_N_terminus=True, molecule_id=0,  │ │
│ │                   ref_plddt=1, is_motif_atom_unindexed=False,            │ │
│ │                   token_id=0, pn_unit_iid="A_1",                         │ │
│ │                   is_motif_atom_with_fixed_coord=False,                  │ │
│ │                   within_poly_res_idx=0, molecule_entity=0,              │ │
│ │                   is_protein=True, label_entity_id=1, is_ligand=False,   │ │
│ │                   is_polymer=True, is_C_terminus=False, is_non_loopy=0,  │ │
│ │                   chain_entity=0, is_dna=False,                          │ │
│ │                   b_factor=7.352541686600489e-09, occupancy=1.0,         │ │
│ │                   atomic_number=7, chain_iid="A_1", atom_id=0,           │ │
│ │                   pn_unit_id="A", gt_atom_name="N", is_backbone=True,    │ │
│ │                   is_sidechain=False, coord_to_be_noised=[0. 0. 0.]),    │ │
│ │                   │   │   Atom(np.array([  3.75793   , -19.066788  ,     │ │
│ │                   0.10899933], dtype=float32), chain_id="A", res_id=1,   │ │
│ │                   ins_code="", res_name="THR", hetero=False,             │ │
│ │                   atom_name="CA", element="C",                           │ │
│ │                   is_motif_atom_unindexed_motif_breakpoint=False,        │ │
│ │                   orig_res_id=1, is_atom_level_hotspot=0, charge=0.0,    │ │
│ │                   chain_type=6, is_rna=False, pn_unit_entity=0,          │ │
│ │                   within_chain_res_idx=0, is_non_loopy_atom_level=0,     │ │
│ │                   is_motif_atom_with_fixed_seq=False, atomize=False,     │ │
│ │                   is_covalent_modification=False, active_donor=0,        │ │
│ │                   src_component="122", is_residue=True,                  │ │
│ │                   active_acceptor=0, is_N_terminus=True, molecule_id=0,  │ │
│ │                   ref_plddt=1, is_motif_atom_unindexed=False,            │ │
│ │                   token_id=0, pn_unit_iid="A_1",                         │ │
│ │                   is_motif_atom_with_fixed_coord=False,                  │ │
│ │                   within_poly_res_idx=0, molecule_entity=0,              │ │
│ │                   is_protein=True, label_entity_id=1, is_ligand=False,   │ │
│ │                   is_polymer=True, is_C_terminus=False, is_non_loopy=0,  │ │
│ │                   chain_entity=0, is_dna=False,                          │ │
│ │                   b_factor=7.352541686600489e-09, occupancy=1.0,         │ │
│ │                   atomic_number=6, chain_iid="A_1", atom_id=1,           │ │
│ │                   pn_unit_id="A", gt_atom_name="CA", is_backbone=True,   │ │
│ │                   is_sidechain=False, coord_to_be_noised=[0. 0. 0.]),    │ │
│ │                   │   │   Atom(np.array([  3.681076 , -17.567822 ,       │ │
│ │                   0.5849537], dtype=float32), chain_id="A", res_id=1,    │ │
│ │                   ins_code="", res_name="THR", hetero=False,             │ │
│ │                   atom_name="C", element="C",                            │ │
│ │                   is_motif_atom_unindexed_motif_breakpoint=False,        │ │
│ │                   orig_res_id=1, is_atom_level_hotspot=0, charge=0.0,    │ │
│ │                   chain_type=6, is_rna=False, pn_unit_entity=0,          │ │
│ │                   within_chain_res_idx=0, is_non_loopy_atom_level=0,     │ │
│ │                   is_motif_atom_with_fixed_seq=False, atomize=False,     │ │
│ │                   is_covalent_modification=False, active_donor=0,        │ │
│ │                   src_component="122", is_residue=True,                  │ │
│ │                   active_acceptor=0, is_N_terminus=True, molecule_id=0,  │ │
│ │                   ref_plddt=1, is_motif_atom_unindexed=False,            │ │
│ │                   token_id=0, pn_unit_iid="A_1",                         │ │
│ │                   is_motif_atom_with_fixed_coord=False,                  │ │
│ │                   within_poly_res_idx=0, molecule_entity=0,              │ │
│ │                   is_protein=True, label_entity_id=1, is_ligand=False,   │ │
│ │                   is_polymer=True, is_C_terminus=False, is_non_loopy=0,  │ │
│ │                   chain_entity=0, is_dna=False,                          │ │
│ │                   b_factor=7.352541686600489e-09, occupancy=1.0,         │ │
│ │                   atomic_number=6, chain_iid="A_1", atom_id=2,           │ │
│ │                   pn_unit_id="A", gt_atom_name="C", is_backbone=True,    │ │
│ │                   is_sidechain=False, coord_to_be_noised=[0. 0. 0.]),    │ │
│ │                   │   │   Atom(np.array([  2.7011712 , -16.934565  ,     │ │
│ │                   0.28529972], dtype=float32), chain_id="A", res_id=1,   │ │
│ │                   ins_code="", res_name="THR", hetero=False,             │ │
│ │                   atom_name="O", element="O",                            │ │
│ │                   is_motif_atom_unindexed_motif_breakpoint=False,        │ │
│ │                   orig_res_id=1, is_atom_level_hotspot=0, charge=0.0,    │ │
│ │                   chain_type=6, is_rna=False, pn_unit_entity=0,          │ │
│ │                   within_chain_res_idx=0, is_non_loopy_atom_level=0,     │ │
│ │                   is_motif_atom_with_fixed_seq=False, atomize=False,     │ │
│ │                   is_covalent_modification=False, active_donor=0,        │ │
│ │                   src_component="122", is_residue=True,                  │ │
│ │                   active_acceptor=0, is_N_terminus=True, molecule_id=0,  │ │
│ │                   ref_plddt=1, is_motif_atom_unindexed=False,            │ │
│ │                   token_id=0, pn_unit_iid="A_1",                         │ │
│ │                   is_motif_atom_with_fixed_coord=False,                  │ │
│ │                   within_poly_res_idx=0, molecule_entity=0,              │ │
│ │                   is_protein=True, label_entity_id=1, is_ligand=False,   │ │
│ │                   is_polymer=True, is_C_terminus=False, is_non_loopy=0,  │ │
│ │                   chain_entity=0, is_dna=False,                          │ │
│ │                   b_factor=7.352541686600489e-09, occupancy=1.0,         │ │
│ │                   atomic_number=8, chain_iid="A_1", atom_id=3,           │ │
│ │                   pn_unit_id="A", gt_atom_name="O", is_backbone=True,    │ │
│ │                   is_sidechain=False, coord_to_be_noised=[0. 0. 0.]),    │ │
│ │                   │   │   Atom(np.array([  3.4128118, -20.061018 ,       │ │
│ │                   1.2441766], dtype=float32), chain_id="A", res_id=1,    │ │
│ │                   ins_code="", res_name="THR", hetero=False,             │ │
│ │                   atom_name="CB", element="C",                           │ │
│ │                   is_motif_atom_unindexed_motif_breakpoint=False,        │ │
│ │                   orig_res_id=1, is_atom_level_hotspot=0, charge=0.0,    │ │
│ │                   chain_type=6, is_rna=False, pn_unit_entity=0,          │ │
│ │                   within_chain_res_idx=0, is_non_loopy_atom_level=0,     │ │
│ │                   is_motif_atom_with_fixed_seq=False, atomize=False,     │ │
│ │                   is_covalent_modification=False, active_donor=0,        │ │
│ │                   src_component="122", is_residue=True,                  │ │
│ │                   active_acceptor=0, is_N_terminus=True, molecule_id=0,  │ │
│ │                   ref_plddt=1, is_motif_atom_unindexed=False,            │ │
│ │                   token_id=0, pn_unit_iid="A_1",                         │ │
│ │                   is_motif_atom_with_fixed_coord=False,                  │ │
│ │                   within_poly_res_idx=0, molecule_entity=0,              │ │
│ │                   is_protein=True, label_entity_id=1, is_ligand=False,   │ │
│ │                   is_polymer=True, is_C_terminus=False, is_non_loopy=0,  │ │
│ │                   chain_entity=0, is_dna=False,                          │ │
│ │                   b_factor=7.352541686600489e-09, occupancy=1.0,         │ │
│ │                   atomic_number=6, chain_iid="A_1", atom_id=4,           │ │
│ │                   pn_unit_id="A", gt_atom_name="CB", is_backbone=False,  │ │
│ │                   is_sidechain=True, coord_to_be_noised=[0. 0. 0.]),     │ │
│ │                   │   │   Atom(np.array([  3.4426582, -21.335382 ,       │ │
│ │                   0.7939214], dtype=float32), chain_id="A", res_id=1,    │ │
│ │                   ins_code="", res_name="THR", hetero=False,             │ │
│ │                   atom_name="OG1", element="O",                          │ │
│ │                   is_motif_atom_unindexed_motif_breakpoint=False,        │ │
│ │                   orig_res_id=1, is_atom_level_hotspot=0, charge=0.0,    │ │
│ │                   chain_type=6, is_rna=False, pn_unit_entity=0,          │ │
│ │                   within_chain_res_idx=0, is_non_loopy_atom_level=0,     │ │
│ │                   is_motif_atom_with_fixed_seq=False, atomize=False,     │ │
│ │                   is_covalent_modification=False, active_donor=0,        │ │
│ │                   src_component="122", is_residue=True,                  │ │
│ │                   active_acceptor=0, is_N_terminus=True, molecule_id=0,  │ │
│ │                   ref_plddt=1, is_motif_atom_unindexed=False,            │ │
│ │                   token_id=0, pn_unit_iid="A_1",                         │ │
│ │                   is_motif_atom_with_fixed_coord=False,                  │ │
│ │                   within_poly_res_idx=0, molecule_entity=0,              │ │
│ │                   is_protein=True, label_entity_id=1, is_ligand=False,   │ │
│ │                   is_polymer=True, is_C_terminus=False, is_non_loopy=0,  │ │
│ │                   chain_entity=0, is_dna=False,                          │ │
│ │                   b_factor=7.352541686600489e-09, occupancy=1.0,         │ │
│ │                   atomic_number=6, chain_iid="A_1", atom_id=4,           │ │
│ │                   pn_unit_id="A", gt_atom_name="V0", is_backbone=False,  │ │
│ │                   is_sidechain=True, coord_to_be_noised=[0. 0. 0.]),     │ │
│ │                   │   │   Atom(np.array([  2.0394008, -19.78038  ,       │ │
│ │                   1.8292328], dtype=float32), chain_id="A", res_id=1,    │ │
│ │                   ins_code="", res_name="THR", hetero=False,             │ │
│ │                   atom_name="CG2", element="C",                          │ │
│ │                   is_motif_atom_unindexed_motif_breakpoint=False,        │ │
│ │                   orig_res_id=1, is_atom_level_hotspot=0, charge=0.0,    │ │
│ │                   chain_type=6, is_rna=False, pn_unit_entity=0,          │ │
│ │                   within_chain_res_idx=0, is_non_loopy_atom_level=0,     │ │
│ │                   is_motif_atom_with_fixed_seq=False, atomize=False,     │ │
│ │                   is_covalent_modification=False, active_donor=0,        │ │
│ │                   src_component="122", is_residue=True,                  │ │
│ │                   active_acceptor=0, is_N_terminus=True, molecule_id=0,  │ │
│ │                   ref_plddt=1, is_motif_atom_unindexed=False,            │ │
│ │                   token_id=0, pn_unit_iid="A_1",                         │ │
│ │                   is_motif_atom_with_fixed_coord=False,                  │ │
│ │                   within_poly_res_idx=0, molecule_entity=0,              │ │
│ │                   is_protein=True, label_entity_id=1, is_ligand=False,   │ │
│ │                   is_polymer=True, is_C_terminus=False, is_non_loopy=0,  │ │
│ │                   chain_entity=0, is_dna=False,                          │ │
│ │                   b_factor=7.352541686600489e-09, occupancy=1.0,         │ │
│ │                   atomic_number=6, chain_iid="A_1", atom_id=4,           │ │
│ │                   pn_unit_id="A", gt_atom_name="V1", is_backbone=False,  │ │
│ │                   is_sidechain=True, coord_to_be_noised=[0. 0. 0.]),     │ │
│ │                   │   │   Atom(np.array([  4.7017922, -17.067482 ,       │ │
│ │                   1.261894 ], dtype=float32), chain_id="A", res_id=2,    │ │
│ │                   ins_code="", res_name="ASP", hetero=False,             │ │
│ │                   atom_name="N", element="N",                            │ │
│ │                   is_motif_atom_unindexed_motif_breakpoint=False,        │ │
│ │                   orig_res_id=2, is_atom_level_hotspot=0, charge=0.0,    │ │
│ │                   chain_type=6, is_rna=False, pn_unit_entity=0,          │ │
│ │                   within_chain_res_idx=1, is_non_loopy_atom_level=0,     │ │
│ │                   is_motif_atom_with_fixed_seq=False, atomize=False,     │ │
│ │                   is_covalent_modification=False, active_donor=0,        │ │
│ │                   src_component="122", is_residue=True,                  │ │
│ │                   active_acceptor=0, is_N_terminus=False, molecule_id=0, │ │
│ │                   ref_plddt=1, is_motif_atom_unindexed=False,            │ │
│ │                   token_id=1, pn_unit_iid="A_1",                         │ │
│ │                   is_motif_atom_with_fixed_coord=False,                  │ │
│ │                   within_poly_res_idx=1, molecule_entity=0,              │ │
│ │                   is_protein=True, label_entity_id=1, is_ligand=False,   │ │
│ │                   is_polymer=True, is_C_terminus=False, is_non_loopy=0,  │ │
│ │                   chain_entity=0, is_dna=False,                          │ │
│ │                   b_factor=6.694008680696584e-10, occupancy=1.0,         │ │
│ │                   atomic_number=7, chain_iid="A_1", atom_id=5,           │ │
│ │                   pn_unit_id="A", gt_atom_name="N", is_backbone=True,    │ │
│ │                   is_sidechain=False, coord_to_be_noised=[0. 0. 0.]),    │ │
│ │                   │   │   Atom(np.array([  4.7370934, -15.718392 ,       │ │
│ │                   1.7077596], dtype=float32), chain_id="A", res_id=2,    │ │
│ │                   ins_code="", res_name="ASP", hetero=False,             │ │
│ │                   atom_name="CA", element="C",                           │ │
│ │                   is_motif_atom_unindexed_motif_breakpoint=False,        │ │
│ │                   orig_res_id=2, is_atom_level_hotspot=0, charge=0.0,    │ │
│ │                   chain_type=6, is_rna=False, pn_unit_entity=0,          │ │
│ │                   within_chain_res_idx=1, is_non_loopy_atom_level=0,     │ │
│ │                   is_motif_atom_with_fixed_seq=False, atomize=False,     │ │
│ │                   is_covalent_modification=False, active_donor=0,        │ │
│ │                   src_component="122", is_residue=True,                  │ │
│ │                   active_acceptor=0, is_N_terminus=False, molecule_id=0, │ │
│ │                   ref_plddt=1, is_motif_atom_unindexed=False,            │ │
│ │                   token_id=1, pn_unit_iid="A_1",                         │ │
│ │                   is_motif_atom_with_fixed_coord=False,                  │ │
│ │                   within_poly_res_idx=1, molecule_entity=0,              │ │
│ │                   is_protein=True, label_entity_id=1, is_ligand=False,   │ │
│ │                   is_polymer=True, is_C_terminus=False, is_non_loopy=0,  │ │
│ │                   chain_entity=0, is_dna=False,                          │ │
│ │                   b_factor=6.694008680696584e-10, occupancy=1.0,         │ │
│ │                   atomic_number=6, chain_iid="A_1", atom_id=6,           │ │
│ │                   pn_unit_id="A", gt_atom_name="CA", is_backbone=True,   │ │
│ │                   is_sidechain=False, coord_to_be_noised=[0. 0. 0.]),    │ │
│ │                   │   │   Atom(np.array([  4.6331573, -14.72296  ,       │ │
│ │                   0.5394035], dtype=float32), chain_id="A", res_id=2,    │ │
│ │                   ins_code="", res_name="ASP", hetero=False,             │ │
│ │                   atom_name="C", element="C",                            │ │
│ │                   is_motif_atom_unindexed_motif_breakpoint=False,        │ │
│ │                   orig_res_id=2, is_atom_level_hotspot=0, charge=0.0,    │ │
│ │                   chain_type=6, is_rna=False, pn_unit_entity=0,          │ │
│ │                   within_chain_res_idx=1, is_non_loopy_atom_level=0,     │ │
│ │                   is_motif_atom_with_fixed_seq=False, atomize=False,     │ │
│ │                   is_covalent_modification=False, active_donor=0,        │ │
│ │                   src_component="122", is_residue=True,                  │ │
│ │                   active_acceptor=0, is_N_terminus=False, molecule_id=0, │ │
│ │                   ref_plddt=1, is_motif_atom_unindexed=False,            │ │
│ │                   token_id=1, pn_unit_iid="A_1",                         │ │
│ │                   is_motif_atom_with_fixed_coord=False,                  │ │
│ │                   within_poly_res_idx=1, molecule_entity=0,              │ │
│ │                   is_protein=True, label_entity_id=1, is_ligand=False,   │ │
│ │                   is_polymer=True, is_C_terminus=False, is_non_loopy=0,  │ │
│ │                   chain_entity=0, is_dna=False,                          │ │
│ │                   b_factor=6.694008680696584e-10, occupancy=1.0,         │ │
│ │                   atomic_number=6, chain_iid="A_1", atom_id=7,           │ │
│ │                   pn_unit_id="A", gt_atom_name="C", is_backbone=True,    │ │
│ │                   is_sidechain=False, coord_to_be_noised=[0. 0. 0.])     │ │
│ │                   │   │   ... (2885 not shown) ...,                      │ │
│ │                   │   │   Atom(np.array([ 26.625, -18.375, -25.75 ],     │ │
│ │                   dtype=float32), chain_id="C", res_id=92, ins_code="",  │ │
│ │                   res_name="TYR", hetero=False, atom_name="C",           │ │
│ │                   element="C",                                           │ │
│ │                   is_motif_atom_unindexed_motif_breakpoint=False,        │ │
│ │                   orig_res_id=92, is_atom_level_hotspot=0, charge=0.0,   │ │
│ │                   chain_type=6, is_rna=False, pn_unit_entity=2,          │ │
│ │                   within_chain_res_idx=91, is_non_loopy_atom_level=0,    │ │
│ │                   is_motif_atom_with_fixed_seq=True, atomize=False,      │ │
│ │                   is_covalent_modification=False, active_donor=0,        │ │
│ │                   src_component="C120", is_residue=True,                 │ │
│ │                   active_acceptor=0, is_N_terminus=False, molecule_id=2, │ │
│ │                   ref_plddt=1, is_motif_atom_unindexed=False,            │ │
│ │                   token_id=382, pn_unit_iid="C_1",                       │ │
│ │                   is_motif_atom_with_fixed_coord=True,                   │ │
│ │                   within_poly_res_idx=91, molecule_entity=2,             │ │
│ │                   is_protein=True, label_entity_id=3, is_ligand=False,   │ │
│ │                   is_polymer=True, is_C_terminus=True, is_non_loopy=0,   │ │
│ │                   chain_entity=2, is_dna=False,                          │ │
│ │                   b_factor=4.268679199951281e-25, occupancy=1.0,         │ │
│ │                   atomic_number=6, chain_iid="C_1", atom_id=2675,        │ │
│ │                   pn_unit_id="C", gt_atom_name="C", is_backbone=True,    │ │
│ │                   is_sidechain=False, coord_to_be_noised=[ 26.650063     │ │
│ │                   -18.36451  -25.717377]),                               │ │
│ │                   │   │   Atom(np.array([ 26.5  , -19.625, -25.875],     │ │
│ │                   dtype=float32), chain_id="C", res_id=92, ins_code="",  │ │
│ │                   res_name="TYR", hetero=False, atom_name="O",           │ │
│ │                   element="O",                                           │ │
│ │                   is_motif_atom_unindexed_motif_breakpoint=False,        │ │
│ │                   orig_res_id=92, is_atom_level_hotspot=0, charge=0.0,   │ │
│ │                   chain_type=6, is_rna=False, pn_unit_entity=2,          │ │
│ │                   within_chain_res_idx=91, is_non_loopy_atom_level=0,    │ │
│ │                   is_motif_atom_with_fixed_seq=True, atomize=False,      │ │
│ │                   is_covalent_modification=False, active_donor=0,        │ │
│ │                   src_component="C120", is_residue=True,                 │ │
│ │                   active_acceptor=0, is_N_terminus=False, molecule_id=2, │ │
│ │                   ref_plddt=1, is_motif_atom_unindexed=False,            │ │
│ │                   token_id=382, pn_unit_iid="C_1",                       │ │
│ │                   is_motif_atom_with_fixed_coord=True,                   │ │
│ │                   within_poly_res_idx=91, molecule_entity=2,             │ │
│ │                   is_protein=True, label_entity_id=3, is_ligand=False,   │ │
│ │                   is_polymer=True, is_C_terminus=True, is_non_loopy=0,   │ │
│ │                   chain_entity=2, is_dna=False,                          │ │
│ │                   b_factor=4.268679199951281e-25, occupancy=1.0,         │ │
│ │                   atomic_number=8, chain_iid="C_1", atom_id=2676,        │ │
│ │                   pn_unit_id="C", gt_atom_name="O", is_backbone=True,    │ │
│ │                   is_sidechain=False, coord_to_be_noised=[ 26.446068     │ │
│ │                   -19.58451  -25.836372]),                               │ │
│ │                   │   │   Atom(np.array([ 25.375, -17.   , -27.375],     │ │
│ │                   dtype=float32), chain_id="C", res_id=92, ins_code="",  │ │
│ │                   res_name="TYR", hetero=False, atom_name="CB",          │ │
│ │                   element="C",                                           │ │
│ │                   is_motif_atom_unindexed_motif_breakpoint=False,        │ │
│ │                   orig_res_id=92, is_atom_level_hotspot=0, charge=0.0,   │ │
│ │                   chain_type=6, is_rna=False, pn_unit_entity=2,          │ │
│ │                   within_chain_res_idx=91, is_non_loopy_atom_level=0,    │ │
│ │                   is_motif_atom_with_fixed_seq=True, atomize=False,      │ │
│ │                   is_covalent_modification=False, active_donor=0,        │ │
│ │                   src_component="C120", is_residue=True,                 │ │
│ │                   active_acceptor=0, is_N_terminus=False, molecule_id=2, │ │
│ │                   ref_plddt=1, is_motif_atom_unindexed=False,            │ │
│ │                   token_id=382, pn_unit_iid="C_1",                       │ │
│ │                   is_motif_atom_with_fixed_coord=True,                   │ │
│ │                   within_poly_res_idx=91, molecule_entity=2,             │ │
│ │                   is_protein=True, label_entity_id=3, is_ligand=False,   │ │
│ │                   is_polymer=True, is_C_terminus=True, is_non_loopy=0,   │ │
│ │                   chain_entity=2, is_dna=False,                          │ │
│ │                   b_factor=4.268679199951281e-25, occupancy=1.0,         │ │
│ │                   atomic_number=6, chain_iid="C_1", atom_id=2677,        │ │
│ │                   pn_unit_id="C", gt_atom_name="CB", is_backbone=False,  │ │
│ │                   is_sidechain=True, coord_to_be_noised=[ 25.365067      │ │
│ │                   -16.946518 -27.356377]),                               │ │
│ │                   │   │   Atom(np.array([ 24.  , -16.5 , -27.75],        │ │
│ │                   dtype=float32), chain_id="C", res_id=92, ins_code="",  │ │
│ │                   res_name="TYR", hetero=False, atom_name="CG",          │ │
│ │                   element="C",                                           │ │
│ │                   is_motif_atom_unindexed_motif_breakpoint=False,        │ │
│ │                   orig_res_id=92, is_atom_level_hotspot=0, charge=0.0,   │ │
│ │                   chain_type=6, is_rna=False, pn_unit_entity=2,          │ │
│ │                   within_chain_res_idx=91, is_non_loopy_atom_level=0,    │ │
│ │                   is_motif_atom_with_fixed_seq=True, atomize=False,      │ │
│ │                   is_covalent_modification=False, active_donor=0,        │ │
│ │                   src_component="C120", is_residue=True,                 │ │
│ │                   active_acceptor=0, is_N_terminus=False, molecule_id=2, │ │
│ │                   ref_plddt=1, is_motif_atom_unindexed=False,            │ │
│ │                   token_id=382, pn_unit_iid="C_1",                       │ │
│ │                   is_motif_atom_with_fixed_coord=True,                   │ │
│ │                   within_poly_res_idx=91, molecule_entity=2,             │ │
│ │                   is_protein=True, label_entity_id=3, is_ligand=False,   │ │
│ │                   is_polymer=True, is_C_terminus=True, is_non_loopy=0,   │ │
│ │                   chain_entity=2, is_dna=False,                          │ │
│ │                   b_factor=4.268679199951281e-25, occupancy=1.0,         │ │
│ │                   atomic_number=6, chain_iid="C_1", atom_id=2678,        │ │
│ │                   pn_unit_id="C", gt_atom_name="CG", is_backbone=False,  │ │
│ │                   is_sidechain=True, coord_to_be_noised=[ 23.998062      │ │
│ │                   -16.463516 -27.772377]),                               │ │
│ │                   │   │   Atom(np.array([ 22.875, -16.75 , -27.   ],     │ │
│ │                   dtype=float32), chain_id="C", res_id=92, ins_code="",  │ │
│ │                   res_name="TYR", hetero=False, atom_name="CD1",         │ │
│ │                   element="C",                                           │ │
│ │                   is_motif_atom_unindexed_motif_breakpoint=False,        │ │
│ │                   orig_res_id=92, is_atom_level_hotspot=0, charge=0.0,   │ │
│ │                   chain_type=6, is_rna=False, pn_unit_entity=2,          │ │
│ │                   within_chain_res_idx=91, is_non_loopy_atom_level=0,    │ │
│ │                   is_motif_atom_with_fixed_seq=True, atomize=False,      │ │
│ │                   is_covalent_modification=False, active_donor=0,        │ │
│ │                   src_component="C120", is_residue=True,                 │ │
│ │                   active_acceptor=0, is_N_terminus=False, molecule_id=2, │ │
│ │                   ref_plddt=1, is_motif_atom_unindexed=False,            │ │
│ │                   token_id=382, pn_unit_iid="C_1",                       │ │
│ │                   is_motif_atom_with_fixed_coord=True,                   │ │
│ │                   within_poly_res_idx=91, molecule_entity=2,             │ │
│ │                   is_protein=True, label_entity_id=3, is_ligand=False,   │ │
│ │                   is_polymer=True, is_C_terminus=True, is_non_loopy=0,   │ │
│ │                   chain_entity=2, is_dna=False,                          │ │
│ │                   b_factor=4.268679199951281e-25, occupancy=1.0,         │ │
│ │                   atomic_number=6, chain_iid="C_1", atom_id=2679,        │ │
│ │                   pn_unit_id="C", gt_atom_name="CD1", is_backbone=False, │ │
│ │                   is_sidechain=True, coord_to_be_noised=[ 22.870064      │ │
│ │                   -16.782516 -27.029373]),                               │ │
│ │                   │   │   Atom(np.array([ 23.875 , -15.6875, -28.875 ],  │ │
│ │                   dtype=float32), chain_id="C", res_id=92, ins_code="",  │ │
│ │                   res_name="TYR", hetero=False, atom_name="CD2",         │ │
│ │                   element="C",                                           │ │
│ │                   is_motif_atom_unindexed_motif_breakpoint=False,        │ │
│ │                   orig_res_id=92, is_atom_level_hotspot=0, charge=0.0,   │ │
│ │                   chain_type=6, is_rna=False, pn_unit_entity=2,          │ │
│ │                   within_chain_res_idx=91, is_non_loopy_atom_level=0,    │ │
│ │                   is_motif_atom_with_fixed_seq=True, atomize=False,      │ │
│ │                   is_covalent_modification=False, active_donor=0,        │ │
│ │                   src_component="C120", is_residue=True,                 │ │
│ │                   active_acceptor=0, is_N_terminus=False, molecule_id=2, │ │
│ │                   ref_plddt=1, is_motif_atom_unindexed=False,            │ │
│ │                   token_id=382, pn_unit_iid="C_1",                       │ │
│ │                   is_motif_atom_with_fixed_coord=True,                   │ │
│ │                   within_poly_res_idx=91, molecule_entity=2,             │ │
│ │                   is_protein=True, label_entity_id=3, is_ligand=False,   │ │
│ │                   is_polymer=True, is_C_terminus=True, is_non_loopy=0,   │ │
│ │                   chain_entity=2, is_dna=False,                          │ │
│ │                   b_factor=4.268679199951281e-25, occupancy=1.0,         │ │
│ │                   atomic_number=6, chain_iid="C_1", atom_id=2680,        │ │
│ │                   pn_unit_id="C", gt_atom_name="CD2", is_backbone=False, │ │
│ │                   is_sidechain=True, coord_to_be_noised=[ 23.835068      │ │
│ │                   -15.692505 -28.915375]),                               │ │
│ │                   │   │   Atom(np.array([ 21.625, -16.375, -27.375],     │ │
│ │                   dtype=float32), chain_id="C", res_id=92, ins_code="",  │ │
│ │                   res_name="TYR", hetero=False, atom_name="CE1",         │ │
│ │                   element="C",                                           │ │
│ │                   is_motif_atom_unindexed_motif_breakpoint=False,        │ │
│ │                   orig_res_id=92, is_atom_level_hotspot=0, charge=0.0,   │ │
│ │                   chain_type=6, is_rna=False, pn_unit_entity=2,          │ │
│ │                   within_chain_res_idx=91, is_non_loopy_atom_level=0,    │ │
│ │                   is_motif_atom_with_fixed_seq=True, atomize=False,      │ │
│ │                   is_covalent_modification=False, active_donor=0,        │ │
│ │                   src_component="C120", is_residue=True,                 │ │
│ │                   active_acceptor=0, is_N_terminus=False, molecule_id=2, │ │
│ │                   ref_plddt=1, is_motif_atom_unindexed=False,            │ │
│ │                   token_id=382, pn_unit_iid="C_1",                       │ │
│ │                   is_motif_atom_with_fixed_coord=True,                   │ │
│ │                   within_poly_res_idx=91, molecule_entity=2,             │ │
│ │                   is_protein=True, label_entity_id=3, is_ligand=False,   │ │
│ │                   is_polymer=True, is_C_terminus=True, is_non_loopy=0,   │ │
│ │                   chain_entity=2, is_dna=False,                          │ │
│ │                   b_factor=4.268679199951281e-25, occupancy=1.0,         │ │
│ │                   atomic_number=6, chain_iid="C_1", atom_id=2681,        │ │
│ │                   pn_unit_id="C", gt_atom_name="CE1", is_backbone=False, │ │
│ │                   is_sidechain=True, coord_to_be_noised=[ 21.618065      │ │
│ │                   -16.346512 -27.412376]),                               │ │
│ │                   │   │   Atom(np.array([ 22.625, -15.25 , -29.25 ],     │ │
│ │                   dtype=float32), chain_id="C", res_id=92, ins_code="",  │ │
│ │                   res_name="TYR", hetero=False, atom_name="CE2",         │ │
│ │                   element="C",                                           │ │
│ │                   is_motif_atom_unindexed_motif_breakpoint=False,        │ │
│ │                   orig_res_id=92, is_atom_level_hotspot=0, charge=0.0,   │ │
│ │                   chain_type=6, is_rna=False, pn_unit_entity=2,          │ │
│ │                   within_chain_res_idx=91, is_non_loopy_atom_level=0,    │ │
│ │                   is_motif_atom_with_fixed_seq=True, atomize=False,      │ │
│ │                   is_covalent_modification=False, active_donor=0,        │ │
│ │                   src_component="C120", is_residue=True,                 │ │
│ │                   active_acceptor=0, is_N_terminus=False, molecule_id=2, │ │
│ │                   ref_plddt=1, is_motif_atom_unindexed=False,            │ │
│ │                   token_id=382, pn_unit_iid="C_1",                       │ │
│ │                   is_motif_atom_with_fixed_coord=True,                   │ │
│ │                   within_poly_res_idx=91, molecule_entity=2,             │ │
│ │                   is_protein=True, label_entity_id=3, is_ligand=False,   │ │
│ │                   is_polymer=True, is_C_terminus=True, is_non_loopy=0,   │ │
│ │                   chain_entity=2, is_dna=False,                          │ │
│ │                   b_factor=4.268679199951281e-25, occupancy=1.0,         │ │
│ │                   atomic_number=6, chain_iid="C_1", atom_id=2682,        │ │
│ │                   pn_unit_id="C", gt_atom_name="CE2", is_backbone=False, │ │
│ │                   is_sidechain=True, coord_to_be_noised=[ 22.589066      │ │
│ │                   -15.250519 -29.306374]),                               │ │
│ │                   │   │   Atom(np.array([ 21.5   , -15.5625, -28.5   ],  │ │
│ │                   dtype=float32), chain_id="C", res_id=92, ins_code="",  │ │
│ │                   res_name="TYR", hetero=False, atom_name="CZ",          │ │
│ │                   element="C",                                           │ │
│ │                   is_motif_atom_unindexed_motif_breakpoint=False,        │ │
│ │                   orig_res_id=92, is_atom_level_hotspot=0, charge=0.0,   │ │
│ │                   chain_type=6, is_rna=False, pn_unit_entity=2,          │ │
│ │                   within_chain_res_idx=91, is_non_loopy_atom_level=0,    │ │
│ │                   is_motif_atom_with_fixed_seq=True, atomize=False,      │ │
│ │                   is_covalent_modification=False, active_donor=0,        │ │
│ │                   src_component="C120", is_residue=True,                 │ │
│ │                   active_acceptor=0, is_N_terminus=False, molecule_id=2, │ │
│ │                   ref_plddt=1, is_motif_atom_unindexed=False,            │ │
│ │                   token_id=382, pn_unit_iid="C_1",                       │ │
│ │                   is_motif_atom_with_fixed_coord=True,                   │ │
│ │                   within_poly_res_idx=91, molecule_entity=2,             │ │
│ │                   is_protein=True, label_entity_id=3, is_ligand=False,   │ │
│ │                   is_polymer=True, is_C_terminus=True, is_non_loopy=0,   │ │
│ │                   chain_entity=2, is_dna=False,                          │ │
│ │                   b_factor=4.268679199951281e-25, occupancy=1.0,         │ │
│ │                   atomic_number=6, chain_iid="C_1", atom_id=2683,        │ │
│ │                   pn_unit_id="C", gt_atom_name="CZ", is_backbone=False,  │ │
│ │                   is_sidechain=True, coord_to_be_noised=[ 21.485062      │ │
│ │                   -15.580505 -28.550377]),                               │ │
│ │                   │   │   Atom(np.array([ 20.25 , -15.125, -28.875],     │ │
│ │                   dtype=float32), chain_id="C", res_id=92, ins_code="",  │ │
│ │                   res_name="TYR", hetero=False, atom_name="OH",          │ │
│ │                   element="O",                                           │ │
│ │                   is_motif_atom_unindexed_motif_breakpoint=False,        │ │
│ │                   orig_res_id=92, is_atom_level_hotspot=0, charge=0.0,   │ │
│ │                   chain_type=6, is_rna=False, pn_unit_entity=2,          │ │
│ │                   within_chain_res_idx=91, is_non_loopy_atom_level=0,    │ │
│ │                   is_motif_atom_with_fixed_seq=True, atomize=False,      │ │
│ │                   is_covalent_modification=False, active_donor=0,        │ │
│ │                   src_component="C120", is_residue=True,                 │ │
│ │                   active_acceptor=0, is_N_terminus=False, molecule_id=2, │ │
│ │                   ref_plddt=1, is_motif_atom_unindexed=False,            │ │
│ │                   token_id=382, pn_unit_iid="C_1",                       │ │
│ │                   is_motif_atom_with_fixed_coord=True,                   │ │
│ │                   within_poly_res_idx=91, molecule_entity=2,             │ │
│ │                   is_protein=True, label_entity_id=3, is_ligand=False,   │ │
│ │                   is_polymer=True, is_C_terminus=True, is_non_loopy=0,   │ │
│ │                   chain_entity=2, is_dna=False,                          │ │
│ │                   b_factor=4.268679199951281e-25, occupancy=1.0,         │ │
│ │                   atomic_number=8, chain_iid="C_1", atom_id=2684,        │ │
│ │                   pn_unit_id="C", gt_atom_name="OH", is_backbone=False,  │ │
│ │                   is_sidechain=True, coord_to_be_noised=[ 20.240067      │ │
│ │                   -15.142517 -28.93438 ])                                │ │
│ │                   ]),                                                    │ │
│ │                   │   metadata=OrderedDict({'diffused_index_map':        │ │
│ │                   {np.str_('B33'): 'B1', np.str_('B34'): 'B2',           │ │
│ │                   np.str_('B35'): 'B3', np.str_('B36'): 'B4',            │ │
│ │                   np.str_('B37'): 'B5', np.str_('B38'): 'B6',            │ │
│ │                   np.str_('B39'): 'B7', np.str_('B40'): 'B8',            │ │
│ │                   np.str_('B41'): 'B9', np.str_('B42'): 'B10',           │ │
│ │                   np.str_('B43'): 'B11', np.str_('B44'): 'B12',          │ │
│ │                   np.str_('B45'): 'B13', np.str_('B46'): 'B14',          │ │
│ │                   np.str_('B47'): 'B15', np.str_('B48'): 'B16',          │ │
│ │                   np.str_('B49'): 'B17', np.str_('B50'): 'B18',          │ │
│ │                   np.str_('B51'): 'B19', np.str_('B52'): 'B20',          │ │
│ │                   np.str_('B53'): 'B21', np.str_('B54'): 'B22',          │ │
│ │                   np.str_('B64'): 'B33', np.str_('B65'): 'B34',          │ │
│ │                   np.str_('B66'): 'B35', np.str_('B67'): 'B36',          │ │
│ │                   np.str_('B68'): 'B37', np.str_('B69'): 'B38',          │ │
│ │                   np.str_('B70'): 'B39', np.str_('B71'): 'B40',          │ │
│ │                   np.str_('B72'): 'B41', np.str_('B73'): 'B42',          │ │
│ │                   np.str_('B74'): 'B43', np.str_('B75'): 'B44',          │ │
│ │                   np.str_('B76'): 'B45', np.str_('B77'): 'B46',          │ │
│ │                   np.str_('B78'): 'B47', np.str_('B79'): 'B48',          │ │
│ │                   np.str_('B80'): 'B49', np.str_('B81'): 'B50',          │ │
│ │                   np.str_('B82'): 'B51', np.str_('B83'): 'B52',          │ │
│ │                   np.str_('B84'): 'B53', np.str_('B85'): 'B54',          │ │
│ │                   np.str_('B86'): 'B55', np.str_('B87'): 'B56',          │ │
│ │                   np.str_('B88'): 'B57', np.str_('B89'): 'B58',          │ │
│ │                   np.str_('B90'): 'B59', np.str_('B91'): 'B60',          │ │
│ │                   np.str_('B92'): 'B61', np.str_('B93'): 'B62',          │ │
│ │                   np.str_('B94'): 'B63', np.str_('B95'): 'B64',          │ │
│ │                   np.str_('B96'): 'B65', np.str_('B97'): 'B66',          │ │
│ │                   np.str_('B98'): 'B67', np.str_('B99'): 'B68',          │ │
│ │                   np.str_('B100'): 'B69', np.str_('B101'): 'B70',        │ │
│ │                   np.str_('B102'): 'B71', np.str_('B103'): 'B72',        │ │
│ │                   np.str_('B104'): 'B73', np.str_('B105'): 'B74',        │ │
│ │                   np.str_('B106'): 'B75', np.str_('B110'): 'B79',        │ │
│ │                   np.str_('B111'): 'B80', np.str_('B112'): 'B81',        │ │
│ │                   np.str_('B113'): 'B82', np.str_('B114'): 'B83',        │ │
│ │                   np.str_('B115'): 'B84', np.str_('B116'): 'B85',        │ │
│ │                   np.str_('B117'): 'B86', np.str_('B118'): 'B87',        │ │
│ │                   np.str_('B119'): 'B88', np.str_('B120'): 'B89',        │ │
│ │                   np.str_('B121'): 'B90', np.str_('B122'): 'B91',        │ │
│ │                   np.str_('B123'): 'B92', np.str_('B124'): 'B93',        │ │
│ │                   np.str_('B125'): 'B94', np.str_('B126'): 'B95',        │ │
│ │                   np.str_('B127'): 'B96', np.str_('B128'): 'B97',        │ │
│ │                   np.str_('B129'): 'B98', np.str_('B130'): 'B99',        │ │
│ │                   np.str_('B131'): 'B100', np.str_('B132'): 'B101',      │ │
│ │                   np.str_('B133'): 'B102', np.str_('B134'): 'B103',      │ │
│ │                   np.str_('B135'): 'B104', np.str_('B136'): 'B105',      │ │
│ │                   np.str_('B137'): 'B106', np.str_('B138'): 'B107',      │ │
│ │                   np.str_('B139'): 'B108', np.str_('B140'): 'B109',      │ │
│ │                   np.str_('B141'): 'B110', np.str_('B142'): 'B111',      │ │
│ │                   np.str_('B143'): 'B112', np.str_('B144'): 'B113',      │ │
│ │                   np.str_('B145'): 'B114', np.str_('B146'): 'B115',      │ │
│ │                   np.str_('B147'): 'B116', np.str_('B148'): 'B117',      │ │
│ │                   np.str_('B149'): 'B118', np.str_('B150'): 'B119',      │ │
│ │                   np.str_('B151'): 'B120', np.str_('B152'): 'B121',      │ │
│ │                   np.str_('B153'): 'B122', np.str_('B154'): 'B123',      │ │
│ │                   np.str_('B155'): 'B124', np.str_('B156'): 'B125',      │ │
│ │                   np.str_('B157'): 'B126', np.str_('B158'): 'B127',      │ │
│ │                   np.str_('B159'): 'B128', np.str_('B160'): 'B129',      │ │
│ │                   np.str_('B161'): 'B130', np.str_('B162'): 'B131',      │ │
│ │                   np.str_('B163'): 'B132', np.str_('B164'): 'B133',      │ │
│ │                   np.str_('B165'): 'B134', np.str_('B166'): 'B135',      │ │
│ │                   np.str_('B167'): 'B136', np.str_('B168'): 'B137',      │ │
│ │                   np.str_('B169'): 'B138', np.str_('B170'): 'B139',      │ │
│ │                   np.str_('B171'): 'B140', np.str_('B172'): 'B141',      │ │
│ │                   np.str_('B173'): 'B142', np.str_('B174'): 'B143',      │ │
│ │                   np.str_('B175'): 'B144', np.str_('B176'): 'B145',      │ │
│ │                   np.str_('B177'): 'B146', np.str_('B178'): 'B147',      │ │
│ │                   np.str_('B179'): 'B148', np.str_('B180'): 'B149',      │ │
│ │                   np.str_('B181'): 'B150', np.str_('B182'): 'B151',      │ │
│ │                   np.str_('B183'): 'B152', np.str_('B184'): 'B153',      │ │
│ │                   np.str_('B185'): 'B154', np.str_('B186'): 'B155',      │ │
│ │                   np.str_('B187'): 'B156', np.str_('B188'): 'B157',      │ │
│ │                   np.str_('B189'): 'B158', np.str_('B190'): 'B159',      │ │
│ │                   np.str_('B191'): 'B160', np.str_('B192'): 'B161',      │ │
│ │                   np.str_('B193'): 'B162', np.str_('B194'): 'B163',      │ │
│ │                   np.str_('B195'): 'B164', np.str_('B196'): 'B165',      │ │
│ │                   np.str_('B197'): 'B166', np.str_('B198'): 'B167',      │ │
│ │                   np.str_('B199'): 'B168', np.str_('B200'): 'B169',      │ │
│ │                   np.str_('C29'): 'C1', np.str_('C30'): 'C2',            │ │
│ │                   np.str_('C31'): 'C3', np.str_('C32'): 'C4',            │ │
│ │                   np.str_('C33'): 'C5', np.str_('C34'): 'C6',            │ │
│ │                   np.str_('C35'): 'C7', np.str_('C36'): 'C8',            │ │
│ │                   np.str_('C37'): 'C9', np.str_('C38'): 'C10',           │ │
│ │                   np.str_('C39'): 'C11', np.str_('C40'): 'C12',          │ │
│ │                   np.str_('C41'): 'C13', np.str_('C42'): 'C14',          │ │
│ │                   np.str_('C43'): 'C15', np.str_('C44'): 'C16',          │ │
│ │                   np.str_('C45'): 'C17', np.str_('C46'): 'C18',          │ │
│ │                   np.str_('C47'): 'C19', np.str_('C48'): 'C20',          │ │
│ │                   np.str_('C49'): 'C21', np.str_('C50'): 'C22',          │ │
│ │                   np.str_('C51'): 'C23', np.str_('C52'): 'C24',          │ │
│ │                   np.str_('C53'): 'C25', np.str_('C54'): 'C26',          │ │
│ │                   np.str_('C55'): 'C27', np.str_('C56'): 'C28',          │ │
│ │                   np.str_('C57'): 'C29', np.str_('C58'): 'C30',          │ │
│ │                   np.str_('C59'): 'C31', np.str_('C60'): 'C32',          │ │
│ │                   np.str_('C61'): 'C33', np.str_('C62'): 'C34',          │ │
│ │                   np.str_('C63'): 'C35', np.str_('C64'): 'C36',          │ │
│ │                   np.str_('C65'): 'C37', np.str_('C66'): 'C38',          │ │
│ │                   np.str_('C67'): 'C39', np.str_('C68'): 'C40',          │ │
│ │                   np.str_('C69'): 'C41', np.str_('C70'): 'C42',          │ │
│ │                   np.str_('C71'): 'C43', np.str_('C72'): 'C44',          │ │
│ │                   np.str_('C73'): 'C45', np.str_('C74'): 'C46',          │ │
│ │                   np.str_('C75'): 'C47', np.str_('C76'): 'C48',          │ │
│ │                   np.str_('C77'): 'C49', np.str_('C78'): 'C50',          │ │
│ │                   np.str_('C79'): 'C51', np.str_('C80'): 'C52',          │ │
│ │                   np.str_('C81'): 'C53', np.str_('C82'): 'C54',          │ │
│ │                   np.str_('C83'): 'C55', np.str_('C84'): 'C56',          │ │
│ │                   np.str_('C85'): 'C57', np.str_('C86'): 'C58',          │ │
│ │                   np.str_('C87'): 'C59', np.str_('C88'): 'C60',          │ │
│ │                   np.str_('C89'): 'C61', np.str_('C90'): 'C62',          │ │
│ │                   np.str_('C91'): 'C63', np.str_('C92'): 'C64',          │ │
│ │                   np.str_('C93'): 'C65', np.str_('C94'): 'C66',          │ │
│ │                   np.str_('C95'): 'C67', np.str_('C96'): 'C68',          │ │
│ │                   np.str_('C97'): 'C69', np.str_('C98'): 'C70',          │ │
│ │                   np.str_('C99'): 'C71', np.str_('C100'): 'C72',         │ │
│ │                   np.str_('C101'): 'C73', np.str_('C102'): 'C74',        │ │
│ │                   np.str_('C103'): 'C75', np.str_('C104'): 'C76',        │ │
│ │                   np.str_('C105'): 'C77', np.str_('C106'): 'C78',        │ │
│ │                   np.str_('C107'): 'C79', np.str_('C108'): 'C80',        │ │
│ │                   np.str_('C109'): 'C81', np.str_('C110'): 'C82',        │ │
│ │                   np.str_('C111'): 'C83', np.str_('C112'): 'C84',        │ │
│ │                   np.str_('C113'): 'C85', np.str_('C114'): 'C86',        │ │
│ │                   np.str_('C115'): 'C87', np.str_('C116'): 'C88',        │ │
│ │                   np.str_('C117'): 'C89', np.str_('C118'): 'C90',        │ │
│ │                   np.str_('C119'): 'C91', np.str_('C120'): 'C92'},       │ │
│ │                   'metrics': {'max_ca_deviation': 0.7784304618835449,    │ │
│ │                   'n_chainbreaks': 1,                                    │ │
│ │                   'n_clashing.interresidue_clashes_w_sidechain': 2,      │ │
│ │                   'n_clashing.interresidue_clashes_w_backbone': 0,       │ │
│ │                   'non_loop_fraction': np.float64(0.7333333333333333),   │ │
│ │                   'loop_fraction': np.float64(0.26666666666666666),      │ │
│ │                   'helix_fraction': np.float64(0.7333333333333333),      │ │
│ │                   'sheet_fraction': np.float64(0.0), 'num_ss_elements':  │ │
│ │                   6, 'radius_of_gyration':                               │ │
│ │                   np.float64(18.71144734003099), 'alanine_content':      │ │
│ │                   np.float64(0.14360313315926893), 'glycine_content':    │ │
│ │                   np.float64(0.05483028720626632), 'num_residues': 383,  │ │
│ │                   'diffused_com': [-1.690962553024292,                   │ │
│ │                   -4.120264053344727, -0.6413646936416626], 'fixed_com': │ │
│ │                   [10.650075912475586, -3.605642795562744,               │ │
│ │                   -12.054028511047363]}, 'specification': {'input':      │ │
│ │                   '/work3/marhr/Projects/dbl/CLR_RAMP1/exp_01/inputs/6e… │ │
│ │                   'contig':                                              │ │
│ │                   '50-150,/0,B33-54,10,B64-106,3,B110-200,/0,C29-120',   │ │
│ │                   'length': '298-398', 'extra': {'example':              │ │
│ │                   'CLR_RAMP1_test', 'task_name':                         │ │
│ │                   'CLR_RAMP1_rfd3_test_CLR_RAMP1_test',                  │ │
│ │                   'sampled_contig':                                      │ │
│ │                   '122,/0,B33,B34,B35,B36,B37,B38,B39,B40,B41,B42,B43,B… │ │
│ │                   'num_tokens_in': 383, 'num_residues_in': 383,          │ │
│ │                   'num_chains': 3, 'num_atoms': 2685, 'num_residues':    │ │
│ │                   172, 'example_id':                                     │ │
│ │                   'CLR_RAMP1_rfd3_test_CLR_RAMP1_test_0'},               │ │
│ │                   'select_fixed_atoms': True, 'select_unfixed_sequence': │ │
│ │                   False, 'select_hbond_acceptor': {'B90': 'OD1,OD2',     │ │
│ │                   'B94': 'OD1,OD2'}, 'select_hbond_donor': {'B38':       │ │
│ │                   'NH1,NH2'}, 'select_hotspots': {'B33': 'NE2', 'B72':   │ │
│ │                   'NE1,CD1,CD2,CG,CE3,CZ2,CZ3', 'B92':                   │ │
│ │                   'CD2,CD1,CE1,CE2,CZ'}, 'infer_ori_strategy':           │ │
│ │                   'hotspots'}, 'ckpt_path':                              │ │
│ │                   '/dtu/projects/dbl/foundry/ckpt/rfd3_latest.ckpt',     │ │
│ │                   'seed': None}),                                        │ │
│ │                   │                                                      │ │
│ │                   example_id='CLR_RAMP1_rfd3_test_CLR_RAMP1_test_0_mode… │ │
│ │                   │   denoised_trajectory_stack=None,                    │ │
│ │                   │   noisy_trajectory_stack=None                        │ │
│ │                   )                                                      │ │
│ │     output_list = [                                                      │ │
│ │                   │   RFD3Output(                                        │ │
│ │                   │   │   atom_array=AtomArray([                         │ │
│ │                   │   │   Atom(np.array([11.861761 , 14.903485 ,         │ │
│ │                   6.5779877], dtype=float32), chain_id="A", res_id=1,    │ │
│ │                   ins_code="", res_name="HIS", hetero=False,             │ │
│ │                   atom_name="N", element="N",                            │ │
│ │                   is_motif_atom_unindexed_motif_breakpoint=False,        │ │
│ │                   orig_res_id=1, is_atom_level_hotspot=0, charge=0.0,    │ │
│ │                   chain_type=6, is_rna=False, pn_unit_entity=0,          │ │
│ │                   within_chain_res_idx=0, is_non_loopy_atom_level=0,     │ │
│ │                   is_motif_atom_with_fixed_seq=False, atomize=False,     │ │
│ │                   is_covalent_modification=False, active_donor=0,        │ │
│ │                   src_component="122", is_residue=True,                  │ │
│ │                   active_acceptor=0, is_N_terminus=True, molecule_id=0,  │ │
│ │                   ref_plddt=1, is_motif_atom_unindexed=False,            │ │
│ │                   token_id=0, pn_unit_iid="A_1",                         │ │
│ │                   is_motif_atom_with_fixed_coord=False,                  │ │
│ │                   within_poly_res_idx=0, molecule_entity=0,              │ │
│ │                   is_protein=True, label_entity_id=1, is_ligand=False,   │ │
│ │                   is_polymer=True, is_C_terminus=False, is_non_loopy=0,  │ │
│ │                   chain_entity=0, is_dna=False,                          │ │
│ │                   b_factor=1.9519758899359196e-30, occupancy=1.0,        │ │
│ │                   atomic_number=7, chain_iid="A_1", atom_id=0,           │ │
│ │                   pn_unit_id="A", gt_atom_name="N", is_backbone=True,    │ │
│ │                   is_sidechain=False, coord_to_be_noised=[0. 0. 0.]),    │ │
│ │                   │   │   Atom(np.array([10.970886, 14.781339,           │ │
│ │                   5.453105], dtype=float32), chain_id="A", res_id=1,     │ │
│ │                   ins_code="", res_name="HIS", hetero=False,             │ │
│ │                   atom_name="CA", element="C",                           │ │
│ │                   is_motif_atom_unindexed_motif_breakpoint=False,        │ │
│ │                   orig_res_id=1, is_atom_level_hotspot=0, charge=0.0,    │ │
│ │                   chain_type=6, is_rna=False, pn_unit_entity=0,          │ │
│ │                   within_chain_res_idx=0, is_non_loopy_atom_level=0,     │ │
│ │                   is_motif_atom_with_fixed_seq=False, atomize=False,     │ │
│ │                   is_covalent_modification=False, active_donor=0,        │ │
│ │                   src_component="122", is_residue=True,                  │ │
│ │                   active_acceptor=0, is_N_terminus=True, molecule_id=0,  │ │
│ │                   ref_plddt=1, is_motif_atom_unindexed=False,            │ │
│ │                   token_id=0, pn_unit_iid="A_1",                         │ │
│ │                   is_motif_atom_with_fixed_coord=False,                  │ │
│ │                   within_poly_res_idx=0, molecule_entity=0,              │ │
│ │                   is_protein=True, label_entity_id=1, is_ligand=False,   │ │
│ │                   is_polymer=True, is_C_terminus=False, is_non_loopy=0,  │ │
│ │                   chain_entity=0, is_dna=False,                          │ │
│ │                   b_factor=1.9519758899359196e-30, occupancy=1.0,        │ │
│ │                   atomic_number=6, chain_iid="A_1", atom_id=1,           │ │
│ │                   pn_unit_id="A", gt_atom_name="CA", is_backbone=True,   │ │
│ │                   is_sidechain=False, coord_to_be_noised=[0. 0. 0.]),    │ │
│ │                   │   │   Atom(np.array([ 9.536328, 14.406163,           │ │
│ │                   5.920499], dtype=float32), chain_id="A", res_id=1,     │ │
│ │                   ins_code="", res_name="HIS", hetero=False,             │ │
│ │                   atom_name="C", element="C",                            │ │
│ │                   is_motif_atom_unindexed_motif_breakpoint=False,        │ │
│ │                   orig_res_id=1, is_atom_level_hotspot=0, charge=0.0,    │ │
│ │                   chain_type=6, is_rna=False, pn_unit_entity=0,          │ │
│ │                   within_chain_res_idx=0, is_non_loopy_atom_level=0,     │ │
│ │                   is_motif_atom_with_fixed_seq=False, atomize=False,     │ │
│ │                   is_covalent_modification=False, active_donor=0,        │ │
│ │                   src_component="122", is_residue=True,                  │ │
│ │                   active_acceptor=0, is_N_terminus=True, molecule_id=0,  │ │
│ │                   ref_plddt=1, is_motif_atom_unindexed=False,            │ │
│ │                   token_id=0, pn_unit_iid="A_1",                         │ │
│ │                   is_motif_atom_with_fixed_coord=False,                  │ │
│ │                   within_poly_res_idx=0, molecule_entity=0,              │ │
│ │                   is_protein=True, label_entity_id=1, is_ligand=False,   │ │
│ │                   is_polymer=True, is_C_terminus=False, is_non_loopy=0,  │ │
│ │                   chain_entity=0, is_dna=False,                          │ │
│ │                   b_factor=1.9519758899359196e-30, occupancy=1.0,        │ │
│ │                   atomic_number=6, chain_iid="A_1", atom_id=2,           │ │
│ │                   pn_unit_id="A", gt_atom_name="C", is_backbone=True,    │ │
│ │                   is_sidechain=False, coord_to_be_noised=[0. 0. 0.]),    │ │
│ │                   │   │   Atom(np.array([ 9.4045725, 13.506256 ,         │ │
│ │                   6.711489 ], dtype=float32), chain_id="A", res_id=1,    │ │
│ │                   ins_code="", res_name="HIS", hetero=False,             │ │
│ │                   atom_name="O", element="O",                            │ │
│ │                   is_motif_atom_unindexed_motif_breakpoint=False,        │ │
│ │                   orig_res_id=1, is_atom_level_hotspot=0, charge=0.0,    │ │
│ │                   chain_type=6, is_rna=False, pn_unit_entity=0,          │ │
│ │                   within_chain_res_idx=0, is_non_loopy_atom_level=0,     │ │
│ │                   is_motif_atom_with_fixed_seq=False, atomize=False,     │ │
│ │                   is_covalent_modification=False, active_donor=0,        │ │
│ │                   src_component="122", is_residue=True,                  │ │
│ │                   active_acceptor=0, is_N_terminus=True, molecule_id=0,  │ │
│ │                   ref_plddt=1, is_motif_atom_unindexed=False,            │ │
│ │                   token_id=0, pn_unit_iid="A_1",                         │ │
│ │                   is_motif_atom_with_fixed_coord=False,                  │ │
│ │                   within_poly_res_idx=0, molecule_entity=0,              │ │
│ │                   is_protein=True, label_entity_id=1, is_ligand=False,   │ │
│ │                   is_polymer=True, is_C_terminus=False, is_non_loopy=0,  │ │
│ │                   chain_entity=0, is_dna=False,                          │ │
│ │                   b_factor=1.9519758899359196e-30, occupancy=1.0,        │ │
│ │                   atomic_number=8, chain_iid="A_1", atom_id=3,           │ │
│ │                   pn_unit_id="A", gt_atom_name="O", is_backbone=True,    │ │
│ │                   is_sidechain=False, coord_to_be_noised=[0. 0. 0.]),    │ │
│ │                   │   │   Atom(np.array([11.530305, 13.797945,           │ │
│ │                   4.422353], dtype=float32), chain_id="A", res_id=1,     │ │
│ │                   ins_code="", res_name="HIS", hetero=False,             │ │
│ │                   atom_name="CB", element="C",                           │ │
│ │                   is_motif_atom_unindexed_motif_breakpoint=False,        │ │
│ │                   orig_res_id=1, is_atom_level_hotspot=0, charge=0.0,    │ │
│ │                   chain_type=6, is_rna=False, pn_unit_entity=0,          │ │
│ │                   within_chain_res_idx=0, is_non_loopy_atom_level=0,     │ │
│ │                   is_motif_atom_with_fixed_seq=False, atomize=False,     │ │
│ │                   is_covalent_modification=False, active_donor=0,        │ │
│ │                   src_component="122", is_residue=True,                  │ │
│ │                   active_acceptor=0, is_N_terminus=True, molecule_id=0,  │ │
│ │                   ref_plddt=1, is_motif_atom_unindexed=False,            │ │
│ │                   token_id=0, pn_unit_iid="A_1",                         │ │
│ │                   is_motif_atom_with_fixed_coord=False,                  │ │
│ │                   within_poly_res_idx=0, molecule_entity=0,              │ │
│ │                   is_protein=True, label_entity_id=1, is_ligand=False,   │ │
│ │                   is_polymer=True, is_C_terminus=False, is_non_loopy=0,  │ │
│ │                   chain_entity=0, is_dna=False,                          │ │
│ │                   b_factor=1.9519758899359196e-30, occupancy=1.0,        │ │
│ │                   atomic_number=6, chain_iid="A_1", atom_id=4,           │ │
│ │                   pn_unit_id="A", gt_atom_name="CB", is_backbone=False,  │ │
│ │                   is_sidechain=True, coord_to_be_noised=[0. 0. 0.]),     │ │
│ │                   │   │   Atom(np.array([12.802449 , 14.231616 ,         │ │
│ │                   3.8042138], dtype=float32), chain_id="A", res_id=1,    │ │
│ │                   ins_code="", res_name="HIS", hetero=False,             │ │
│ │                   atom_name="CG", element="C",                           │ │
│ │                   is_motif_atom_unindexed_motif_breakpoint=False,        │ │
│ │                   orig_res_id=1, is_atom_level_hotspot=0, charge=0.0,    │ │
│ │                   chain_type=6, is_rna=False, pn_unit_entity=0,          │ │
│ │                   within_chain_res_idx=0, is_non_loopy_atom_level=0,     │ │
│ │                   is_motif_atom_with_fixed_seq=False, atomize=False,     │ │
│ │                   is_covalent_modification=False, active_donor=0,        │ │
│ │                   src_component="122", is_residue=True,                  │ │
│ │                   active_acceptor=0, is_N_terminus=True, molecule_id=0,  │ │
│ │                   ref_plddt=1, is_motif_atom_unindexed=False,            │ │
│ │                   token_id=0, pn_unit_iid="A_1",                         │ │
│ │                   is_motif_atom_with_fixed_coord=False,                  │ │
│ │                   within_poly_res_idx=0, molecule_entity=0,              │ │
│ │                   is_protein=True, label_entity_id=1, is_ligand=False,   │ │
│ │                   is_polymer=True, is_C_terminus=False, is_non_loopy=0,  │ │
│ │                   chain_entity=0, is_dna=False,                          │ │
│ │                   b_factor=1.9519758899359196e-30, occupancy=1.0,        │ │
│ │                   atomic_number=6, chain_iid="A_1", atom_id=4,           │ │
│ │                   pn_unit_id="A", gt_atom_name="V0", is_backbone=False,  │ │
│ │                   is_sidechain=True, coord_to_be_noised=[0. 0. 0.]),     │ │
│ │                   │   │   Atom(np.array([12.917265 , 15.341447 ,         │ │
│ │                   3.0092812], dtype=float32), chain_id="A", res_id=1,    │ │
│ │                   ins_code="", res_name="HIS", hetero=False,             │ │
│ │                   atom_name="ND1", element="N",                          │ │
│ │                   is_motif_atom_unindexed_motif_breakpoint=False,        │ │
│ │                   orig_res_id=1, is_atom_level_hotspot=0, charge=0.0,    │ │
│ │                   chain_type=6, is_rna=False, pn_unit_entity=0,          │ │
│ │                   within_chain_res_idx=0, is_non_loopy_atom_level=0,     │ │
│ │                   is_motif_atom_with_fixed_seq=False, atomize=False,     │ │
│ │                   is_covalent_modification=False, active_donor=0,        │ │
│ │                   src_component="122", is_residue=True,                  │ │
│ │                   active_acceptor=0, is_N_terminus=True, molecule_id=0,  │ │
│ │                   ref_plddt=1, is_motif_atom_unindexed=False,            │ │
│ │                   token_id=0, pn_unit_iid="A_1",                         │ │
│ │                   is_motif_atom_with_fixed_coord=False,                  │ │
│ │                   within_poly_res_idx=0, molecule_entity=0,              │ │
│ │                   is_protein=True, label_entity_id=1, is_ligand=False,   │ │
│ │                   is_polymer=True, is_C_terminus=False, is_non_loopy=0,  │ │
│ │                   chain_entity=0, is_dna=False,                          │ │
│ │                   b_factor=1.9519758899359196e-30, occupancy=1.0,        │ │
│ │                   atomic_number=6, chain_iid="A_1", atom_id=4,           │ │
│ │                   pn_unit_id="A", gt_atom_name="V1", is_backbone=False,  │ │
│ │                   is_sidechain=True, coord_to_be_noised=[0. 0. 0.]),     │ │
│ │                   │   │   Atom(np.array([14.030176 , 13.712774 ,         │ │
│ │                   3.9714246], dtype=float32), chain_id="A", res_id=1,    │ │
│ │                   ins_code="", res_name="HIS", hetero=False,             │ │
│ │                   atom_name="CD2", element="C",                          │ │
│ │                   is_motif_atom_unindexed_motif_breakpoint=False,        │ │
│ │                   orig_res_id=1, is_atom_level_hotspot=0, charge=0.0,    │ │
│ │                   chain_type=6, is_rna=False, pn_unit_entity=0,          │ │
│ │                   within_chain_res_idx=0, is_non_loopy_atom_level=0,     │ │
│ │                   is_motif_atom_with_fixed_seq=False, atomize=False,     │ │
│ │                   is_covalent_modification=False, active_donor=0,        │ │
│ │                   src_component="122", is_residue=True,                  │ │
│ │                   active_acceptor=0, is_N_terminus=True, molecule_id=0,  │ │
│ │                   ref_plddt=1, is_motif_atom_unindexed=False,            │ │
│ │                   token_id=0, pn_unit_iid="A_1",                         │ │
│ │                   is_motif_atom_with_fixed_coord=False,                  │ │
│ │                   within_poly_res_idx=0, molecule_entity=0,              │ │
│ │                   is_protein=True, label_entity_id=1, is_ligand=False,   │ │
│ │                   is_polymer=True, is_C_terminus=False, is_non_loopy=0,  │ │
│ │                   chain_entity=0, is_dna=False,                          │ │
│ │                   b_factor=1.9519758899359196e-30, occupancy=1.0,        │ │
│ │                   atomic_number=6, chain_iid="A_1", atom_id=4,           │ │
│ │                   pn_unit_id="A", gt_atom_name="V2", is_backbone=False,  │ │
│ │                   is_sidechain=True, coord_to_be_noised=[0. 0. 0.]),     │ │
│ │                   │   │   Atom(np.array([14.222171 , 15.451782 ,         │ │
│ │                   2.6913924], dtype=float32), chain_id="A", res_id=1,    │ │
│ │                   ins_code="", res_name="HIS", hetero=False,             │ │
│ │                   atom_name="CE1", element="C",                          │ │
│ │                   is_motif_atom_unindexed_motif_breakpoint=False,        │ │
│ │                   orig_res_id=1, is_atom_level_hotspot=0, charge=0.0,    │ │
│ │                   chain_type=6, is_rna=False, pn_unit_entity=0,          │ │
│ │                   within_chain_res_idx=0, is_non_loopy_atom_level=0,     │ │
│ │                   is_motif_atom_with_fixed_seq=False, atomize=False,     │ │
│ │                   is_covalent_modification=False, active_donor=0,        │ │
│ │                   src_component="122", is_residue=True,                  │ │
│ │                   active_acceptor=0, is_N_terminus=True, molecule_id=0,  │ │
│ │                   ref_plddt=1, is_motif_atom_unindexed=False,            │ │
│ │                   token_id=0, pn_unit_iid="A_1",                         │ │
│ │                   is_motif_atom_with_fixed_coord=False,                  │ │
│ │                   within_poly_res_idx=0, molecule_entity=0,              │ │
│ │                   is_protein=True, label_entity_id=1, is_ligand=False,   │ │
│ │                   is_polymer=True, is_C_terminus=False, is_non_loopy=0,  │ │
│ │                   chain_entity=0, is_dna=False,                          │ │
│ │                   b_factor=1.9519758899359196e-30, occupancy=1.0,        │ │
│ │                   atomic_number=6, chain_iid="A_1", atom_id=4,           │ │
│ │                   pn_unit_id="A", gt_atom_name="V3", is_backbone=False,  │ │
│ │                   is_sidechain=True, coord_to_be_noised=[0. 0. 0.]),     │ │
│ │                   │   │   Atom(np.array([14.906555 , 14.432558 ,         │ │
│ │                   3.2365258], dtype=float32), chain_id="A", res_id=1,    │ │
│ │                   ins_code="", res_name="HIS", hetero=False,             │ │
│ │                   atom_name="NE2", element="N",                          │ │
│ │                   is_motif_atom_unindexed_motif_breakpoint=False,        │ │
│ │                   orig_res_id=1, is_atom_level_hotspot=0, charge=0.0,    │ │
│ │                   chain_type=6, is_rna=False, pn_unit_entity=0,          │ │
│ │                   within_chain_res_idx=0, is_non_loopy_atom_level=0,     │ │
│ │                   is_motif_atom_with_fixed_seq=False, atomize=False,     │ │
│ │                   is_covalent_modification=False, active_donor=0,        │ │
│ │                   src_component="122", is_residue=True,                  │ │
│ │                   active_acceptor=0, is_N_terminus=True, molecule_id=0,  │ │
│ │                   ref_plddt=1, is_motif_atom_unindexed=False,            │ │
│ │                   token_id=0, pn_unit_iid="A_1",                         │ │
│ │                   is_motif_atom_with_fixed_coord=False,                  │ │
│ │                   within_poly_res_idx=0, molecule_entity=0,              │ │
│ │                   is_protein=True, label_entity_id=1, is_ligand=False,   │ │
│ │                   is_polymer=True, is_C_terminus=False, is_non_loopy=0,  │ │
│ │                   chain_entity=0, is_dna=False,                          │ │
│ │                   b_factor=1.9519758899359196e-30, occupancy=1.0,        │ │
│ │                   atomic_number=6, chain_iid="A_1", atom_id=4,           │ │
│ │                   pn_unit_id="A", gt_atom_name="V4", is_backbone=False,  │ │
│ │                   is_sidechain=True, coord_to_be_noised=[0. 0. 0.])      │ │
│ │                   │   │   ... (2869 not shown) ...,                      │ │
│ │                   │   │   Atom(np.array([ 26.625, -18.375, -25.75 ],     │ │
│ │                   dtype=float32), chain_id="C", res_id=92, ins_code="",  │ │
│ │                   res_name="TYR", hetero=False, atom_name="C",           │ │
│ │                   element="C",                                           │ │
│ │                   is_motif_atom_unindexed_motif_breakpoint=False,        │ │
│ │                   orig_res_id=92, is_atom_level_hotspot=0, charge=0.0,   │ │
│ │                   chain_type=6, is_rna=False, pn_unit_entity=2,          │ │
│ │                   within_chain_res_idx=91, is_non_loopy_atom_level=0,    │ │
│ │                   is_motif_atom_with_fixed_seq=True, atomize=False,      │ │
│ │                   is_covalent_modification=False, active_donor=0,        │ │
│ │                   src_component="C120", is_residue=True,                 │ │
│ │                   active_acceptor=0, is_N_terminus=False, molecule_id=2, │ │
│ │                   ref_plddt=1, is_motif_atom_unindexed=False,            │ │
│ │                   token_id=382, pn_unit_iid="C_1",                       │ │
│ │                   is_motif_atom_with_fixed_coord=True,                   │ │
│ │                   within_poly_res_idx=91, molecule_entity=2,             │ │
│ │                   is_protein=True, label_entity_id=3, is_ligand=False,   │ │
│ │                   is_polymer=True, is_C_terminus=True, is_non_loopy=0,   │ │
│ │                   chain_entity=2, is_dna=False,                          │ │
│ │                   b_factor=4.268601299936891e-25, occupancy=1.0,         │ │
│ │                   atomic_number=6, chain_iid="C_1", atom_id=2675,        │ │
│ │                   pn_unit_id="C", gt_atom_name="C", is_backbone=True,    │ │
│ │                   is_sidechain=False, coord_to_be_noised=[ 26.650063     │ │
│ │                   -18.36451  -25.717377]),                               │ │
│ │                   │   │   Atom(np.array([ 26.5  , -19.625, -25.875],     │ │
│ │                   dtype=float32), chain_id="C", res_id=92, ins_code="",  │ │
│ │                   res_name="TYR", hetero=False, atom_name="O",           │ │
│ │                   element="O",                                           │ │
│ │                   is_motif_atom_unindexed_motif_breakpoint=False,        │ │
│ │                   orig_res_id=92, is_atom_level_hotspot=0, charge=0.0,   │ │
│ │                   chain_type=6, is_rna=False, pn_unit_entity=2,          │ │
│ │                   within_chain_res_idx=91, is_non_loopy_atom_level=0,    │ │
│ │                   is_motif_atom_with_fixed_seq=True, atomize=False,      │ │
│ │                   is_covalent_modification=False, active_donor=0,        │ │
│ │                   src_component="C120", is_residue=True,                 │ │
│ │                   active_acceptor=0, is_N_terminus=False, molecule_id=2, │ │
│ │                   ref_plddt=1, is_motif_atom_unindexed=False,            │ │
│ │                   token_id=382, pn_unit_iid="C_1",                       │ │
│ │                   is_motif_atom_with_fixed_coord=True,                   │ │
│ │                   within_poly_res_idx=91, molecule_entity=2,             │ │
│ │                   is_protein=True, label_entity_id=3, is_ligand=False,   │ │
│ │                   is_polymer=True, is_C_terminus=True, is_non_loopy=0,   │ │
│ │                   chain_entity=2, is_dna=False,                          │ │
│ │                   b_factor=4.268601299936891e-25, occupancy=1.0,         │ │
│ │                   atomic_number=8, chain_iid="C_1", atom_id=2676,        │ │
│ │                   pn_unit_id="C", gt_atom_name="O", is_backbone=True,    │ │
│ │                   is_sidechain=False, coord_to_be_noised=[ 26.446068     │ │
│ │                   -19.58451  -25.836372]),                               │ │
│ │                   │   │   Atom(np.array([ 25.375, -17.   , -27.375],     │ │
│ │                   dtype=float32), chain_id="C", res_id=92, ins_code="",  │ │
│ │                   res_name="TYR", hetero=False, atom_name="CB",          │ │
│ │                   element="C",                                           │ │
│ │                   is_motif_atom_unindexed_motif_breakpoint=False,        │ │
│ │                   orig_res_id=92, is_atom_level_hotspot=0, charge=0.0,   │ │
│ │                   chain_type=6, is_rna=False, pn_unit_entity=2,          │ │
│ │                   within_chain_res_idx=91, is_non_loopy_atom_level=0,    │ │
│ │                   is_motif_atom_with_fixed_seq=True, atomize=False,      │ │
│ │                   is_covalent_modification=False, active_donor=0,        │ │
│ │                   src_component="C120", is_residue=True,                 │ │
│ │                   active_acceptor=0, is_N_terminus=False, molecule_id=2, │ │
│ │                   ref_plddt=1, is_motif_atom_unindexed=False,            │ │
│ │                   token_id=382, pn_unit_iid="C_1",                       │ │
│ │                   is_motif_atom_with_fixed_coord=True,                   │ │
│ │                   within_poly_res_idx=91, molecule_entity=2,             │ │
│ │                   is_protein=True, label_entity_id=3, is_ligand=False,   │ │
│ │                   is_polymer=True, is_C_terminus=True, is_non_loopy=0,   │ │
│ │                   chain_entity=2, is_dna=False,                          │ │
│ │                   b_factor=4.268601299936891e-25, occupancy=1.0,         │ │
│ │                   atomic_number=6, chain_iid="C_1", atom_id=2677,        │ │
│ │                   pn_unit_id="C", gt_atom_name="CB", is_backbone=False,  │ │
│ │                   is_sidechain=True, coord_to_be_noised=[ 25.365067      │ │
│ │                   -16.946518 -27.356377]),                               │ │
│ │                   │   │   Atom(np.array([ 24.  , -16.5 , -27.75],        │ │
│ │                   dtype=float32), chain_id="C", res_id=92, ins_code="",  │ │
│ │                   res_name="TYR", hetero=False, atom_name="CG",          │ │
│ │                   element="C",                                           │ │
│ │                   is_motif_atom_unindexed_motif_breakpoint=False,        │ │
│ │                   orig_res_id=92, is_atom_level_hotspot=0, charge=0.0,   │ │
│ │                   chain_type=6, is_rna=False, pn_unit_entity=2,          │ │
│ │                   within_chain_res_idx=91, is_non_loopy_atom_level=0,    │ │
│ │                   is_motif_atom_with_fixed_seq=True, atomize=False,      │ │
│ │                   is_covalent_modification=False, active_donor=0,        │ │
│ │                   src_component="C120", is_residue=True,                 │ │
│ │                   active_acceptor=0, is_N_terminus=False, molecule_id=2, │ │
│ │                   ref_plddt=1, is_motif_atom_unindexed=False,            │ │
│ │                   token_id=382, pn_unit_iid="C_1",                       │ │
│ │                   is_motif_atom_with_fixed_coord=True,                   │ │
│ │                   within_poly_res_idx=91, molecule_entity=2,             │ │
│ │                   is_protein=True, label_entity_id=3, is_ligand=False,   │ │
│ │                   is_polymer=True, is_C_terminus=True, is_non_loopy=0,   │ │
│ │                   chain_entity=2, is_dna=False,                          │ │
│ │                   b_factor=4.268601299936891e-25, occupancy=1.0,         │ │
│ │                   atomic_number=6, chain_iid="C_1", atom_id=2678,        │ │
│ │                   pn_unit_id="C", gt_atom_name="CG", is_backbone=False,  │ │
│ │                   is_sidechain=True, coord_to_be_noised=[ 23.998062      │ │
│ │                   -16.463516 -27.772377]),                               │ │
│ │                   │   │   Atom(np.array([ 22.875, -16.75 , -27.   ],     │ │
│ │                   dtype=float32), chain_id="C", res_id=92, ins_code="",  │ │
│ │                   res_name="TYR", hetero=False, atom_name="CD1",         │ │
│ │                   element="C",                                           │ │
│ │                   is_motif_atom_unindexed_motif_breakpoint=False,        │ │
│ │                   orig_res_id=92, is_atom_level_hotspot=0, charge=0.0,   │ │
│ │                   chain_type=6, is_rna=False, pn_unit_entity=2,          │ │
│ │                   within_chain_res_idx=91, is_non_loopy_atom_level=0,    │ │
│ │                   is_motif_atom_with_fixed_seq=True, atomize=False,      │ │
│ │                   is_covalent_modification=False, active_donor=0,        │ │
│ │                   src_component="C120", is_residue=True,                 │ │
│ │                   active_acceptor=0, is_N_terminus=False, molecule_id=2, │ │
│ │                   ref_plddt=1, is_motif_atom_unindexed=False,            │ │
│ │                   token_id=382, pn_unit_iid="C_1",                       │ │
│ │                   is_motif_atom_with_fixed_coord=True,                   │ │
│ │                   within_poly_res_idx=91, molecule_entity=2,             │ │
│ │                   is_protein=True, label_entity_id=3, is_ligand=False,   │ │
│ │                   is_polymer=True, is_C_terminus=True, is_non_loopy=0,   │ │
│ │                   chain_entity=2, is_dna=False,                          │ │
│ │                   b_factor=4.268601299936891e-25, occupancy=1.0,         │ │
│ │                   atomic_number=6, chain_iid="C_1", atom_id=2679,        │ │
│ │                   pn_unit_id="C", gt_atom_name="CD1", is_backbone=False, │ │
│ │                   is_sidechain=True, coord_to_be_noised=[ 22.870064      │ │
│ │                   -16.782516 -27.029373]),                               │ │
│ │                   │   │   Atom(np.array([ 23.875 , -15.6875, -28.875 ],  │ │
│ │                   dtype=float32), chain_id="C", res_id=92, ins_code="",  │ │
│ │                   res_name="TYR", hetero=False, atom_name="CD2",         │ │
│ │                   element="C",                                           │ │
│ │                   is_motif_atom_unindexed_motif_breakpoint=False,        │ │
│ │                   orig_res_id=92, is_atom_level_hotspot=0, charge=0.0,   │ │
│ │                   chain_type=6, is_rna=False, pn_unit_entity=2,          │ │
│ │                   within_chain_res_idx=91, is_non_loopy_atom_level=0,    │ │
│ │                   is_motif_atom_with_fixed_seq=True, atomize=False,      │ │
│ │                   is_covalent_modification=False, active_donor=0,        │ │
│ │                   src_component="C120", is_residue=True,                 │ │
│ │                   active_acceptor=0, is_N_terminus=False, molecule_id=2, │ │
│ │                   ref_plddt=1, is_motif_atom_unindexed=False,            │ │
│ │                   token_id=382, pn_unit_iid="C_1",                       │ │
│ │                   is_motif_atom_with_fixed_coord=True,                   │ │
│ │                   within_poly_res_idx=91, molecule_entity=2,             │ │
│ │                   is_protein=True, label_entity_id=3, is_ligand=False,   │ │
│ │                   is_polymer=True, is_C_terminus=True, is_non_loopy=0,   │ │
│ │                   chain_entity=2, is_dna=False,                          │ │
│ │                   b_factor=4.268601299936891e-25, occupancy=1.0,         │ │
│ │                   atomic_number=6, chain_iid="C_1", atom_id=2680,        │ │
│ │                   pn_unit_id="C", gt_atom_name="CD2", is_backbone=False, │ │
│ │                   is_sidechain=True, coord_to_be_noised=[ 23.835068      │ │
│ │                   -15.692505 -28.915375]),                               │ │
│ │                   │   │   Atom(np.array([ 21.625, -16.375, -27.375],     │ │
│ │                   dtype=float32), chain_id="C", res_id=92, ins_code="",  │ │
│ │                   res_name="TYR", hetero=False, atom_name="CE1",         │ │
│ │                   element="C",                                           │ │
│ │                   is_motif_atom_unindexed_motif_breakpoint=False,        │ │
│ │                   orig_res_id=92, is_atom_level_hotspot=0, charge=0.0,   │ │
│ │                   chain_type=6, is_rna=False, pn_unit_entity=2,          │ │
│ │                   within_chain_res_idx=91, is_non_loopy_atom_level=0,    │ │
│ │                   is_motif_atom_with_fixed_seq=True, atomize=False,      │ │
│ │                   is_covalent_modification=False, active_donor=0,        │ │
│ │                   src_component="C120", is_residue=True,                 │ │
│ │                   active_acceptor=0, is_N_terminus=False, molecule_id=2, │ │
│ │                   ref_plddt=1, is_motif_atom_unindexed=False,            │ │
│ │                   token_id=382, pn_unit_iid="C_1",                       │ │
│ │                   is_motif_atom_with_fixed_coord=True,                   │ │
│ │                   within_poly_res_idx=91, molecule_entity=2,             │ │
│ │                   is_protein=True, label_entity_id=3, is_ligand=False,   │ │
│ │                   is_polymer=True, is_C_terminus=True, is_non_loopy=0,   │ │
│ │                   chain_entity=2, is_dna=False,                          │ │
│ │                   b_factor=4.268601299936891e-25, occupancy=1.0,         │ │
│ │                   atomic_number=6, chain_iid="C_1", atom_id=2681,        │ │
│ │                   pn_unit_id="C", gt_atom_name="CE1", is_backbone=False, │ │
│ │                   is_sidechain=True, coord_to_be_noised=[ 21.618065      │ │
│ │                   -16.346512 -27.412376]),                               │ │
│ │                   │   │   Atom(np.array([ 22.625, -15.25 , -29.25 ],     │ │
│ │                   dtype=float32), chain_id="C", res_id=92, ins_code="",  │ │
│ │                   res_name="TYR", hetero=False, atom_name="CE2",         │ │
│ │                   element="C",                                           │ │
│ │                   is_motif_atom_unindexed_motif_breakpoint=False,        │ │
│ │                   orig_res_id=92, is_atom_level_hotspot=0, charge=0.0,   │ │
│ │                   chain_type=6, is_rna=False, pn_unit_entity=2,          │ │
│ │                   within_chain_res_idx=91, is_non_loopy_atom_level=0,    │ │
│ │                   is_motif_atom_with_fixed_seq=True, atomize=False,      │ │
│ │                   is_covalent_modification=False, active_donor=0,        │ │
│ │                   src_component="C120", is_residue=True,                 │ │
│ │                   active_acceptor=0, is_N_terminus=False, molecule_id=2, │ │
│ │                   ref_plddt=1, is_motif_atom_unindexed=False,            │ │
│ │                   token_id=382, pn_unit_iid="C_1",                       │ │
│ │                   is_motif_atom_with_fixed_coord=True,                   │ │
│ │                   within_poly_res_idx=91, molecule_entity=2,             │ │
│ │                   is_protein=True, label_entity_id=3, is_ligand=False,   │ │
│ │                   is_polymer=True, is_C_terminus=True, is_non_loopy=0,   │ │
│ │                   chain_entity=2, is_dna=False,                          │ │
│ │                   b_factor=4.268601299936891e-25, occupancy=1.0,         │ │
│ │                   atomic_number=6, chain_iid="C_1", atom_id=2682,        │ │
│ │                   pn_unit_id="C", gt_atom_name="CE2", is_backbone=False, │ │
│ │                   is_sidechain=True, coord_to_be_noised=[ 22.589066      │ │
│ │                   -15.250519 -29.306374]),                               │ │
│ │                   │   │   Atom(np.array([ 21.5   , -15.5625, -28.5   ],  │ │
│ │                   dtype=float32), chain_id="C", res_id=92, ins_code="",  │ │
│ │                   res_name="TYR", hetero=False, atom_name="CZ",          │ │
│ │                   element="C",                                           │ │
│ │                   is_motif_atom_unindexed_motif_breakpoint=False,        │ │
│ │                   orig_res_id=92, is_atom_level_hotspot=0, charge=0.0,   │ │
│ │                   chain_type=6, is_rna=False, pn_unit_entity=2,          │ │
│ │                   within_chain_res_idx=91, is_non_loopy_atom_level=0,    │ │
│ │                   is_motif_atom_with_fixed_seq=True, atomize=False,      │ │
│ │                   is_covalent_modification=False, active_donor=0,        │ │
│ │                   src_component="C120", is_residue=True,                 │ │
│ │                   active_acceptor=0, is_N_terminus=False, molecule_id=2, │ │
│ │                   ref_plddt=1, is_motif_atom_unindexed=False,            │ │
│ │                   token_id=382, pn_unit_iid="C_1",                       │ │
│ │                   is_motif_atom_with_fixed_coord=True,                   │ │
│ │                   within_poly_res_idx=91, molecule_entity=2,             │ │
│ │                   is_protein=True, label_entity_id=3, is_ligand=False,   │ │
│ │                   is_polymer=True, is_C_terminus=True, is_non_loopy=0,   │ │
│ │                   chain_entity=2, is_dna=False,                          │ │
│ │                   b_factor=4.268601299936891e-25, occupancy=1.0,         │ │
│ │                   atomic_number=6, chain_iid="C_1", atom_id=2683,        │ │
│ │                   pn_unit_id="C", gt_atom_name="CZ", is_backbone=False,  │ │
│ │                   is_sidechain=True, coord_to_be_noised=[ 21.485062      │ │
│ │                   -15.580505 -28.550377]),                               │ │
│ │                   │   │   Atom(np.array([ 20.25 , -15.125, -28.875],     │ │
│ │                   dtype=float32), chain_id="C", res_id=92, ins_code="",  │ │
│ │                   res_name="TYR", hetero=False, atom_name="OH",          │ │
│ │                   element="O",                                           │ │
│ │                   is_motif_atom_unindexed_motif_breakpoint=False,        │ │
│ │                   orig_res_id=92, is_atom_level_hotspot=0, charge=0.0,   │ │
│ │                   chain_type=6, is_rna=False, pn_unit_entity=2,          │ │
│ │                   within_chain_res_idx=91, is_non_loopy_atom_level=0,    │ │
│ │                   is_motif_atom_with_fixed_seq=True, atomize=False,      │ │
│ │                   is_covalent_modification=False, active_donor=0,        │ │
│ │                   src_component="C120", is_residue=True,                 │ │
│ │                   active_acceptor=0, is_N_terminus=False, molecule_id=2, │ │
│ │                   ref_plddt=1, is_motif_atom_unindexed=False,            │ │
│ │                   token_id=382, pn_unit_iid="C_1",                       │ │
│ │                   is_motif_atom_with_fixed_coord=True,                   │ │
│ │                   within_poly_res_idx=91, molecule_entity=2,             │ │
│ │                   is_protein=True, label_entity_id=3, is_ligand=False,   │ │
│ │                   is_polymer=True, is_C_terminus=True, is_non_loopy=0,   │ │
│ │                   chain_entity=2, is_dna=False,                          │ │
│ │                   b_factor=4.268601299936891e-25, occupancy=1.0,         │ │
│ │                   atomic_number=8, chain_iid="C_1", atom_id=2684,        │ │
│ │                   pn_unit_id="C", gt_atom_name="OH", is_backbone=False,  │ │
│ │                   is_sidechain=True, coord_to_be_noised=[ 20.240067      │ │
│ │                   -15.142517 -28.93438 ])                                │ │
│ │                   ]),                                                    │ │
│ │                   │   │   metadata=OrderedDict({'diffused_index_map':    │ │
│ │                   {np.str_('B33'): 'B1', np.str_('B34'): 'B2',           │ │
│ │                   np.str_('B35'): 'B3', np.str_('B36'): 'B4',            │ │
│ │                   np.str_('B37'): 'B5', np.str_('B38'): 'B6',            │ │
│ │                   np.str_('B39'): 'B7', np.str_('B40'): 'B8',            │ │
│ │                   np.str_('B41'): 'B9', np.str_('B42'): 'B10',           │ │
│ │                   np.str_('B43'): 'B11', np.str_('B44'): 'B12',          │ │
│ │                   np.str_('B45'): 'B13', np.str_('B46'): 'B14',          │ │
│ │                   np.str_('B47'): 'B15', np.str_('B48'): 'B16',          │ │
│ │                   np.str_('B49'): 'B17', np.str_('B50'): 'B18',          │ │
│ │                   np.str_('B51'): 'B19', np.str_('B52'): 'B20',          │ │
│ │                   np.str_('B53'): 'B21', np.str_('B54'): 'B22',          │ │
│ │                   np.str_('B64'): 'B33', np.str_('B65'): 'B34',          │ │
│ │                   np.str_('B66'): 'B35', np.str_('B67'): 'B36',          │ │
│ │                   np.str_('B68'): 'B37', np.str_('B69'): 'B38',          │ │
│ │                   np.str_('B70'): 'B39', np.str_('B71'): 'B40',          │ │
│ │                   np.str_('B72'): 'B41', np.str_('B73'): 'B42',          │ │
│ │                   np.str_('B74'): 'B43', np.str_('B75'): 'B44',          │ │
│ │                   np.str_('B76'): 'B45', np.str_('B77'): 'B46',          │ │
│ │                   np.str_('B78'): 'B47', np.str_('B79'): 'B48',          │ │
│ │                   np.str_('B80'): 'B49', np.str_('B81'): 'B50',          │ │
│ │                   np.str_('B82'): 'B51', np.str_('B83'): 'B52',          │ │
│ │                   np.str_('B84'): 'B53', np.str_('B85'): 'B54',          │ │
│ │                   np.str_('B86'): 'B55', np.str_('B87'): 'B56',          │ │
│ │                   np.str_('B88'): 'B57', np.str_('B89'): 'B58',          │ │
│ │                   np.str_('B90'): 'B59', np.str_('B91'): 'B60',          │ │
│ │                   np.str_('B92'): 'B61', np.str_('B93'): 'B62',          │ │
│ │                   np.str_('B94'): 'B63', np.str_('B95'): 'B64',          │ │
│ │                   np.str_('B96'): 'B65', np.str_('B97'): 'B66',          │ │
│ │                   np.str_('B98'): 'B67', np.str_('B99'): 'B68',          │ │
│ │                   np.str_('B100'): 'B69', np.str_('B101'): 'B70',        │ │
│ │                   np.str_('B102'): 'B71', np.str_('B103'): 'B72',        │ │
│ │                   np.str_('B104'): 'B73', np.str_('B105'): 'B74',        │ │
│ │                   np.str_('B106'): 'B75', np.str_('B110'): 'B79',        │ │
│ │                   np.str_('B111'): 'B80', np.str_('B112'): 'B81',        │ │
│ │                   np.str_('B113'): 'B82', np.str_('B114'): 'B83',        │ │
│ │                   np.str_('B115'): 'B84', np.str_('B116'): 'B85',        │ │
│ │                   np.str_('B117'): 'B86', np.str_('B118'): 'B87',        │ │
│ │                   np.str_('B119'): 'B88', np.str_('B120'): 'B89',        │ │
│ │                   np.str_('B121'): 'B90', np.str_('B122'): 'B91',        │ │
│ │                   np.str_('B123'): 'B92', np.str_('B124'): 'B93',        │ │
│ │                   np.str_('B125'): 'B94', np.str_('B126'): 'B95',        │ │
│ │                   np.str_('B127'): 'B96', np.str_('B128'): 'B97',        │ │
│ │                   np.str_('B129'): 'B98', np.str_('B130'): 'B99',        │ │
│ │                   np.str_('B131'): 'B100', np.str_('B132'): 'B101',      │ │
│ │                   np.str_('B133'): 'B102', np.str_('B134'): 'B103',      │ │
│ │                   np.str_('B135'): 'B104', np.str_('B136'): 'B105',      │ │
│ │                   np.str_('B137'): 'B106', np.str_('B138'): 'B107',      │ │
│ │                   np.str_('B139'): 'B108', np.str_('B140'): 'B109',      │ │
│ │                   np.str_('B141'): 'B110', np.str_('B142'): 'B111',      │ │
│ │                   np.str_('B143'): 'B112', np.str_('B144'): 'B113',      │ │
│ │                   np.str_('B145'): 'B114', np.str_('B146'): 'B115',      │ │
│ │                   np.str_('B147'): 'B116', np.str_('B148'): 'B117',      │ │
│ │                   np.str_('B149'): 'B118', np.str_('B150'): 'B119',      │ │
│ │                   np.str_('B151'): 'B120', np.str_('B152'): 'B121',      │ │
│ │                   np.str_('B153'): 'B122', np.str_('B154'): 'B123',      │ │
│ │                   np.str_('B155'): 'B124', np.str_('B156'): 'B125',      │ │
│ │                   np.str_('B157'): 'B126', np.str_('B158'): 'B127',      │ │
│ │                   np.str_('B159'): 'B128', np.str_('B160'): 'B129',      │ │
│ │                   np.str_('B161'): 'B130', np.str_('B162'): 'B131',      │ │
│ │                   np.str_('B163'): 'B132', np.str_('B164'): 'B133',      │ │
│ │                   np.str_('B165'): 'B134', np.str_('B166'): 'B135',      │ │
│ │                   np.str_('B167'): 'B136', np.str_('B168'): 'B137',      │ │
│ │                   np.str_('B169'): 'B138', np.str_('B170'): 'B139',      │ │
│ │                   np.str_('B171'): 'B140', np.str_('B172'): 'B141',      │ │
│ │                   np.str_('B173'): 'B142', np.str_('B174'): 'B143',      │ │
│ │                   np.str_('B175'): 'B144', np.str_('B176'): 'B145',      │ │
│ │                   np.str_('B177'): 'B146', np.str_('B178'): 'B147',      │ │
│ │                   np.str_('B179'): 'B148', np.str_('B180'): 'B149',      │ │
│ │                   np.str_('B181'): 'B150', np.str_('B182'): 'B151',      │ │
│ │                   np.str_('B183'): 'B152', np.str_('B184'): 'B153',      │ │
│ │                   np.str_('B185'): 'B154', np.str_('B186'): 'B155',      │ │
│ │                   np.str_('B187'): 'B156', np.str_('B188'): 'B157',      │ │
│ │                   np.str_('B189'): 'B158', np.str_('B190'): 'B159',      │ │
│ │                   np.str_('B191'): 'B160', np.str_('B192'): 'B161',      │ │
│ │                   np.str_('B193'): 'B162', np.str_('B194'): 'B163',      │ │
│ │                   np.str_('B195'): 'B164', np.str_('B196'): 'B165',      │ │
│ │                   np.str_('B197'): 'B166', np.str_('B198'): 'B167',      │ │
│ │                   np.str_('B199'): 'B168', np.str_('B200'): 'B169',      │ │
│ │                   np.str_('C29'): 'C1', np.str_('C30'): 'C2',            │ │
│ │                   np.str_('C31'): 'C3', np.str_('C32'): 'C4',            │ │
│ │                   np.str_('C33'): 'C5', np.str_('C34'): 'C6',            │ │
│ │                   np.str_('C35'): 'C7', np.str_('C36'): 'C8',            │ │
│ │                   np.str_('C37'): 'C9', np.str_('C38'): 'C10',           │ │
│ │                   np.str_('C39'): 'C11', np.str_('C40'): 'C12',          │ │
│ │                   np.str_('C41'): 'C13', np.str_('C42'): 'C14',          │ │
│ │                   np.str_('C43'): 'C15', np.str_('C44'): 'C16',          │ │
│ │                   np.str_('C45'): 'C17', np.str_('C46'): 'C18',          │ │
│ │                   np.str_('C47'): 'C19', np.str_('C48'): 'C20',          │ │
│ │                   np.str_('C49'): 'C21', np.str_('C50'): 'C22',          │ │
│ │                   np.str_('C51'): 'C23', np.str_('C52'): 'C24',          │ │
│ │                   np.str_('C53'): 'C25', np.str_('C54'): 'C26',          │ │
│ │                   np.str_('C55'): 'C27', np.str_('C56'): 'C28',          │ │
│ │                   np.str_('C57'): 'C29', np.str_('C58'): 'C30',          │ │
│ │                   np.str_('C59'): 'C31', np.str_('C60'): 'C32',          │ │
│ │                   np.str_('C61'): 'C33', np.str_('C62'): 'C34',          │ │
│ │                   np.str_('C63'): 'C35', np.str_('C64'): 'C36',          │ │
│ │                   np.str_('C65'): 'C37', np.str_('C66'): 'C38',          │ │
│ │                   np.str_('C67'): 'C39', np.str_('C68'): 'C40',          │ │
│ │                   np.str_('C69'): 'C41', np.str_('C70'): 'C42',          │ │
│ │                   np.str_('C71'): 'C43', np.str_('C72'): 'C44',          │ │
│ │                   np.str_('C73'): 'C45', np.str_('C74'): 'C46',          │ │
│ │                   np.str_('C75'): 'C47', np.str_('C76'): 'C48',          │ │
│ │                   np.str_('C77'): 'C49', np.str_('C78'): 'C50',          │ │
│ │                   np.str_('C79'): 'C51', np.str_('C80'): 'C52',          │ │
│ │                   np.str_('C81'): 'C53', np.str_('C82'): 'C54',          │ │
│ │                   np.str_('C83'): 'C55', np.str_('C84'): 'C56',          │ │
│ │                   np.str_('C85'): 'C57', np.str_('C86'): 'C58',          │ │
│ │                   np.str_('C87'): 'C59', np.str_('C88'): 'C60',          │ │
│ │                   np.str_('C89'): 'C61', np.str_('C90'): 'C62',          │ │
│ │                   np.str_('C91'): 'C63', np.str_('C92'): 'C64',          │ │
│ │                   np.str_('C93'): 'C65', np.str_('C94'): 'C66',          │ │
│ │                   np.str_('C95'): 'C67', np.str_('C96'): 'C68',          │ │
│ │                   np.str_('C97'): 'C69', np.str_('C98'): 'C70',          │ │
│ │                   np.str_('C99'): 'C71', np.str_('C100'): 'C72',         │ │
│ │                   np.str_('C101'): 'C73', np.str_('C102'): 'C74',        │ │
│ │                   np.str_('C103'): 'C75', np.str_('C104'): 'C76',        │ │
│ │                   np.str_('C105'): 'C77', np.str_('C106'): 'C78',        │ │
│ │                   np.str_('C107'): 'C79', np.str_('C108'): 'C80',        │ │
│ │                   np.str_('C109'): 'C81', np.str_('C110'): 'C82',        │ │
│ │                   np.str_('C111'): 'C83', np.str_('C112'): 'C84',        │ │
│ │                   np.str_('C113'): 'C85', np.str_('C114'): 'C86',        │ │
│ │                   np.str_('C115'): 'C87', np.str_('C116'): 'C88',        │ │
│ │                   np.str_('C117'): 'C89', np.str_('C118'): 'C90',        │ │
│ │                   np.str_('C119'): 'C91', np.str_('C120'): 'C92'},       │ │
│ │                   'metrics': {'max_ca_deviation': 0.8201479911804199,    │ │
│ │                   'n_chainbreaks': 2,                                    │ │
│ │                   'n_clashing.interresidue_clashes_w_sidechain': 2,      │ │
│ │                   'n_clashing.interresidue_clashes_w_backbone': 1,       │ │
│ │                   'non_loop_fraction': np.float64(0.5481481481481482),   │ │
│ │                   'loop_fraction': np.float64(0.45185185185185184),      │ │
│ │                   'helix_fraction': np.float64(0.3925925925925926),      │ │
│ │                   'sheet_fraction': np.float64(0.15555555555555556),     │ │
│ │                   'num_ss_elements': 7, 'radius_of_gyration':            │ │
│ │                   np.float64(17.006588326239495), 'alanine_content':     │ │
│ │                   np.float64(0.16449086161879894), 'glycine_content':    │ │
│ │                   np.float64(0.05221932114882506), 'num_residues': 383,  │ │
│ │                   'diffused_com': [-3.728403329849243,                   │ │
│ │                   5.450743198394775, -2.1366195678710938], 'fixed_com':  │ │
│ │                   [10.650075912475586, -3.605642795562744,               │ │
│ │                   -12.054028511047363]}, 'specification': {'input':      │ │
│ │                   '/work3/marhr/Projects/dbl/CLR_RAMP1/exp_01/inputs/6e… │ │
│ │                   'contig':                                              │ │
│ │                   '50-150,/0,B33-54,10,B64-106,3,B110-200,/0,C29-120',   │ │
│ │                   'length': '298-398', 'extra': {'example':              │ │
│ │                   'CLR_RAMP1_test', 'task_name':                         │ │
│ │                   'CLR_RAMP1_rfd3_test_CLR_RAMP1_test',                  │ │
│ │                   'sampled_contig':                                      │ │
│ │                   '122,/0,B33,B34,B35,B36,B37,B38,B39,B40,B41,B42,B43,B… │ │
│ │                   'num_tokens_in': 383, 'num_residues_in': 383,          │ │
│ │                   'num_chains': 3, 'num_atoms': 2685, 'num_residues':    │ │
│ │                   172, 'example_id':                                     │ │
│ │                   'CLR_RAMP1_rfd3_test_CLR_RAMP1_test_0'},               │ │
│ │                   'select_fixed_atoms': True, 'select_unfixed_sequence': │ │
│ │                   False, 'select_hbond_acceptor': {'B90': 'OD1,OD2',     │ │
│ │                   'B94': 'OD1,OD2'}, 'select_hbond_donor': {'B38':       │ │
│ │                   'NH1,NH2'}, 'select_hotspots': {'B33': 'NE2', 'B72':   │ │
│ │                   'NE1,CD1,CD2,CG,CE3,CZ2,CZ3', 'B92':                   │ │
│ │                   'CD2,CD1,CE1,CE2,CZ'}, 'infer_ori_strategy':           │ │
│ │                   'hotspots'}, 'ckpt_path':                              │ │
│ │                   '/dtu/projects/dbl/foundry/ckpt/rfd3_latest.ckpt',     │ │
│ │                   'seed': None}),                                        │ │
│ │                   │   │                                                  │ │
│ │                   example_id='CLR_RAMP1_rfd3_test_CLR_RAMP1_test_0_mode… │ │
│ │                   │   │   denoised_trajectory_stack=None,                │ │
│ │                   │   │   noisy_trajectory_stack=None                    │ │
│ │                   │   ),                                                 │ │
│ │                   │   RFD3Output(                                        │ │
│ │                   │   │   atom_array=AtomArray([                         │ │
│ │                   │   │   Atom(np.array([  5.071308  , -19.317911  ,     │ │
│ │                   -0.43749726], dtype=float32), chain_id="A", res_id=1,  │ │
│ │                   ins_code="", res_name="THR", hetero=False,             │ │
│ │                   atom_name="N", element="N",                            │ │
│ │                   is_motif_atom_unindexed_motif_breakpoint=False,        │ │
│ │                   orig_res_id=1, is_atom_level_hotspot=0, charge=0.0,    │ │
│ │                   chain_type=6, is_rna=False, pn_unit_entity=0,          │ │
│ │                   within_chain_res_idx=0, is_non_loopy_atom_level=0,     │ │
│ │                   is_motif_atom_with_fixed_seq=False, atomize=False,     │ │
│ │                   is_covalent_modification=False, active_donor=0,        │ │
│ │                   src_component="122", is_residue=True,                  │ │
│ │                   active_acceptor=0, is_N_terminus=True, molecule_id=0,  │ │
│ │                   ref_plddt=1, is_motif_atom_unindexed=False,            │ │
│ │                   token_id=0, pn_unit_iid="A_1",                         │ │
│ │                   is_motif_atom_with_fixed_coord=False,                  │ │
│ │                   within_poly_res_idx=0, molecule_entity=0,              │ │
│ │                   is_protein=True, label_entity_id=1, is_ligand=False,   │ │
│ │                   is_polymer=True, is_C_terminus=False, is_non_loopy=0,  │ │
│ │                   chain_entity=0, is_dna=False,                          │ │
│ │                   b_factor=7.352541686600489e-09, occupancy=1.0,         │ │
│ │                   atomic_number=7, chain_iid="A_1", atom_id=0,           │ │
│ │                   pn_unit_id="A", gt_atom_name="N", is_backbone=True,    │ │
│ │                   is_sidechain=False, coord_to_be_noised=[0. 0. 0.]),    │ │
│ │                   │   │   Atom(np.array([  3.75793   , -19.066788  ,     │ │
│ │                   0.10899933], dtype=float32), chain_id="A", res_id=1,   │ │
│ │                   ins_code="", res_name="THR", hetero=False,             │ │
│ │                   atom_name="CA", element="C",                           │ │
│ │                   is_motif_atom_unindexed_motif_breakpoint=False,        │ │
│ │                   orig_res_id=1, is_atom_level_hotspot=0, charge=0.0,    │ │
│ │                   chain_type=6, is_rna=False, pn_unit_entity=0,          │ │
│ │                   within_chain_res_idx=0, is_non_loopy_atom_level=0,     │ │
│ │                   is_motif_atom_with_fixed_seq=False, atomize=False,     │ │
│ │                   is_covalent_modification=False, active_donor=0,        │ │
│ │                   src_component="122", is_residue=True,                  │ │
│ │                   active_acceptor=0, is_N_terminus=True, molecule_id=0,  │ │
│ │                   ref_plddt=1, is_motif_atom_unindexed=False,            │ │
│ │                   token_id=0, pn_unit_iid="A_1",                         │ │
│ │                   is_motif_atom_with_fixed_coord=False,                  │ │
│ │                   within_poly_res_idx=0, molecule_entity=0,              │ │
│ │                   is_protein=True, label_entity_id=1, is_ligand=False,   │ │
│ │                   is_polymer=True, is_C_terminus=False, is_non_loopy=0,  │ │
│ │                   chain_entity=0, is_dna=False,                          │ │
│ │                   b_factor=7.352541686600489e-09, occupancy=1.0,         │ │
│ │                   atomic_number=6, chain_iid="A_1", atom_id=1,           │ │
│ │                   pn_unit_id="A", gt_atom_name="CA", is_backbone=True,   │ │
│ │                   is_sidechain=False, coord_to_be_noised=[0. 0. 0.]),    │ │
│ │                   │   │   Atom(np.array([  3.681076 , -17.567822 ,       │ │
│ │                   0.5849537], dtype=float32), chain_id="A", res_id=1,    │ │
│ │                   ins_code="", res_name="THR", hetero=False,             │ │
│ │                   atom_name="C", element="C",                            │ │
│ │                   is_motif_atom_unindexed_motif_breakpoint=False,        │ │
│ │                   orig_res_id=1, is_atom_level_hotspot=0, charge=0.0,    │ │
│ │                   chain_type=6, is_rna=False, pn_unit_entity=0,          │ │
│ │                   within_chain_res_idx=0, is_non_loopy_atom_level=0,     │ │
│ │                   is_motif_atom_with_fixed_seq=False, atomize=False,     │ │
│ │                   is_covalent_modification=False, active_donor=0,        │ │
│ │                   src_component="122", is_residue=True,                  │ │
│ │                   active_acceptor=0, is_N_terminus=True, molecule_id=0,  │ │
│ │                   ref_plddt=1, is_motif_atom_unindexed=False,            │ │
│ │                   token_id=0, pn_unit_iid="A_1",                         │ │
│ │                   is_motif_atom_with_fixed_coord=False,                  │ │
│ │                   within_poly_res_idx=0, molecule_entity=0,              │ │
│ │                   is_protein=True, label_entity_id=1, is_ligand=False,   │ │
│ │                   is_polymer=True, is_C_terminus=False, is_non_loopy=0,  │ │
│ │                   chain_entity=0, is_dna=False,                          │ │
│ │                   b_factor=7.352541686600489e-09, occupancy=1.0,         │ │
│ │                   atomic_number=6, chain_iid="A_1", atom_id=2,           │ │
│ │                   pn_unit_id="A", gt_atom_name="C", is_backbone=True,    │ │
│ │                   is_sidechain=False, coord_to_be_noised=[0. 0. 0.]),    │ │
│ │                   │   │   Atom(np.array([  2.7011712 , -16.934565  ,     │ │
│ │                   0.28529972], dtype=float32), chain_id="A", res_id=1,   │ │
│ │                   ins_code="", res_name="THR", hetero=False,             │ │
│ │                   atom_name="O", element="O",                            │ │
│ │                   is_motif_atom_unindexed_motif_breakpoint=False,        │ │
│ │                   orig_res_id=1, is_atom_level_hotspot=0, charge=0.0,    │ │
│ │                   chain_type=6, is_rna=False, pn_unit_entity=0,          │ │
│ │                   within_chain_res_idx=0, is_non_loopy_atom_level=0,     │ │
│ │                   is_motif_atom_with_fixed_seq=False, atomize=False,     │ │
│ │                   is_covalent_modification=False, active_donor=0,        │ │
│ │                   src_component="122", is_residue=True,                  │ │
│ │                   active_acceptor=0, is_N_terminus=True, molecule_id=0,  │ │
│ │                   ref_plddt=1, is_motif_atom_unindexed=False,            │ │
│ │                   token_id=0, pn_unit_iid="A_1",                         │ │
│ │                   is_motif_atom_with_fixed_coord=False,                  │ │
│ │                   within_poly_res_idx=0, molecule_entity=0,              │ │
│ │                   is_protein=True, label_entity_id=1, is_ligand=False,   │ │
│ │                   is_polymer=True, is_C_terminus=False, is_non_loopy=0,  │ │
│ │                   chain_entity=0, is_dna=False,                          │ │
│ │                   b_factor=7.352541686600489e-09, occupancy=1.0,         │ │
│ │                   atomic_number=8, chain_iid="A_1", atom_id=3,           │ │
│ │                   pn_unit_id="A", gt_atom_name="O", is_backbone=True,    │ │
│ │                   is_sidechain=False, coord_to_be_noised=[0. 0. 0.]),    │ │
│ │                   │   │   Atom(np.array([  3.4128118, -20.061018 ,       │ │
│ │                   1.2441766], dtype=float32), chain_id="A", res_id=1,    │ │
│ │                   ins_code="", res_name="THR", hetero=False,             │ │
│ │                   atom_name="CB", element="C",                           │ │
│ │                   is_motif_atom_unindexed_motif_breakpoint=False,        │ │
│ │                   orig_res_id=1, is_atom_level_hotspot=0, charge=0.0,    │ │
│ │                   chain_type=6, is_rna=False, pn_unit_entity=0,          │ │
│ │                   within_chain_res_idx=0, is_non_loopy_atom_level=0,     │ │
│ │                   is_motif_atom_with_fixed_seq=False, atomize=False,     │ │
│ │                   is_covalent_modification=False, active_donor=0,        │ │
│ │                   src_component="122", is_residue=True,                  │ │
│ │                   active_acceptor=0, is_N_terminus=True, molecule_id=0,  │ │
│ │                   ref_plddt=1, is_motif_atom_unindexed=False,            │ │
│ │                   token_id=0, pn_unit_iid="A_1",                         │ │
│ │                   is_motif_atom_with_fixed_coord=False,                  │ │
│ │                   within_poly_res_idx=0, molecule_entity=0,              │ │
│ │                   is_protein=True, label_entity_id=1, is_ligand=False,   │ │
│ │                   is_polymer=True, is_C_terminus=False, is_non_loopy=0,  │ │
│ │                   chain_entity=0, is_dna=False,                          │ │
│ │                   b_factor=7.352541686600489e-09, occupancy=1.0,         │ │
│ │                   atomic_number=6, chain_iid="A_1", atom_id=4,           │ │
│ │                   pn_unit_id="A", gt_atom_name="CB", is_backbone=False,  │ │
│ │                   is_sidechain=True, coord_to_be_noised=[0. 0. 0.]),     │ │
│ │                   │   │   Atom(np.array([  3.4426582, -21.335382 ,       │ │
│ │                   0.7939214], dtype=float32), chain_id="A", res_id=1,    │ │
│ │                   ins_code="", res_name="THR", hetero=False,             │ │
│ │                   atom_name="OG1", element="O",                          │ │
│ │                   is_motif_atom_unindexed_motif_breakpoint=False,        │ │
│ │                   orig_res_id=1, is_atom_level_hotspot=0, charge=0.0,    │ │
│ │                   chain_type=6, is_rna=False, pn_unit_entity=0,          │ │
│ │                   within_chain_res_idx=0, is_non_loopy_atom_level=0,     │ │
│ │                   is_motif_atom_with_fixed_seq=False, atomize=False,     │ │
│ │                   is_covalent_modification=False, active_donor=0,        │ │
│ │                   src_component="122", is_residue=True,                  │ │
│ │                   active_acceptor=0, is_N_terminus=True, molecule_id=0,  │ │
│ │                   ref_plddt=1, is_motif_atom_unindexed=False,            │ │
│ │                   token_id=0, pn_unit_iid="A_1",                         │ │
│ │                   is_motif_atom_with_fixed_coord=False,                  │ │
│ │                   within_poly_res_idx=0, molecule_entity=0,              │ │
│ │                   is_protein=True, label_entity_id=1, is_ligand=False,   │ │
│ │                   is_polymer=True, is_C_terminus=False, is_non_loopy=0,  │ │
│ │                   chain_entity=0, is_dna=False,                          │ │
│ │                   b_factor=7.352541686600489e-09, occupancy=1.0,         │ │
│ │                   atomic_number=6, chain_iid="A_1", atom_id=4,           │ │
│ │                   pn_unit_id="A", gt_atom_name="V0", is_backbone=False,  │ │
│ │                   is_sidechain=True, coord_to_be_noised=[0. 0. 0.]),     │ │
│ │                   │   │   Atom(np.array([  2.0394008, -19.78038  ,       │ │
│ │                   1.8292328], dtype=float32), chain_id="A", res_id=1,    │ │
│ │                   ins_code="", res_name="THR", hetero=False,             │ │
│ │                   atom_name="CG2", element="C",                          │ │
│ │                   is_motif_atom_unindexed_motif_breakpoint=False,        │ │
│ │                   orig_res_id=1, is_atom_level_hotspot=0, charge=0.0,    │ │
│ │                   chain_type=6, is_rna=False, pn_unit_entity=0,          │ │
│ │                   within_chain_res_idx=0, is_non_loopy_atom_level=0,     │ │
│ │                   is_motif_atom_with_fixed_seq=False, atomize=False,     │ │
│ │                   is_covalent_modification=False, active_donor=0,        │ │
│ │                   src_component="122", is_residue=True,                  │ │
│ │                   active_acceptor=0, is_N_terminus=True, molecule_id=0,  │ │
│ │                   ref_plddt=1, is_motif_atom_unindexed=False,            │ │
│ │                   token_id=0, pn_unit_iid="A_1",                         │ │
│ │                   is_motif_atom_with_fixed_coord=False,                  │ │
│ │                   within_poly_res_idx=0, molecule_entity=0,              │ │
│ │                   is_protein=True, label_entity_id=1, is_ligand=False,   │ │
│ │                   is_polymer=True, is_C_terminus=False, is_non_loopy=0,  │ │
│ │                   chain_entity=0, is_dna=False,                          │ │
│ │                   b_factor=7.352541686600489e-09, occupancy=1.0,         │ │
│ │                   atomic_number=6, chain_iid="A_1", atom_id=4,           │ │
│ │                   pn_unit_id="A", gt_atom_name="V1", is_backbone=False,  │ │
│ │                   is_sidechain=True, coord_to_be_noised=[0. 0. 0.]),     │ │
│ │                   │   │   Atom(np.array([  4.7017922, -17.067482 ,       │ │
│ │                   1.261894 ], dtype=float32), chain_id="A", res_id=2,    │ │
│ │                   ins_code="", res_name="ASP", hetero=False,             │ │
│ │                   atom_name="N", element="N",                            │ │
│ │                   is_motif_atom_unindexed_motif_breakpoint=False,        │ │
│ │                   orig_res_id=2, is_atom_level_hotspot=0, charge=0.0,    │ │
│ │                   chain_type=6, is_rna=False, pn_unit_entity=0,          │ │
│ │                   within_chain_res_idx=1, is_non_loopy_atom_level=0,     │ │
│ │                   is_motif_atom_with_fixed_seq=False, atomize=False,     │ │
│ │                   is_covalent_modification=False, active_donor=0,        │ │
│ │                   src_component="122", is_residue=True,                  │ │
│ │                   active_acceptor=0, is_N_terminus=False, molecule_id=0, │ │
│ │                   ref_plddt=1, is_motif_atom_unindexed=False,            │ │
│ │                   token_id=1, pn_unit_iid="A_1",                         │ │
│ │                   is_motif_atom_with_fixed_coord=False,                  │ │
│ │                   within_poly_res_idx=1, molecule_entity=0,              │ │
│ │                   is_protein=True, label_entity_id=1, is_ligand=False,   │ │
│ │                   is_polymer=True, is_C_terminus=False, is_non_loopy=0,  │ │
│ │                   chain_entity=0, is_dna=False,                          │ │
│ │                   b_factor=6.694008680696584e-10, occupancy=1.0,         │ │
│ │                   atomic_number=7, chain_iid="A_1", atom_id=5,           │ │
│ │                   pn_unit_id="A", gt_atom_name="N", is_backbone=True,    │ │
│ │                   is_sidechain=False, coord_to_be_noised=[0. 0. 0.]),    │ │
│ │                   │   │   Atom(np.array([  4.7370934, -15.718392 ,       │ │
│ │                   1.7077596], dtype=float32), chain_id="A", res_id=2,    │ │
│ │                   ins_code="", res_name="ASP", hetero=False,             │ │
│ │                   atom_name="CA", element="C",                           │ │
│ │                   is_motif_atom_unindexed_motif_breakpoint=False,        │ │
│ │                   orig_res_id=2, is_atom_level_hotspot=0, charge=0.0,    │ │
│ │                   chain_type=6, is_rna=False, pn_unit_entity=0,          │ │
│ │                   within_chain_res_idx=1, is_non_loopy_atom_level=0,     │ │
│ │                   is_motif_atom_with_fixed_seq=False, atomize=False,     │ │
│ │                   is_covalent_modification=False, active_donor=0,        │ │
│ │                   src_component="122", is_residue=True,                  │ │
│ │                   active_acceptor=0, is_N_terminus=False, molecule_id=0, │ │
│ │                   ref_plddt=1, is_motif_atom_unindexed=False,            │ │
│ │                   token_id=1, pn_unit_iid="A_1",                         │ │
│ │                   is_motif_atom_with_fixed_coord=False,                  │ │
│ │                   within_poly_res_idx=1, molecule_entity=0,              │ │
│ │                   is_protein=True, label_entity_id=1, is_ligand=False,   │ │
│ │                   is_polymer=True, is_C_terminus=False, is_non_loopy=0,  │ │
│ │                   chain_entity=0, is_dna=False,                          │ │
│ │                   b_factor=6.694008680696584e-10, occupancy=1.0,         │ │
│ │                   atomic_number=6, chain_iid="A_1", atom_id=6,           │ │
│ │                   pn_unit_id="A", gt_atom_name="CA", is_backbone=True,   │ │
│ │                   is_sidechain=False, coord_to_be_noised=[0. 0. 0.]),    │ │
│ │                   │   │   Atom(np.array([  4.6331573, -14.72296  ,       │ │
│ │                   0.5394035], dtype=float32), chain_id="A", res_id=2,    │ │
│ │                   ins_code="", res_name="ASP", hetero=False,             │ │
│ │                   atom_name="C", element="C",                            │ │
│ │                   is_motif_atom_unindexed_motif_breakpoint=False,        │ │
│ │                   orig_res_id=2, is_atom_level_hotspot=0, charge=0.0,    │ │
│ │                   chain_type=6, is_rna=False, pn_unit_entity=0,          │ │
│ │                   within_chain_res_idx=1, is_non_loopy_atom_level=0,     │ │
│ │                   is_motif_atom_with_fixed_seq=False, atomize=False,     │ │
│ │                   is_covalent_modification=False, active_donor=0,        │ │
│ │                   src_component="122", is_residue=True,                  │ │
│ │                   active_acceptor=0, is_N_terminus=False, molecule_id=0, │ │
│ │                   ref_plddt=1, is_motif_atom_unindexed=False,            │ │
│ │                   token_id=1, pn_unit_iid="A_1",                         │ │
│ │                   is_motif_atom_with_fixed_coord=False,                  │ │
│ │                   within_poly_res_idx=1, molecule_entity=0,              │ │
│ │                   is_protein=True, label_entity_id=1, is_ligand=False,   │ │
│ │                   is_polymer=True, is_C_terminus=False, is_non_loopy=0,  │ │
│ │                   chain_entity=0, is_dna=False,                          │ │
│ │                   b_factor=6.694008680696584e-10, occupancy=1.0,         │ │
│ │                   atomic_number=6, chain_iid="A_1", atom_id=7,           │ │
│ │                   pn_unit_id="A", gt_atom_name="C", is_backbone=True,    │ │
│ │                   is_sidechain=False, coord_to_be_noised=[0. 0. 0.])     │ │
│ │                   │   │   ... (2885 not shown) ...,                      │ │
│ │                   │   │   Atom(np.array([ 26.625, -18.375, -25.75 ],     │ │
│ │                   dtype=float32), chain_id="C", res_id=92, ins_code="",  │ │
│ │                   res_name="TYR", hetero=False, atom_name="C",           │ │
│ │                   element="C",                                           │ │
│ │                   is_motif_atom_unindexed_motif_breakpoint=False,        │ │
│ │                   orig_res_id=92, is_atom_level_hotspot=0, charge=0.0,   │ │
│ │                   chain_type=6, is_rna=False, pn_unit_entity=2,          │ │
│ │                   within_chain_res_idx=91, is_non_loopy_atom_level=0,    │ │
│ │                   is_motif_atom_with_fixed_seq=True, atomize=False,      │ │
│ │                   is_covalent_modification=False, active_donor=0,        │ │
│ │                   src_component="C120", is_residue=True,                 │ │
│ │                   active_acceptor=0, is_N_terminus=False, molecule_id=2, │ │
│ │                   ref_plddt=1, is_motif_atom_unindexed=False,            │ │
│ │                   token_id=382, pn_unit_iid="C_1",                       │ │
│ │                   is_motif_atom_with_fixed_coord=True,                   │ │
│ │                   within_poly_res_idx=91, molecule_entity=2,             │ │
│ │                   is_protein=True, label_entity_id=3, is_ligand=False,   │ │
│ │                   is_polymer=True, is_C_terminus=True, is_non_loopy=0,   │ │
│ │                   chain_entity=2, is_dna=False,                          │ │
│ │                   b_factor=4.268679199951281e-25, occupancy=1.0,         │ │
│ │                   atomic_number=6, chain_iid="C_1", atom_id=2675,        │ │
│ │                   pn_unit_id="C", gt_atom_name="C", is_backbone=True,    │ │
│ │                   is_sidechain=False, coord_to_be_noised=[ 26.650063     │ │
│ │                   -18.36451  -25.717377]),                               │ │
│ │                   │   │   Atom(np.array([ 26.5  , -19.625, -25.875],     │ │
│ │                   dtype=float32), chain_id="C", res_id=92, ins_code="",  │ │
│ │                   res_name="TYR", hetero=False, atom_name="O",           │ │
│ │                   element="O",                                           │ │
│ │                   is_motif_atom_unindexed_motif_breakpoint=False,        │ │
│ │                   orig_res_id=92, is_atom_level_hotspot=0, charge=0.0,   │ │
│ │                   chain_type=6, is_rna=False, pn_unit_entity=2,          │ │
│ │                   within_chain_res_idx=91, is_non_loopy_atom_level=0,    │ │
│ │                   is_motif_atom_with_fixed_seq=True, atomize=False,      │ │
│ │                   is_covalent_modification=False, active_donor=0,        │ │
│ │                   src_component="C120", is_residue=True,                 │ │
│ │                   active_acceptor=0, is_N_terminus=False, molecule_id=2, │ │
│ │                   ref_plddt=1, is_motif_atom_unindexed=False,            │ │
│ │                   token_id=382, pn_unit_iid="C_1",                       │ │
│ │                   is_motif_atom_with_fixed_coord=True,                   │ │
│ │                   within_poly_res_idx=91, molecule_entity=2,             │ │
│ │                   is_protein=True, label_entity_id=3, is_ligand=False,   │ │
│ │                   is_polymer=True, is_C_terminus=True, is_non_loopy=0,   │ │
│ │                   chain_entity=2, is_dna=False,                          │ │
│ │                   b_factor=4.268679199951281e-25, occupancy=1.0,         │ │
│ │                   atomic_number=8, chain_iid="C_1", atom_id=2676,        │ │
│ │                   pn_unit_id="C", gt_atom_name="O", is_backbone=True,    │ │
│ │                   is_sidechain=False, coord_to_be_noised=[ 26.446068     │ │
│ │                   -19.58451  -25.836372]),                               │ │
│ │                   │   │   Atom(np.array([ 25.375, -17.   , -27.375],     │ │
│ │                   dtype=float32), chain_id="C", res_id=92, ins_code="",  │ │
│ │                   res_name="TYR", hetero=False, atom_name="CB",          │ │
│ │                   element="C",                                           │ │
│ │                   is_motif_atom_unindexed_motif_breakpoint=False,        │ │
│ │                   orig_res_id=92, is_atom_level_hotspot=0, charge=0.0,   │ │
│ │                   chain_type=6, is_rna=False, pn_unit_entity=2,          │ │
│ │                   within_chain_res_idx=91, is_non_loopy_atom_level=0,    │ │
│ │                   is_motif_atom_with_fixed_seq=True, atomize=False,      │ │
│ │                   is_covalent_modification=False, active_donor=0,        │ │
│ │                   src_component="C120", is_residue=True,                 │ │
│ │                   active_acceptor=0, is_N_terminus=False, molecule_id=2, │ │
│ │                   ref_plddt=1, is_motif_atom_unindexed=False,            │ │
│ │                   token_id=382, pn_unit_iid="C_1",                       │ │
│ │                   is_motif_atom_with_fixed_coord=True,                   │ │
│ │                   within_poly_res_idx=91, molecule_entity=2,             │ │
│ │                   is_protein=True, label_entity_id=3, is_ligand=False,   │ │
│ │                   is_polymer=True, is_C_terminus=True, is_non_loopy=0,   │ │
│ │                   chain_entity=2, is_dna=False,                          │ │
│ │                   b_factor=4.268679199951281e-25, occupancy=1.0,         │ │
│ │                   atomic_number=6, chain_iid="C_1", atom_id=2677,        │ │
│ │                   pn_unit_id="C", gt_atom_name="CB", is_backbone=False,  │ │
│ │                   is_sidechain=True, coord_to_be_noised=[ 25.365067      │ │
│ │                   -16.946518 -27.356377]),                               │ │
│ │                   │   │   Atom(np.array([ 24.  , -16.5 , -27.75],        │ │
│ │                   dtype=float32), chain_id="C", res_id=92, ins_code="",  │ │
│ │                   res_name="TYR", hetero=False, atom_name="CG",          │ │
│ │                   element="C",                                           │ │
│ │                   is_motif_atom_unindexed_motif_breakpoint=False,        │ │
│ │                   orig_res_id=92, is_atom_level_hotspot=0, charge=0.0,   │ │
│ │                   chain_type=6, is_rna=False, pn_unit_entity=2,          │ │
│ │                   within_chain_res_idx=91, is_non_loopy_atom_level=0,    │ │
│ │                   is_motif_atom_with_fixed_seq=True, atomize=False,      │ │
│ │                   is_covalent_modification=False, active_donor=0,        │ │
│ │                   src_component="C120", is_residue=True,                 │ │
│ │                   active_acceptor=0, is_N_terminus=False, molecule_id=2, │ │
│ │                   ref_plddt=1, is_motif_atom_unindexed=False,            │ │
│ │                   token_id=382, pn_unit_iid="C_1",                       │ │
│ │                   is_motif_atom_with_fixed_coord=True,                   │ │
│ │                   within_poly_res_idx=91, molecule_entity=2,             │ │
│ │                   is_protein=True, label_entity_id=3, is_ligand=False,   │ │
│ │                   is_polymer=True, is_C_terminus=True, is_non_loopy=0,   │ │
│ │                   chain_entity=2, is_dna=False,                          │ │
│ │                   b_factor=4.268679199951281e-25, occupancy=1.0,         │ │
│ │                   atomic_number=6, chain_iid="C_1", atom_id=2678,        │ │
│ │                   pn_unit_id="C", gt_atom_name="CG", is_backbone=False,  │ │
│ │                   is_sidechain=True, coord_to_be_noised=[ 23.998062      │ │
│ │                   -16.463516 -27.772377]),                               │ │
│ │                   │   │   Atom(np.array([ 22.875, -16.75 , -27.   ],     │ │
│ │                   dtype=float32), chain_id="C", res_id=92, ins_code="",  │ │
│ │                   res_name="TYR", hetero=False, atom_name="CD1",         │ │
│ │                   element="C",                                           │ │
│ │                   is_motif_atom_unindexed_motif_breakpoint=False,        │ │
│ │                   orig_res_id=92, is_atom_level_hotspot=0, charge=0.0,   │ │
│ │                   chain_type=6, is_rna=False, pn_unit_entity=2,          │ │
│ │                   within_chain_res_idx=91, is_non_loopy_atom_level=0,    │ │
│ │                   is_motif_atom_with_fixed_seq=True, atomize=False,      │ │
│ │                   is_covalent_modification=False, active_donor=0,        │ │
│ │                   src_component="C120", is_residue=True,                 │ │
│ │                   active_acceptor=0, is_N_terminus=False, molecule_id=2, │ │
│ │                   ref_plddt=1, is_motif_atom_unindexed=False,            │ │
│ │                   token_id=382, pn_unit_iid="C_1",                       │ │
│ │                   is_motif_atom_with_fixed_coord=True,                   │ │
│ │                   within_poly_res_idx=91, molecule_entity=2,             │ │
│ │                   is_protein=True, label_entity_id=3, is_ligand=False,   │ │
│ │                   is_polymer=True, is_C_terminus=True, is_non_loopy=0,   │ │
│ │                   chain_entity=2, is_dna=False,                          │ │
│ │                   b_factor=4.268679199951281e-25, occupancy=1.0,         │ │
│ │                   atomic_number=6, chain_iid="C_1", atom_id=2679,        │ │
│ │                   pn_unit_id="C", gt_atom_name="CD1", is_backbone=False, │ │
│ │                   is_sidechain=True, coord_to_be_noised=[ 22.870064      │ │
│ │                   -16.782516 -27.029373]),                               │ │
│ │                   │   │   Atom(np.array([ 23.875 , -15.6875, -28.875 ],  │ │
│ │                   dtype=float32), chain_id="C", res_id=92, ins_code="",  │ │
│ │                   res_name="TYR", hetero=False, atom_name="CD2",         │ │
│ │                   element="C",                                           │ │
│ │                   is_motif_atom_unindexed_motif_breakpoint=False,        │ │
│ │                   orig_res_id=92, is_atom_level_hotspot=0, charge=0.0,   │ │
│ │                   chain_type=6, is_rna=False, pn_unit_entity=2,          │ │
│ │                   within_chain_res_idx=91, is_non_loopy_atom_level=0,    │ │
│ │                   is_motif_atom_with_fixed_seq=True, atomize=False,      │ │
│ │                   is_covalent_modification=False, active_donor=0,        │ │
│ │                   src_component="C120", is_residue=True,                 │ │
│ │                   active_acceptor=0, is_N_terminus=False, molecule_id=2, │ │
│ │                   ref_plddt=1, is_motif_atom_unindexed=False,            │ │
│ │                   token_id=382, pn_unit_iid="C_1",                       │ │
│ │                   is_motif_atom_with_fixed_coord=True,                   │ │
│ │                   within_poly_res_idx=91, molecule_entity=2,             │ │
│ │                   is_protein=True, label_entity_id=3, is_ligand=False,   │ │
│ │                   is_polymer=True, is_C_terminus=True, is_non_loopy=0,   │ │
│ │                   chain_entity=2, is_dna=False,                          │ │
│ │                   b_factor=4.268679199951281e-25, occupancy=1.0,         │ │
│ │                   atomic_number=6, chain_iid="C_1", atom_id=2680,        │ │
│ │                   pn_unit_id="C", gt_atom_name="CD2", is_backbone=False, │ │
│ │                   is_sidechain=True, coord_to_be_noised=[ 23.835068      │ │
│ │                   -15.692505 -28.915375]),                               │ │
│ │                   │   │   Atom(np.array([ 21.625, -16.375, -27.375],     │ │
│ │                   dtype=float32), chain_id="C", res_id=92, ins_code="",  │ │
│ │                   res_name="TYR", hetero=False, atom_name="CE1",         │ │
│ │                   element="C",                                           │ │
│ │                   is_motif_atom_unindexed_motif_breakpoint=False,        │ │
│ │                   orig_res_id=92, is_atom_level_hotspot=0, charge=0.0,   │ │
│ │                   chain_type=6, is_rna=False, pn_unit_entity=2,          │ │
│ │                   within_chain_res_idx=91, is_non_loopy_atom_level=0,    │ │
│ │                   is_motif_atom_with_fixed_seq=True, atomize=False,      │ │
│ │                   is_covalent_modification=False, active_donor=0,        │ │
│ │                   src_component="C120", is_residue=True,                 │ │
│ │                   active_acceptor=0, is_N_terminus=False, molecule_id=2, │ │
│ │                   ref_plddt=1, is_motif_atom_unindexed=False,            │ │
│ │                   token_id=382, pn_unit_iid="C_1",                       │ │
│ │                   is_motif_atom_with_fixed_coord=True,                   │ │
│ │                   within_poly_res_idx=91, molecule_entity=2,             │ │
│ │                   is_protein=True, label_entity_id=3, is_ligand=False,   │ │
│ │                   is_polymer=True, is_C_terminus=True, is_non_loopy=0,   │ │
│ │                   chain_entity=2, is_dna=False,                          │ │
│ │                   b_factor=4.268679199951281e-25, occupancy=1.0,         │ │
│ │                   atomic_number=6, chain_iid="C_1", atom_id=2681,        │ │
│ │                   pn_unit_id="C", gt_atom_name="CE1", is_backbone=False, │ │
│ │                   is_sidechain=True, coord_to_be_noised=[ 21.618065      │ │
│ │                   -16.346512 -27.412376]),                               │ │
│ │                   │   │   Atom(np.array([ 22.625, -15.25 , -29.25 ],     │ │
│ │                   dtype=float32), chain_id="C", res_id=92, ins_code="",  │ │
│ │                   res_name="TYR", hetero=False, atom_name="CE2",         │ │
│ │                   element="C",                                           │ │
│ │                   is_motif_atom_unindexed_motif_breakpoint=False,        │ │
│ │                   orig_res_id=92, is_atom_level_hotspot=0, charge=0.0,   │ │
│ │                   chain_type=6, is_rna=False, pn_unit_entity=2,          │ │
│ │                   within_chain_res_idx=91, is_non_loopy_atom_level=0,    │ │
│ │                   is_motif_atom_with_fixed_seq=True, atomize=False,      │ │
│ │                   is_covalent_modification=False, active_donor=0,        │ │
│ │                   src_component="C120", is_residue=True,                 │ │
│ │                   active_acceptor=0, is_N_terminus=False, molecule_id=2, │ │
│ │                   ref_plddt=1, is_motif_atom_unindexed=False,            │ │
│ │                   token_id=382, pn_unit_iid="C_1",                       │ │
│ │                   is_motif_atom_with_fixed_coord=True,                   │ │
│ │                   within_poly_res_idx=91, molecule_entity=2,             │ │
│ │                   is_protein=True, label_entity_id=3, is_ligand=False,   │ │
│ │                   is_polymer=True, is_C_terminus=True, is_non_loopy=0,   │ │
│ │                   chain_entity=2, is_dna=False,                          │ │
│ │                   b_factor=4.268679199951281e-25, occupancy=1.0,         │ │
│ │                   atomic_number=6, chain_iid="C_1", atom_id=2682,        │ │
│ │                   pn_unit_id="C", gt_atom_name="CE2", is_backbone=False, │ │
│ │                   is_sidechain=True, coord_to_be_noised=[ 22.589066      │ │
│ │                   -15.250519 -29.306374]),                               │ │
│ │                   │   │   Atom(np.array([ 21.5   , -15.5625, -28.5   ],  │ │
│ │                   dtype=float32), chain_id="C", res_id=92, ins_code="",  │ │
│ │                   res_name="TYR", hetero=False, atom_name="CZ",          │ │
│ │                   element="C",                                           │ │
│ │                   is_motif_atom_unindexed_motif_breakpoint=False,        │ │
│ │                   orig_res_id=92, is_atom_level_hotspot=0, charge=0.0,   │ │
│ │                   chain_type=6, is_rna=False, pn_unit_entity=2,          │ │
│ │                   within_chain_res_idx=91, is_non_loopy_atom_level=0,    │ │
│ │                   is_motif_atom_with_fixed_seq=True, atomize=False,      │ │
│ │                   is_covalent_modification=False, active_donor=0,        │ │
│ │                   src_component="C120", is_residue=True,                 │ │
│ │                   active_acceptor=0, is_N_terminus=False, molecule_id=2, │ │
│ │                   ref_plddt=1, is_motif_atom_unindexed=False,            │ │
│ │                   token_id=382, pn_unit_iid="C_1",                       │ │
│ │                   is_motif_atom_with_fixed_coord=True,                   │ │
│ │                   within_poly_res_idx=91, molecule_entity=2,             │ │
│ │                   is_protein=True, label_entity_id=3, is_ligand=False,   │ │
│ │                   is_polymer=True, is_C_terminus=True, is_non_loopy=0,   │ │
│ │                   chain_entity=2, is_dna=False,                          │ │
│ │                   b_factor=4.268679199951281e-25, occupancy=1.0,         │ │
│ │                   atomic_number=6, chain_iid="C_1", atom_id=2683,        │ │
│ │                   pn_unit_id="C", gt_atom_name="CZ", is_backbone=False,  │ │
│ │                   is_sidechain=True, coord_to_be_noised=[ 21.485062      │ │
│ │                   -15.580505 -28.550377]),                               │ │
│ │                   │   │   Atom(np.array([ 20.25 , -15.125, -28.875],     │ │
│ │                   dtype=float32), chain_id="C", res_id=92, ins_code="",  │ │
│ │                   res_name="TYR", hetero=False, atom_name="OH",          │ │
│ │                   element="O",                                           │ │
│ │                   is_motif_atom_unindexed_motif_breakpoint=False,        │ │
│ │                   orig_res_id=92, is_atom_level_hotspot=0, charge=0.0,   │ │
│ │                   chain_type=6, is_rna=False, pn_unit_entity=2,          │ │
│ │                   within_chain_res_idx=91, is_non_loopy_atom_level=0,    │ │
│ │                   is_motif_atom_with_fixed_seq=True, atomize=False,      │ │
│ │                   is_covalent_modification=False, active_donor=0,        │ │
│ │                   src_component="C120", is_residue=True,                 │ │
│ │                   active_acceptor=0, is_N_terminus=False, molecule_id=2, │ │
│ │                   ref_plddt=1, is_motif_atom_unindexed=False,            │ │
│ │                   token_id=382, pn_unit_iid="C_1",                       │ │
│ │                   is_motif_atom_with_fixed_coord=True,                   │ │
│ │                   within_poly_res_idx=91, molecule_entity=2,             │ │
│ │                   is_protein=True, label_entity_id=3, is_ligand=False,   │ │
│ │                   is_polymer=True, is_C_terminus=True, is_non_loopy=0,   │ │
│ │                   chain_entity=2, is_dna=False,                          │ │
│ │                   b_factor=4.268679199951281e-25, occupancy=1.0,         │ │
│ │                   atomic_number=8, chain_iid="C_1", atom_id=2684,        │ │
│ │                   pn_unit_id="C", gt_atom_name="OH", is_backbone=False,  │ │
│ │                   is_sidechain=True, coord_to_be_noised=[ 20.240067      │ │
│ │                   -15.142517 -28.93438 ])                                │ │
│ │                   ]),                                                    │ │
│ │                   │   │   metadata=OrderedDict({'diffused_index_map':    │ │
│ │                   {np.str_('B33'): 'B1', np.str_('B34'): 'B2',           │ │
│ │                   np.str_('B35'): 'B3', np.str_('B36'): 'B4',            │ │
│ │                   np.str_('B37'): 'B5', np.str_('B38'): 'B6',            │ │
│ │                   np.str_('B39'): 'B7', np.str_('B40'): 'B8',            │ │
│ │                   np.str_('B41'): 'B9', np.str_('B42'): 'B10',           │ │
│ │                   np.str_('B43'): 'B11', np.str_('B44'): 'B12',          │ │
│ │                   np.str_('B45'): 'B13', np.str_('B46'): 'B14',          │ │
│ │                   np.str_('B47'): 'B15', np.str_('B48'): 'B16',          │ │
│ │                   np.str_('B49'): 'B17', np.str_('B50'): 'B18',          │ │
│ │                   np.str_('B51'): 'B19', np.str_('B52'): 'B20',          │ │
│ │                   np.str_('B53'): 'B21', np.str_('B54'): 'B22',          │ │
│ │                   np.str_('B64'): 'B33', np.str_('B65'): 'B34',          │ │
│ │                   np.str_('B66'): 'B35', np.str_('B67'): 'B36',          │ │
│ │                   np.str_('B68'): 'B37', np.str_('B69'): 'B38',          │ │
│ │                   np.str_('B70'): 'B39', np.str_('B71'): 'B40',          │ │
│ │                   np.str_('B72'): 'B41', np.str_('B73'): 'B42',          │ │
│ │                   np.str_('B74'): 'B43', np.str_('B75'): 'B44',          │ │
│ │                   np.str_('B76'): 'B45', np.str_('B77'): 'B46',          │ │
│ │                   np.str_('B78'): 'B47', np.str_('B79'): 'B48',          │ │
│ │                   np.str_('B80'): 'B49', np.str_('B81'): 'B50',          │ │
│ │                   np.str_('B82'): 'B51', np.str_('B83'): 'B52',          │ │
│ │                   np.str_('B84'): 'B53', np.str_('B85'): 'B54',          │ │
│ │                   np.str_('B86'): 'B55', np.str_('B87'): 'B56',          │ │
│ │                   np.str_('B88'): 'B57', np.str_('B89'): 'B58',          │ │
│ │                   np.str_('B90'): 'B59', np.str_('B91'): 'B60',          │ │
│ │                   np.str_('B92'): 'B61', np.str_('B93'): 'B62',          │ │
│ │                   np.str_('B94'): 'B63', np.str_('B95'): 'B64',          │ │
│ │                   np.str_('B96'): 'B65', np.str_('B97'): 'B66',          │ │
│ │                   np.str_('B98'): 'B67', np.str_('B99'): 'B68',          │ │
│ │                   np.str_('B100'): 'B69', np.str_('B101'): 'B70',        │ │
│ │                   np.str_('B102'): 'B71', np.str_('B103'): 'B72',        │ │
│ │                   np.str_('B104'): 'B73', np.str_('B105'): 'B74',        │ │
│ │                   np.str_('B106'): 'B75', np.str_('B110'): 'B79',        │ │
│ │                   np.str_('B111'): 'B80', np.str_('B112'): 'B81',        │ │
│ │                   np.str_('B113'): 'B82', np.str_('B114'): 'B83',        │ │
│ │                   np.str_('B115'): 'B84', np.str_('B116'): 'B85',        │ │
│ │                   np.str_('B117'): 'B86', np.str_('B118'): 'B87',        │ │
│ │                   np.str_('B119'): 'B88', np.str_('B120'): 'B89',        │ │
│ │                   np.str_('B121'): 'B90', np.str_('B122'): 'B91',        │ │
│ │                   np.str_('B123'): 'B92', np.str_('B124'): 'B93',        │ │
│ │                   np.str_('B125'): 'B94', np.str_('B126'): 'B95',        │ │
│ │                   np.str_('B127'): 'B96', np.str_('B128'): 'B97',        │ │
│ │                   np.str_('B129'): 'B98', np.str_('B130'): 'B99',        │ │
│ │                   np.str_('B131'): 'B100', np.str_('B132'): 'B101',      │ │
│ │                   np.str_('B133'): 'B102', np.str_('B134'): 'B103',      │ │
│ │                   np.str_('B135'): 'B104', np.str_('B136'): 'B105',      │ │
│ │                   np.str_('B137'): 'B106', np.str_('B138'): 'B107',      │ │
│ │                   np.str_('B139'): 'B108', np.str_('B140'): 'B109',      │ │
│ │                   np.str_('B141'): 'B110', np.str_('B142'): 'B111',      │ │
│ │                   np.str_('B143'): 'B112', np.str_('B144'): 'B113',      │ │
│ │                   np.str_('B145'): 'B114', np.str_('B146'): 'B115',      │ │
│ │                   np.str_('B147'): 'B116', np.str_('B148'): 'B117',      │ │
│ │                   np.str_('B149'): 'B118', np.str_('B150'): 'B119',      │ │
│ │                   np.str_('B151'): 'B120', np.str_('B152'): 'B121',      │ │
│ │                   np.str_('B153'): 'B122', np.str_('B154'): 'B123',      │ │
│ │                   np.str_('B155'): 'B124', np.str_('B156'): 'B125',      │ │
│ │                   np.str_('B157'): 'B126', np.str_('B158'): 'B127',      │ │
│ │                   np.str_('B159'): 'B128', np.str_('B160'): 'B129',      │ │
│ │                   np.str_('B161'): 'B130', np.str_('B162'): 'B131',      │ │
│ │                   np.str_('B163'): 'B132', np.str_('B164'): 'B133',      │ │
│ │                   np.str_('B165'): 'B134', np.str_('B166'): 'B135',      │ │
│ │                   np.str_('B167'): 'B136', np.str_('B168'): 'B137',      │ │
│ │                   np.str_('B169'): 'B138', np.str_('B170'): 'B139',      │ │
│ │                   np.str_('B171'): 'B140', np.str_('B172'): 'B141',      │ │
│ │                   np.str_('B173'): 'B142', np.str_('B174'): 'B143',      │ │
│ │                   np.str_('B175'): 'B144', np.str_('B176'): 'B145',      │ │
│ │                   np.str_('B177'): 'B146', np.str_('B178'): 'B147',      │ │
│ │                   np.str_('B179'): 'B148', np.str_('B180'): 'B149',      │ │
│ │                   np.str_('B181'): 'B150', np.str_('B182'): 'B151',      │ │
│ │                   np.str_('B183'): 'B152', np.str_('B184'): 'B153',      │ │
│ │                   np.str_('B185'): 'B154', np.str_('B186'): 'B155',      │ │
│ │                   np.str_('B187'): 'B156', np.str_('B188'): 'B157',      │ │
│ │                   np.str_('B189'): 'B158', np.str_('B190'): 'B159',      │ │
│ │                   np.str_('B191'): 'B160', np.str_('B192'): 'B161',      │ │
│ │                   np.str_('B193'): 'B162', np.str_('B194'): 'B163',      │ │
│ │                   np.str_('B195'): 'B164', np.str_('B196'): 'B165',      │ │
│ │                   np.str_('B197'): 'B166', np.str_('B198'): 'B167',      │ │
│ │                   np.str_('B199'): 'B168', np.str_('B200'): 'B169',      │ │
│ │                   np.str_('C29'): 'C1', np.str_('C30'): 'C2',            │ │
│ │                   np.str_('C31'): 'C3', np.str_('C32'): 'C4',            │ │
│ │                   np.str_('C33'): 'C5', np.str_('C34'): 'C6',            │ │
│ │                   np.str_('C35'): 'C7', np.str_('C36'): 'C8',            │ │
│ │                   np.str_('C37'): 'C9', np.str_('C38'): 'C10',           │ │
│ │                   np.str_('C39'): 'C11', np.str_('C40'): 'C12',          │ │
│ │                   np.str_('C41'): 'C13', np.str_('C42'): 'C14',          │ │
│ │                   np.str_('C43'): 'C15', np.str_('C44'): 'C16',          │ │
│ │                   np.str_('C45'): 'C17', np.str_('C46'): 'C18',          │ │
│ │                   np.str_('C47'): 'C19', np.str_('C48'): 'C20',          │ │
│ │                   np.str_('C49'): 'C21', np.str_('C50'): 'C22',          │ │
│ │                   np.str_('C51'): 'C23', np.str_('C52'): 'C24',          │ │
│ │                   np.str_('C53'): 'C25', np.str_('C54'): 'C26',          │ │
│ │                   np.str_('C55'): 'C27', np.str_('C56'): 'C28',          │ │
│ │                   np.str_('C57'): 'C29', np.str_('C58'): 'C30',          │ │
│ │                   np.str_('C59'): 'C31', np.str_('C60'): 'C32',          │ │
│ │                   np.str_('C61'): 'C33', np.str_('C62'): 'C34',          │ │
│ │                   np.str_('C63'): 'C35', np.str_('C64'): 'C36',          │ │
│ │                   np.str_('C65'): 'C37', np.str_('C66'): 'C38',          │ │
│ │                   np.str_('C67'): 'C39', np.str_('C68'): 'C40',          │ │
│ │                   np.str_('C69'): 'C41', np.str_('C70'): 'C42',          │ │
│ │                   np.str_('C71'): 'C43', np.str_('C72'): 'C44',          │ │
│ │                   np.str_('C73'): 'C45', np.str_('C74'): 'C46',          │ │
│ │                   np.str_('C75'): 'C47', np.str_('C76'): 'C48',          │ │
│ │                   np.str_('C77'): 'C49', np.str_('C78'): 'C50',          │ │
│ │                   np.str_('C79'): 'C51', np.str_('C80'): 'C52',          │ │
│ │                   np.str_('C81'): 'C53', np.str_('C82'): 'C54',          │ │
│ │                   np.str_('C83'): 'C55', np.str_('C84'): 'C56',          │ │
│ │                   np.str_('C85'): 'C57', np.str_('C86'): 'C58',          │ │
│ │                   np.str_('C87'): 'C59', np.str_('C88'): 'C60',          │ │
│ │                   np.str_('C89'): 'C61', np.str_('C90'): 'C62',          │ │
│ │                   np.str_('C91'): 'C63', np.str_('C92'): 'C64',          │ │
│ │                   np.str_('C93'): 'C65', np.str_('C94'): 'C66',          │ │
│ │                   np.str_('C95'): 'C67', np.str_('C96'): 'C68',          │ │
│ │                   np.str_('C97'): 'C69', np.str_('C98'): 'C70',          │ │
│ │                   np.str_('C99'): 'C71', np.str_('C100'): 'C72',         │ │
│ │                   np.str_('C101'): 'C73', np.str_('C102'): 'C74',        │ │
│ │                   np.str_('C103'): 'C75', np.str_('C104'): 'C76',        │ │
│ │                   np.str_('C105'): 'C77', np.str_('C106'): 'C78',        │ │
│ │                   np.str_('C107'): 'C79', np.str_('C108'): 'C80',        │ │
│ │                   np.str_('C109'): 'C81', np.str_('C110'): 'C82',        │ │
│ │                   np.str_('C111'): 'C83', np.str_('C112'): 'C84',        │ │
│ │                   np.str_('C113'): 'C85', np.str_('C114'): 'C86',        │ │
│ │                   np.str_('C115'): 'C87', np.str_('C116'): 'C88',        │ │
│ │                   np.str_('C117'): 'C89', np.str_('C118'): 'C90',        │ │
│ │                   np.str_('C119'): 'C91', np.str_('C120'): 'C92'},       │ │
│ │                   'metrics': {'max_ca_deviation': 0.7784304618835449,    │ │
│ │                   'n_chainbreaks': 1,                                    │ │
│ │                   'n_clashing.interresidue_clashes_w_sidechain': 2,      │ │
│ │                   'n_clashing.interresidue_clashes_w_backbone': 0,       │ │
│ │                   'non_loop_fraction': np.float64(0.7333333333333333),   │ │
│ │                   'loop_fraction': np.float64(0.26666666666666666),      │ │
│ │                   'helix_fraction': np.float64(0.7333333333333333),      │ │
│ │                   'sheet_fraction': np.float64(0.0), 'num_ss_elements':  │ │
│ │                   6, 'radius_of_gyration':                               │ │
│ │                   np.float64(18.71144734003099), 'alanine_content':      │ │
│ │                   np.float64(0.14360313315926893), 'glycine_content':    │ │
│ │                   np.float64(0.05483028720626632), 'num_residues': 383,  │ │
│ │                   'diffused_com': [-1.690962553024292,                   │ │
│ │                   -4.120264053344727, -0.6413646936416626], 'fixed_com': │ │
│ │                   [10.650075912475586, -3.605642795562744,               │ │
│ │                   -12.054028511047363]}, 'specification': {'input':      │ │
│ │                   '/work3/marhr/Projects/dbl/CLR_RAMP1/exp_01/inputs/6e… │ │
│ │                   'contig':                                              │ │
│ │                   '50-150,/0,B33-54,10,B64-106,3,B110-200,/0,C29-120',   │ │
│ │                   'length': '298-398', 'extra': {'example':              │ │
│ │                   'CLR_RAMP1_test', 'task_name':                         │ │
│ │                   'CLR_RAMP1_rfd3_test_CLR_RAMP1_test',                  │ │
│ │                   'sampled_contig':                                      │ │
│ │                   '122,/0,B33,B34,B35,B36,B37,B38,B39,B40,B41,B42,B43,B… │ │
│ │                   'num_tokens_in': 383, 'num_residues_in': 383,          │ │
│ │                   'num_chains': 3, 'num_atoms': 2685, 'num_residues':    │ │
│ │                   172, 'example_id':                                     │ │
│ │                   'CLR_RAMP1_rfd3_test_CLR_RAMP1_test_0'},               │ │
│ │                   'select_fixed_atoms': True, 'select_unfixed_sequence': │ │
│ │                   False, 'select_hbond_acceptor': {'B90': 'OD1,OD2',     │ │
│ │                   'B94': 'OD1,OD2'}, 'select_hbond_donor': {'B38':       │ │
│ │                   'NH1,NH2'}, 'select_hotspots': {'B33': 'NE2', 'B72':   │ │
│ │                   'NE1,CD1,CD2,CG,CE3,CZ2,CZ3', 'B92':                   │ │
│ │                   'CD2,CD1,CE1,CE2,CZ'}, 'infer_ori_strategy':           │ │
│ │                   'hotspots'}, 'ckpt_path':                              │ │
│ │                   '/dtu/projects/dbl/foundry/ckpt/rfd3_latest.ckpt',     │ │
│ │                   'seed': None}),                                        │ │
│ │                   │   │                                                  │ │
│ │                   example_id='CLR_RAMP1_rfd3_test_CLR_RAMP1_test_0_mode… │ │
│ │                   │   │   denoised_trajectory_stack=None,                │ │
│ │                   │   │   noisy_trajectory_stack=None                    │ │
│ │                   │   )                                                  │ │
│ │                   ]                                                      │ │
│ │         outputs = {}                                                     │ │
│ │ pipeline_output = {                                                      │ │
│ │                   │   'example_id':                                      │ │
│ │                   'CLR_RAMP1_rfd3_test_CLR_RAMP1_test_0',                │ │
│ │                   │   'feats': {                                         │ │
│ │                   │   │   'unindexing_pair_mask': tensor([[False, False, │ │
│ │                   False,  ..., False, False, False],                     │ │
│ │                   │   │   [False, False, False,  ..., False, False,      │ │
│ │                   False],                                                │ │
│ │                   │   │   [False, False, False,  ..., False, False,      │ │
│ │                   False],                                                │ │
│ │                   │   │   ...,                                           │ │
│ │                   │   │   [False, False, False,  ..., False, False,      │ │
│ │                   False],                                                │ │
│ │                   │   │   [False, False, False,  ..., False, False,      │ │
│ │                   False],                                                │ │
│ │                   │   │   [False, False, False,  ..., False, False,      │ │
│ │                   False]], device='cuda:0'),                             │ │
│ │                   │   │   'is_motif_token_unindexed': tensor([False,     │ │
│ │                   False, False, False, False, False, False, False,       │ │
│ │                   False, False,                                          │ │
│ │                   │   │   False, False, False, False, False, False,      │ │
│ │                   False, False, False, False,                            │ │
│ │                   │   │   False, False, False, False, False, False,      │ │
│ │                   False, False, False, False,                            │ │
│ │                   │   │   False, False, False, False, False, False,      │ │
│ │                   False, False, False, False,                            │ │
│ │                   │   │   False, False, False, False, False, False,      │ │
│ │                   False, False, False, False,                            │ │
│ │                   │   │   False, False, False, False, False, False,      │ │
│ │                   False, False, False, False,                            │ │
│ │                   │   │   False, False, False, False, False, False,      │ │
│ │                   False, False, False, False,                            │ │
│ │                   │   │   False, False, False, False, False, False,      │ │
│ │                   False, False, False, False,                            │ │
│ │                   │   │   False, False, False, False, False, False,      │ │
│ │                   False, False, False, False,                            │ │
│ │                   │   │   False, False, False, False, False, False,      │ │
│ │                   False, False, False, False,                            │ │
│ │                   │   │   False, False, False, False, False, False,      │ │
│ │                   False, False, False, False,                            │ │
│ │                   │   │   False, False, False, False, False, False,      │ │
│ │                   False, False, False, False,                            │ │
│ │                   │   │   False, False, False, False, False, False,      │ │
│ │                   False, False, False, False,                            │ │
│ │                   │   │   False, False, False, False, False, False,      │ │
│ │                   False, False, False, False,                            │ │
│ │                   │   │   False, False, False, False, False, False,      │ │
│ │                   False, False, False, False,                            │ │
│ │                   │   │   False, False, False, False, False, False,      │ │
│ │                   False, False, False, False,                            │ │
│ │                   │   │   False, False, False, False, False, False,      │ │
│ │                   False, False, False, False,                            │ │
│ │                   │   │   False, False, False, False, False, False,      │ │
│ │                   False, False, False, False,                            │ │
│ │                   │   │   False, False, False, False, False, False,      │ │
│ │                   False, False, False, False,                            │ │
│ │                   │   │   False, False, False, False, False, False,      │ │
│ │                   False, False, False, False,                            │ │
│ │                   │   │   False, False, False, False, False, False,      │ │
│ │                   False, False, False, False,                            │ │
│ │                   │   │   False, False, False, False, False, False,      │ │
│ │                   False, False, False, False,                            │ │
│ │                   │   │   False, False, False, False, False, False,      │ │
│ │                   False, False, False, False,                            │ │
│ │                   │   │   False, False, False, False, False, False,      │ │
│ │                   False, False, False, False,                            │ │
│ │                   │   │   False, False, False, False, False, False,      │ │
│ │                   False, False, False, False,                            │ │
│ │                   │   │   False, False, False, False, False, False,      │ │
│ │                   False, False, False, False,                            │ │
│ │                   │   │   False, False, False, False, False, False,      │ │
│ │                   False, False, False, False,                            │ │
│ │                   │   │   False, False, False, False, False, False,      │ │
│ │                   False, False, False, False,                            │ │
│ │                   │   │   False, False, False, False, False, False,      │ │
│ │                   False, False, False, False,                            │ │
│ │                   │   │   False, False, False, False, False, False,      │ │
│ │                   False, False, False, False,                            │ │
│ │                   │   │   False, False, False, False, False, False,      │ │
│ │                   False, False, False, False,                            │ │
│ │                   │   │   False, False, False, False, False, False,      │ │
│ │                   False, False, False, False,                            │ │
│ │                   │   │   False, False, False, False, False, False,      │ │
│ │                   False, False, False, False,                            │ │
│ │                   │   │   False, False, False, False, False, False,      │ │
│ │                   False, False, False, False,                            │ │
│ │                   │   │   False, False, False, False, False, False,      │ │
│ │                   False, False, False, False,                            │ │
│ │                   │   │   False, False, False, False, False, False,      │ │
│ │                   False, False, False, False,                            │ │
│ │                   │   │   False, False, False, False, False, False,      │ │
│ │                   False, False, False, False,                            │ │
│ │                   │   │   False, False, False, False, False, False,      │ │
│ │                   False, False, False, False,                            │ │
│ │                   │   │   False, False, False], device='cuda:0'),        │ │
│ │                   │   │   'residue_index': tensor([  0,   1,   2,   3,   │ │
│ │                   4,   5,   6,   7,   8,   9,  10,  11,  12,  13,        │ │
│ │                   │   │    14,  15,  16,  17,  18,  19,  20,  21,  22,   │ │
│ │                   23,  24,  25,  26,  27,                                │ │
│ │                   │   │    28,  29,  30,  31,  32,  33,  34,  35,  36,   │ │
│ │                   37,  38,  39,  40,  41,                                │ │
│ │                   │   │    42,  43,  44,  45,  46,  47,  48,  49,  50,   │ │
│ │                   51,  52,  53,  54,  55,                                │ │
│ │                   │   │    56,  57,  58,  59,  60,  61,  62,  63,  64,   │ │
│ │                   65,  66,  67,  68,  69,                                │ │
│ │                   │   │    70,  71,  72,  73,  74,  75,  76,  77,  78,   │ │
│ │                   79,  80,  81,  82,  83,                                │ │
│ │                   │   │    84,  85,  86,  87,  88,  89,  90,  91,  92,   │ │
│ │                   93,  94,  95,  96,  97,                                │ │
│ │                   │   │    98,  99, 100, 101, 102, 103, 104, 105, 106,   │ │
│ │                   107, 108, 109, 110, 111,                               │ │
│ │                   │   │   112, 113, 114, 115, 116, 117, 118, 119, 120,   │ │
│ │                   121,   0,   1,   2,   3,                               │ │
│ │                   │   │     4,   5,   6,   7,   8,   9,  10,  11,  12,   │ │
│ │                   13,  14,  15,  16,  17,                                │ │
│ │                   │   │    18,  19,  20,  21,  22,  23,  24,  25,  26,   │ │
│ │                   27,  28,  29,  30,  31,                                │ │
│ │                   │   │    32,  33,  34,  35,  36,  37,  38,  39,  40,   │ │
│ │                   41,  42,  43,  44,  45,                                │ │
│ │                   │   │    46,  47,  48,  49,  50,  51,  52,  53,  54,   │ │
│ │                   55,  56,  57,  58,  59,                                │ │
│ │                   │   │    60,  61,  62,  63,  64,  65,  66,  67,  68,   │ │
│ │                   69,  70,  71,  72,  73,                                │ │
│ │                   │   │    74,  75,  76,  77,  78,  79,  80,  81,  82,   │ │
│ │                   83,  84,  85,  86,  87,                                │ │
│ │                   │   │    88,  89,  90,  91,  92,  93,  94,  95,  96,   │ │
│ │                   97,  98,  99, 100, 101,                                │ │
│ │                   │   │   102, 103, 104, 105, 106, 107, 108, 109, 110,   │ │
│ │                   111, 112, 113, 114, 115,                               │ │
│ │                   │   │   116, 117, 118, 119, 120, 121, 122, 123, 124,   │ │
│ │                   125, 126, 127, 128, 129,                               │ │
│ │                   │   │   130, 131, 132, 133, 134, 135, 136, 137, 138,   │ │
│ │                   139, 140, 141, 142, 143,                               │ │
│ │                   │   │   144, 145, 146, 147, 148, 149, 150, 151, 152,   │ │
│ │                   153, 154, 155, 156, 157,                               │ │
│ │                   │   │   158, 159, 160, 161, 162, 163, 164, 165, 166,   │ │
│ │                   167, 168,   0,   1,   2,                               │ │
│ │                   │   │     3,   4,   5,   6,   7,   8,   9,  10,  11,   │ │
│ │                   12,  13,  14,  15,  16,                                │ │
│ │                   │   │    17,  18,  19,  20,  21,  22,  23,  24,  25,   │ │
│ │                   26,  27,  28,  29,  30,                                │ │
│ │                   │   │    31,  32,  33,  34,  35,  36,  37,  38,  39,   │ │
│ │                   40,  41,  42,  43,  44,                                │ │
│ │                   │   │    45,  46,  47,  48,  49,  50,  51,  52,  53,   │ │
│ │                   54,  55,  56,  57,  58,                                │ │
│ │                   │   │    59,  60,  61,  62,  63,  64,  65,  66,  67,   │ │
│ │                   68,  69,  70,  71,  72,                                │ │
│ │                   │   │    73,  74,  75,  76,  77,  78,  79,  80,  81,   │ │
│ │                   82,  83,  84,  85,  86,                                │ │
│ │                   │   │    87,  88,  89,  90,  91], device='cuda:0',     │ │
│ │                   dtype=torch.int32),                                    │ │
│ │                   │   │   'token_index': tensor([  0,   1,   2,   3,     │ │
│ │                   4,   5,   6,   7,   8,   9,  10,  11,  12,  13,        │ │
│ │                   │   │    14,  15,  16,  17,  18,  19,  20,  21,  22,   │ │
│ │                   23,  24,  25,  26,  27,                                │ │
│ │                   │   │    28,  29,  30,  31,  32,  33,  34,  35,  36,   │ │
│ │                   37,  38,  39,  40,  41,                                │ │
│ │                   │   │    42,  43,  44,  45,  46,  47,  48,  49,  50,   │ │
│ │                   51,  52,  53,  54,  55,                                │ │
│ │                   │   │    56,  57,  58,  59,  60,  61,  62,  63,  64,   │ │
│ │                   65,  66,  67,  68,  69,                                │ │
│ │                   │   │    70,  71,  72,  73,  74,  75,  76,  77,  78,   │ │
│ │                   79,  80,  81,  82,  83,                                │ │
│ │                   │   │    84,  85,  86,  87,  88,  89,  90,  91,  92,   │ │
│ │                   93,  94,  95,  96,  97,                                │ │
│ │                   │   │    98,  99, 100, 101, 102, 103, 104, 105, 106,   │ │
│ │                   107, 108, 109, 110, 111,                               │ │
│ │                   │   │   112, 113, 114, 115, 116, 117, 118, 119, 120,   │ │
│ │                   121, 122, 123, 124, 125,                               │ │
│ │                   │   │   126, 127, 128, 129, 130, 131, 132, 133, 134,   │ │
│ │                   135, 136, 137, 138, 139,                               │ │
│ │                   │   │   140, 141, 142, 143, 144, 145, 146, 147, 148,   │ │
│ │                   149, 150, 151, 152, 153,                               │ │
│ │                   │   │   154, 155, 156, 157, 158, 159, 160, 161, 162,   │ │
│ │                   163, 164, 165, 166, 167,                               │ │
│ │                   │   │   168, 169, 170, 171, 172, 173, 174, 175, 176,   │ │
│ │                   177, 178, 179, 180, 181,                               │ │
│ │                   │   │   182, 183, 184, 185, 186, 187, 188, 189, 190,   │ │
│ │                   191, 192, 193, 194, 195,                               │ │
│ │                   │   │   196, 197, 198, 199, 200, 201, 202, 203, 204,   │ │
│ │                   205, 206, 207, 208, 209,                               │ │
│ │                   │   │   210, 211, 212, 213, 214, 215, 216, 217, 218,   │ │
│ │                   219, 220, 221, 222, 223,                               │ │
│ │                   │   │   224, 225, 226, 227, 228, 229, 230, 231, 232,   │ │
│ │                   233, 234, 235, 236, 237,                               │ │
│ │                   │   │   238, 239, 240, 241, 242, 243, 244, 245, 246,   │ │
│ │                   247, 248, 249, 250, 251,                               │ │
│ │                   │   │   252, 253, 254, 255, 256, 257, 258, 259, 260,   │ │
│ │                   261, 262, 263, 264, 265,                               │ │
│ │                   │   │   266, 267, 268, 269, 270, 271, 272, 273, 274,   │ │
│ │                   275, 276, 277, 278, 279,                               │ │
│ │                   │   │   280, 281, 282, 283, 284, 285, 286, 287, 288,   │ │
│ │                   289, 290, 291, 292, 293,                               │ │
│ │                   │   │   294, 295, 296, 297, 298, 299, 300, 301, 302,   │ │
│ │                   303, 304, 305, 306, 307,                               │ │
│ │                   │   │   308, 309, 310, 311, 312, 313, 314, 315, 316,   │ │
│ │                   317, 318, 319, 320, 321,                               │ │
│ │                   │   │   322, 323, 324, 325, 326, 327, 328, 329, 330,   │ │
│ │                   331, 332, 333, 334, 335,                               │ │
│ │                   │   │   336, 337, 338, 339, 340, 341, 342, 343, 344,   │ │
│ │                   345, 346, 347, 348, 349,                               │ │
│ │                   │   │   350, 351, 352, 353, 354, 355, 356, 357, 358,   │ │
│ │                   359, 360, 361, 362, 363,                               │ │
│ │                   │   │   364, 365, 366, 367, 368, 369, 370, 371, 372,   │ │
│ │                   373, 374, 375, 376, 377,                               │ │
│ │                   │   │   378, 379, 380, 381, 382], device='cuda:0'),    │ │
│ │                   │   │   'asym_id': tensor([0, 0, 0, 0, 0, 0, 0, 0, 0,  │ │
│ │                   0, 0, 0, 0, 0, 0, 0, 0, 0, 0, 0, 0, 0, 0, 0,           │ │
│ │                   │   │   0, 0, 0, 0, 0, 0, 0, 0, 0, 0, 0, 0, 0, 0, 0,   │ │
│ │                   0, 0, 0, 0, 0, 0, 0, 0, 0,                             │ │
│ │                   │   │   0, 0, 0, 0, 0, 0, 0, 0, 0, 0, 0, 0, 0, 0, 0,   │ │
│ │                   0, 0, 0, 0, 0, 0, 0, 0, 0,                             │ │
│ │                   │   │   0, 0, 0, 0, 0, 0, 0, 0, 0, 0, 0, 0, 0, 0, 0,   │ │
│ │                   0, 0, 0, 0, 0, 0, 0, 0, 0,                             │ │
│ │                   │   │   0, 0, 0, 0, 0, 0, 0, 0, 0, 0, 0, 0, 0, 0, 0,   │ │
│ │                   0, 0, 0, 0, 0, 0, 0, 0, 0,                             │ │
│ │                   │   │   0, 0, 1, 1, 1, 1, 1, 1, 1, 1, 1, 1, 1, 1, 1,   │ │
│ │                   1, 1, 1, 1, 1, 1, 1, 1, 1,                             │ │
│ │                   │   │   1, 1, 1, 1, 1, 1, 1, 1, 1, 1, 1, 1, 1, 1, 1,   │ │
│ │                   1, 1, 1, 1, 1, 1, 1, 1, 1,                             │ │
│ │                   │   │   1, 1, 1, 1, 1, 1, 1, 1, 1, 1, 1, 1, 1, 1, 1,   │ │
│ │                   1, 1, 1, 1, 1, 1, 1, 1, 1,                             │ │
│ │                   │   │   1, 1, 1, 1, 1, 1, 1, 1, 1, 1, 1, 1, 1, 1, 1,   │ │
│ │                   1, 1, 1, 1, 1, 1, 1, 1, 1,                             │ │
│ │                   │   │   1, 1, 1, 1, 1, 1, 1, 1, 1, 1, 1, 1, 1, 1, 1,   │ │
│ │                   1, 1, 1, 1, 1, 1, 1, 1, 1,                             │ │
│ │                   │   │   1, 1, 1, 1, 1, 1, 1, 1, 1, 1, 1, 1, 1, 1, 1,   │ │
│ │                   1, 1, 1, 1, 1, 1, 1, 1, 1,                             │ │
│ │                   │   │   1, 1, 1, 1, 1, 1, 1, 1, 1, 1, 1, 1, 1, 1, 1,   │ │
│ │                   1, 1, 1, 1, 1, 1, 1, 1, 1,                             │ │
│ │                   │   │   1, 1, 1, 2, 2, 2, 2, 2, 2, 2, 2, 2, 2, 2, 2,   │ │
│ │                   2, 2, 2, 2, 2, 2, 2, 2, 2,                             │ │
│ │                   │   │   2, 2, 2, 2, 2, 2, 2, 2, 2, 2, 2, 2, 2, 2, 2,   │ │
│ │                   2, 2, 2, 2, 2, 2, 2, 2, 2,                             │ │
│ │                   │   │   2, 2, 2, 2, 2, 2, 2, 2, 2, 2, 2, 2, 2, 2, 2,   │ │
│ │                   2, 2, 2, 2, 2, 2, 2, 2, 2,                             │ │
│ │                   │   │   2, 2, 2, 2, 2, 2, 2, 2, 2, 2, 2, 2, 2, 2, 2,   │ │
│ │                   2, 2, 2, 2, 2, 2, 2, 2],                               │ │
│ │                   │      device='cuda:0'),                               │ │
│ │                   │   │   'entity_id': tensor([0, 0, 0, 0, 0, 0, 0, 0,   │ │
│ │                   0, 0, 0, 0, 0, 0, 0, 0, 0, 0, 0, 0, 0, 0, 0, 0,        │ │
│ │                   │   │   0, 0, 0, 0, 0, 0, 0, 0, 0, 0, 0, 0, 0, 0, 0,   │ │
│ │                   0, 0, 0, 0, 0, 0, 0, 0, 0,                             │ │
│ │                   │   │   0, 0, 0, 0, 0, 0, 0, 0, 0, 0, 0, 0, 0, 0, 0,   │ │
│ │                   0, 0, 0, 0, 0, 0, 0, 0, 0,                             │ │
│ │                   │   │   0, 0, 0, 0, 0, 0, 0, 0, 0, 0, 0, 0, 0, 0, 0,   │ │
│ │                   0, 0, 0, 0, 0, 0, 0, 0, 0,                             │ │
│ │                   │   │   0, 0, 0, 0, 0, 0, 0, 0, 0, 0, 0, 0, 0, 0, 0,   │ │
│ │                   0, 0, 0, 0, 0, 0, 0, 0, 0,                             │ │
│ │                   │   │   0, 0, 1, 1, 1, 1, 1, 1, 1, 1, 1, 1, 1, 1, 1,   │ │
│ │                   1, 1, 1, 1, 1, 1, 1, 1, 1,                             │ │
│ │                   │   │   1, 1, 1, 1, 1, 1, 1, 1, 1, 1, 1, 1, 1, 1, 1,   │ │
│ │                   1, 1, 1, 1, 1, 1, 1, 1, 1,                             │ │
│ │                   │   │   1, 1, 1, 1, 1, 1, 1, 1, 1, 1, 1, 1, 1, 1, 1,   │ │
│ │                   1, 1, 1, 1, 1, 1, 1, 1, 1,                             │ │
│ │                   │   │   1, 1, 1, 1, 1, 1, 1, 1, 1, 1, 1, 1, 1, 1, 1,   │ │
│ │                   1, 1, 1, 1, 1, 1, 1, 1, 1,                             │ │
│ │                   │   │   1, 1, 1, 1, 1, 1, 1, 1, 1, 1, 1, 1, 1, 1, 1,   │ │
│ │                   1, 1, 1, 1, 1, 1, 1, 1, 1,                             │ │
│ │                   │   │   1, 1, 1, 1, 1, 1, 1, 1, 1, 1, 1, 1, 1, 1, 1,   │ │
│ │                   1, 1, 1, 1, 1, 1, 1, 1, 1,                             │ │
│ │                   │   │   1, 1, 1, 1, 1, 1, 1, 1, 1, 1, 1, 1, 1, 1, 1,   │ │
│ │                   1, 1, 1, 1, 1, 1, 1, 1, 1,                             │ │
│ │                   │   │   1, 1, 1, 2, 2, 2, 2, 2, 2, 2, 2, 2, 2, 2, 2,   │ │
│ │                   2, 2, 2, 2, 2, 2, 2, 2, 2,                             │ │
│ │                   │   │   2, 2, 2, 2, 2, 2, 2, 2, 2, 2, 2, 2, 2, 2, 2,   │ │
│ │                   2, 2, 2, 2, 2, 2, 2, 2, 2,                             │ │
│ │                   │   │   2, 2, 2, 2, 2, 2, 2, 2, 2, 2, 2, 2, 2, 2, 2,   │ │
│ │                   2, 2, 2, 2, 2, 2, 2, 2, 2,                             │ │
│ │                   │   │   2, 2, 2, 2, 2, 2, 2, 2, 2, 2, 2, 2, 2, 2, 2,   │ │
│ │                   2, 2, 2, 2, 2, 2, 2, 2],                               │ │
│ │                   │      device='cuda:0'),                               │ │
│ │                   │   │   'sym_id': tensor([0, 0, 0, 0, 0, 0, 0, 0, 0,   │ │
│ │                   0, 0, 0, 0, 0, 0, 0, 0, 0, 0, 0, 0, 0, 0, 0,           │ │
│ │                   │   │   0, 0, 0, 0, 0, 0, 0, 0, 0, 0, 0, 0, 0, 0, 0,   │ │
│ │                   0, 0, 0, 0, 0, 0, 0, 0, 0,                             │ │
│ │                   │   │   0, 0, 0, 0, 0, 0, 0, 0, 0, 0, 0, 0, 0, 0, 0,   │ │
│ │                   0, 0, 0, 0, 0, 0, 0, 0, 0,                             │ │
│ │                   │   │   0, 0, 0, 0, 0, 0, 0, 0, 0, 0, 0, 0, 0, 0, 0,   │ │
│ │                   0, 0, 0, 0, 0, 0, 0, 0, 0,                             │ │
│ │                   │   │   0, 0, 0, 0, 0, 0, 0, 0, 0, 0, 0, 0, 0, 0, 0,   │ │
│ │                   0, 0, 0, 0, 0, 0, 0, 0, 0,                             │ │
│ │                   │   │   0, 0, 0, 0, 0, 0, 0, 0, 0, 0, 0, 0, 0, 0, 0,   │ │
│ │                   0, 0, 0, 0, 0, 0, 0, 0, 0,                             │ │
│ │                   │   │   0, 0, 0, 0, 0, 0, 0, 0, 0, 0, 0, 0, 0, 0, 0,   │ │
│ │                   0, 0, 0, 0, 0, 0, 0, 0, 0,                             │ │
│ │                   │   │   0, 0, 0, 0, 0, 0, 0, 0, 0, 0, 0, 0, 0, 0, 0,   │ │
│ │                   0, 0, 0, 0, 0, 0, 0, 0, 0,                             │ │
│ │                   │   │   0, 0, 0, 0, 0, 0, 0, 0, 0, 0, 0, 0, 0, 0, 0,   │ │
│ │                   0, 0, 0, 0, 0, 0, 0, 0, 0,                             │ │
│ │                   │   │   0, 0, 0, 0, 0, 0, 0, 0, 0, 0, 0, 0, 0, 0, 0,   │ │
│ │                   0, 0, 0, 0, 0, 0, 0, 0, 0,                             │ │
│ │                   │   │   0, 0, 0, 0, 0, 0, 0, 0, 0, 0, 0, 0, 0, 0, 0,   │ │
│ │                   0, 0, 0, 0, 0, 0, 0, 0, 0,                             │ │
│ │                   │   │   0, 0, 0, 0, 0, 0, 0, 0, 0, 0, 0, 0, 0, 0, 0,   │ │
│ │                   0, 0, 0, 0, 0, 0, 0, 0, 0,                             │ │
│ │                   │   │   0, 0, 0, 0, 0, 0, 0, 0, 0, 0, 0, 0, 0, 0, 0,   │ │
│ │                   0, 0, 0, 0, 0, 0, 0, 0, 0,                             │ │
│ │                   │   │   0, 0, 0, 0, 0, 0, 0, 0, 0, 0, 0, 0, 0, 0, 0,   │ │
│ │                   0, 0, 0, 0, 0, 0, 0, 0, 0,                             │ │
│ │                   │   │   0, 0, 0, 0, 0, 0, 0, 0, 0, 0, 0, 0, 0, 0, 0,   │ │
│ │                   0, 0, 0, 0, 0, 0, 0, 0, 0,                             │ │
│ │                   │   │   0, 0, 0, 0, 0, 0, 0, 0, 0, 0, 0, 0, 0, 0, 0,   │ │
│ │                   0, 0, 0, 0, 0, 0, 0, 0],                               │ │
│ │                   │      device='cuda:0', dtype=torch.int32),            │ │
│ │                   │   │   'restype': tensor([[0, 0, 0,  ..., 0, 0, 1],   │ │
│ │                   │   │   [0, 0, 0,  ..., 0, 0, 1],                      │ │
│ │                   │   │   [0, 0, 0,  ..., 0, 0, 1],                      │ │
│ │                   │   │   ...,                                           │ │
│ │                   │   │   [0, 0, 0,  ..., 0, 0, 0],                      │ │
│ │                   │   │   [0, 0, 0,  ..., 0, 0, 0],                      │ │
│ │                   │   │   [0, 0, 0,  ..., 0, 0, 0]], device='cuda:0'),   │ │
│ │                   │   │   'is_protein': tensor([True, True, True, True,  │ │
│ │                   True, True, True, True, True, True, True, True,        │ │
│ │                   │   │   True, True, True, True, True, True, True,      │ │
│ │                   True, True, True, True, True,                          │ │
│ │                   │   │   True, True, True, True, True, True, True,      │ │
│ │                   True, True, True, True, True,                          │ │
│ │                   │   │   True, True, True, True, True, True, True,      │ │
│ │                   True, True, True, True, True,                          │ │
│ │                   │   │   True, True, True, True, True, True, True,      │ │
│ │                   True, True, True, True, True,                          │ │
│ │                   │   │   True, True, True, True, True, True, True,      │ │
│ │                   True, True, True, True, True,                          │ │
│ │                   │   │   True, True, True, True, True, True, True,      │ │
│ │                   True, True, True, True, True,                          │ │
│ │                   │   │   True, True, True, True, True, True, True,      │ │
│ │                   True, True, True, True, True,                          │ │
│ │                   │   │   True, True, True, True, True, True, True,      │ │
│ │                   True, True, True, True, True,                          │ │
│ │                   │   │   True, True, True, True, True, True, True,      │ │
│ │                   True, True, True, True, True,                          │ │
│ │                   │   │   True, True, True, True, True, True, True,      │ │
│ │                   True, True, True, True, True,                          │ │
│ │                   │   │   True, True, True, True, True, True, True,      │ │
│ │                   True, True, True, True, True,                          │ │
│ │                   │   │   True, True, True, True, True, True, True,      │ │
│ │                   True, True, True, True, True,                          │ │
│ │                   │   │   True, True, True, True, True, True, True,      │ │
│ │                   True, True, True, True, True,                          │ │
│ │                   │   │   True, True, True, True, True, True, True,      │ │
│ │                   True, True, True, True, True,                          │ │
│ │                   │   │   True, True, True, True, True, True, True,      │ │
│ │                   True, True, True, True, True,                          │ │
│ │                   │   │   True, True, True, True, True, True, True,      │ │
│ │                   True, True, True, True, True,                          │ │
│ │                   │   │   True, True, True, True, True, True, True,      │ │
│ │                   True, True, True, True, True,                          │ │
│ │                   │   │   True, True, True, True, True, True, True,      │ │
│ │                   True, True, True, True, True,                          │ │
│ │                   │   │   True, True, True, True, True, True, True,      │ │
│ │                   True, True, True, True, True,                          │ │
│ │                   │   │   True, True, True, True, True, True, True,      │ │
│ │                   True, True, True, True, True,                          │ │
│ │                   │   │   True, True, True, True, True, True, True,      │ │
│ │                   True, True, True, True, True,                          │ │
│ │                   │   │   True, True, True, True, True, True, True,      │ │
│ │                   True, True, True, True, True,                          │ │
│ │                   │   │   True, True, True, True, True, True, True,      │ │
│ │                   True, True, True, True, True,                          │ │
│ │                   │   │   True, True, True, True, True, True, True,      │ │
│ │                   True, True, True, True, True,                          │ │
│ │                   │   │   True, True, True, True, True, True, True,      │ │
│ │                   True, True, True, True, True,                          │ │
│ │                   │   │   True, True, True, True, True, True, True,      │ │
│ │                   True, True, True, True, True,                          │ │
│ │                   │   │   True, True, True, True, True, True, True,      │ │
│ │                   True, True, True, True, True,                          │ │
│ │                   │   │   True, True, True, True, True, True, True,      │ │
│ │                   True, True, True, True, True,                          │ │
│ │                   │   │   True, True, True, True, True, True, True,      │ │
│ │                   True, True, True, True, True,                          │ │
│ │                   │   │   True, True, True, True, True, True, True,      │ │
│ │                   True, True, True, True, True,                          │ │
│ │                   │   │   True, True, True, True, True, True, True,      │ │
│ │                   True, True, True, True],                               │ │
│ │                   │      device='cuda:0'),                               │ │
│ │                   │   │   'is_rna': tensor([False, False, False, False,  │ │
│ │                   False, False, False, False, False, False,              │ │
│ │                   │   │   False, False, False, False, False, False,      │ │
│ │                   False, False, False, False,                            │ │
│ │                   │   │   False, False, False, False, False, False,      │ │
│ │                   False, False, False, False,                            │ │
│ │                   │   │   False, False, False, False, False, False,      │ │
│ │                   False, False, False, False,                            │ │
│ │                   │   │   False, False, False, False, False, False,      │ │
│ │                   False, False, False, False,                            │ │
│ │                   │   │   False, False, False, False, False, False,      │ │
│ │                   False, False, False, False,                            │ │
│ │                   │   │   False, False, False, False, False, False,      │ │
│ │                   False, False, False, False,                            │ │
│ │                   │   │   False, False, False, False, False, False,      │ │
│ │                   False, False, False, False,                            │ │
│ │                   │   │   False, False, False, False, False, False,      │ │
│ │                   False, False, False, False,                            │ │
│ │                   │   │   False, False, False, False, False, False,      │ │
│ │                   False, False, False, False,                            │ │
│ │                   │   │   False, False, False, False, False, False,      │ │
│ │                   False, False, False, False,                            │ │
│ │                   │   │   False, False, False, False, False, False,      │ │
│ │                   False, False, False, False,                            │ │
│ │                   │   │   False, False, False, False, False, False,      │ │
│ │                   False, False, False, False,                            │ │
│ │                   │   │   False, False, False, False, False, False,      │ │
│ │                   False, False, False, False,                            │ │
│ │                   │   │   False, False, False, False, False, False,      │ │
│ │                   False, False, False, False,                            │ │
│ │                   │   │   False, False, False, False, False, False,      │ │
│ │                   False, False, False, False,                            │ │
│ │                   │   │   False, False, False, False, False, False,      │ │
│ │                   False, False, False, False,                            │ │
│ │                   │   │   False, False, False, False, False, False,      │ │
│ │                   False, False, False, False,                            │ │
│ │                   │   │   False, False, False, False, False, False,      │ │
│ │                   False, False, False, False,                            │ │
│ │                   │   │   False, False, False, False, False, False,      │ │
│ │                   False, False, False, False,                            │ │
│ │                   │   │   False, False, False, False, False, False,      │ │
│ │                   False, False, False, False,                            │ │
│ │                   │   │   False, False, False, False, False, False,      │ │
│ │                   False, False, False, False,                            │ │
│ │                   │   │   False, False, False, False, False, False,      │ │
│ │                   False, False, False, False,                            │ │
│ │                   │   │   False, False, False, False, False, False,      │ │
│ │                   False, False, False, False,                            │ │
│ │                   │   │   False, False, False, False, False, False,      │ │
│ │                   False, False, False, False,                            │ │
│ │                   │   │   False, False, False, False, False, False,      │ │
│ │                   False, False, False, False,                            │ │
│ │                   │   │   False, False, False, False, False, False,      │ │
│ │                   False, False, False, False,                            │ │
│ │                   │   │   False, False, False, False, False, False,      │ │
│ │                   False, False, False, False,                            │ │
│ │                   │   │   False, False, False, False, False, False,      │ │
│ │                   False, False, False, False,                            │ │
│ │                   │   │   False, False, False, False, False, False,      │ │
│ │                   False, False, False, False,                            │ │
│ │                   │   │   False, False, False, False, False, False,      │ │
│ │                   False, False, False, False,                            │ │
│ │                   │   │   False, False, False, False, False, False,      │ │
│ │                   False, False, False, False,                            │ │
│ │                   │   │   False, False, False, False, False, False,      │ │
│ │                   False, False, False, False,                            │ │
│ │                   │   │   False, False, False, False, False, False,      │ │
│ │                   False, False, False, False,                            │ │
│ │                   │   │   False, False, False, False, False, False,      │ │
│ │                   False, False, False, False,                            │ │
│ │                   │   │   False, False, False, False, False, False,      │ │
│ │                   False, False, False, False,                            │ │
│ │                   │   │   False, False, False, False, False, False,      │ │
│ │                   False, False, False, False,                            │ │
│ │                   │   │   False, False, False, False, False, False,      │ │
│ │                   False, False, False, False,                            │ │
│ │                   │   │   False, False, False], device='cuda:0'),        │ │
│ │                   │   │   ... +33                                        │ │
│ │                   │   },                                                 │ │
│ │                   │   't': tensor([4.6419, 1.7693], device='cuda:0'),    │ │
│ │                   │   'noise': tensor([[[-7.2211, -1.3798,  2.1308],     │ │
│ │                   │   │    [-3.3412,  3.4681,  0.0117],                  │ │
│ │                   │   │    [ 7.3602,  3.6625,  3.4436],                  │ │
│ │                   │   │    ...,                                          │ │
│ │                   │   │    [ 0.0000,  0.0000,  0.0000],                  │ │
│ │                   │   │    [ 0.0000,  0.0000,  0.0000],                  │ │
│ │                   │   │    [ 0.0000,  0.0000,  0.0000]],                 │ │
│ │                   │   │                                                  │ │
│ │                   │   │   [[ 3.1901, -1.9906, -0.9654],                  │ │
│ │                   │   │    [-0.9391,  0.8955,  1.6390],                  │ │
│ │                   │   │    [ 1.2931,  1.4047,  1.6822],                  │ │
│ │                   │   │    ...,                                          │ │
│ │                   │   │    [ 0.0000,  0.0000,  0.0000],                  │ │
│ │                   │   │    [ 0.0000,  0.0000,  0.0000],                  │ │
│ │                   │   │    [ 0.0000,  0.0000,  0.0000]]],                │ │
│ │                   device='cuda:0'),                                      │ │
│ │                   │   'ground_truth': {                                  │ │
│ │                   │   │   'is_original_unindexed_token': tensor([False,  │ │
│ │                   False, False,  ..., False, False, False],              │ │
│ │                   device='cuda:0'),                                      │ │
│ │                   │   │   'sequence_gt_I': tensor([ 0,  0,  0,  0,  0,   │ │
│ │                   0,  0,  0,  0,  0,  0,  0,  0,  0,  0,  0,  0,  0,     │ │
│ │                   │   │    0,  0,  0,  0,  0,  0,  0,  0,  0,  0,  0,    │ │
│ │                   0,  0,  0,  0,  0,  0,  0,                             │ │
│ │                   │   │    0,  0,  0,  0,  0,  0,  0,  0,  0,  0,  0,    │ │
│ │                   0,  0,  0,  0,  0,  0,  0,                             │ │
│ │                   │   │    0,  0,  0,  0,  0,  0,  0,  0,  0,  0,  0,    │ │
│ │                   0,  0,  0,  0,  0,  0,  0,                             │ │
│ │                   │   │    0,  0,  0,  0,  0,  0,  0,  0,  0,  0,  0,    │ │
│ │                   0,  0,  0,  0,  0,  0,  0,                             │ │
│ │                   │   │    0,  0,  0,  0,  0,  0,  0,  0,  0,  0,  0,    │ │
│ │                   0,  0,  0,  0,  0,  0,  0,                             │ │
│ │                   │   │    0,  0,  0,  0,  0,  0,  0,  0,  0,  0,  0,    │ │
│ │                   0,  0,  0,  5, 10,  7, 19,                             │ │
│ │                   │   │   16,  1,  2, 11,  9, 12, 16,  0,  5, 18,  6,    │ │
│ │                   4, 18,  5, 11,  9, 12,  5,                             │ │
│ │                   │   │    0,  0,  0,  0,  0,  0,  0,  0,  0,  0, 18,    │ │
│ │                   4,  2,  1, 16, 17,  3,  7,                             │ │
│ │                   │   │   17, 10,  4, 17,  2,  3, 19,  0,  0,  7, 16,    │ │
│ │                   6, 15, 12,  5, 10,  4, 14,                             │ │
│ │                   │   │    3, 18, 13,  5,  3, 13,  3, 14, 15,  6, 11,    │ │
│ │                   19, 16, 11,  9,  4,  3,  0,                            │ │
│ │                   │   │    0,  0,  2, 17, 13,  1,  8, 14,  0, 15,  2,    │ │
│ │                   1, 16, 17, 16,  2, 18, 16,                             │ │
│ │                   │   │    5,  4,  2, 19,  2, 16,  8,  6, 11, 19, 11,    │ │
│ │                   16,  0, 10,  2, 10, 13, 18,                            │ │
│ │                   │   │   10, 16,  9,  9,  7,  8,  7, 10, 15,  9,  0,    │ │
│ │                   15, 10, 10,  9, 15, 10,  7,                            │ │
│ │                   │   │    9, 13, 13, 18, 13, 11, 15, 10, 15,  4,  5,    │ │
│ │                   1,  9, 16, 10,  8, 11,  2,                             │ │
│ │                   │   │   10, 13, 13, 15, 13, 19,  4,  2, 15, 19, 19,    │ │
│ │                   16,  9,  9,  8, 10, 16,  0,                            │ │
│ │                   │   │   19,  0,  2,  6,  0,  2, 18,  7,  0, 10, 10,    │ │
│ │                   1,  6, 10,  4, 10, 16,  5,                             │ │
│ │                   │   │   13,  5, 19,  3, 12,  6,  0, 19,  7,  6, 16,    │ │
│ │                   10, 17,  4,  3, 17,  7,  1,                            │ │
│ │                   │   │   16,  9,  1, 15, 18,  1,  6, 10,  0,  3,  4,    │ │
│ │                   16, 17,  8, 12,  0,  6, 11,                            │ │
│ │                   │   │   10,  7,  4, 13, 17, 14,  2,  0,  6, 19,  3,    │ │
│ │                   1, 13, 13, 10,  0, 19,  8,                             │ │
│ │                   │   │    7,  1, 18, 13,  1, 15,  4, 14,  9, 15,  7,    │ │
│ │                   1,  0, 19,  1,  3, 14, 14,                             │ │
│ │                   │   │    7, 15,  9, 10, 18], device='cuda:0'),         │ │
│ │                   │   │   'sequence_valid_mask': tensor([True, True,     │ │
│ │                   True, True, True, True, True, True, True, True, True,  │ │
│ │                   True,                                                  │ │
│ │                   │   │   True, True, True, True, True, True, True,      │ │
│ │                   True, True, True, True, True,                          │ │
│ │                   │   │   True, True, True, True, True, True, True,      │ │
│ │                   True, True, True, True, True,                          │ │
│ │                   │   │   True, True, True, True, True, True, True,      │ │
│ │                   True, True, True, True, True,                          │ │
│ │                   │   │   True, True, True, True, True, True, True,      │ │
│ │                   True, True, True, True, True,                          │ │
│ │                   │   │   True, True, True, True, True, True, True,      │ │
│ │                   True, True, True, True, True,                          │ │
│ │                   │   │   True, True, True, True, True, True, True,      │ │
│ │                   True, True, True, True, True,                          │ │
│ │                   │   │   True, True, True, True, True, True, True,      │ │
│ │                   True, True, True, True, True,                          │ │
│ │                   │   │   True, True, True, True, True, True, True,      │ │
│ │                   True, True, True, True, True,                          │ │
│ │                   │   │   True, True, True, True, True, True, True,      │ │
│ │                   True, True, True, True, True,                          │ │
│ │                   │   │   True, True, True, True, True, True, True,      │ │
│ │                   True, True, True, True, True,                          │ │
│ │                   │   │   True, True, True, True, True, True, True,      │ │
│ │                   True, True, True, True, True,                          │ │
│ │                   │   │   True, True, True, True, True, True, True,      │ │
│ │                   True, True, True, True, True,                          │ │
│ │                   │   │   True, True, True, True, True, True, True,      │ │
│ │                   True, True, True, True, True,                          │ │
│ │                   │   │   True, True, True, True, True, True, True,      │ │
│ │                   True, True, True, True, True,                          │ │
│ │                   │   │   True, True, True, True, True, True, True,      │ │
│ │                   True, True, True, True, True,                          │ │
│ │                   │   │   True, True, True, True, True, True, True,      │ │
│ │                   True, True, True, True, True,                          │ │
│ │                   │   │   True, True, True, True, True, True, True,      │ │
│ │                   True, True, True, True, True,                          │ │
│ │                   │   │   True, True, True, True, True, True, True,      │ │
│ │                   True, True, True, True, True,                          │ │
│ │                   │   │   True, True, True, True, True, True, True,      │ │
│ │                   True, True, True, True, True,                          │ │
│ │                   │   │   True, True, True, True, True, True, True,      │ │
│ │                   True, True, True, True, True,                          │ │
│ │                   │   │   True, True, True, True, True, True, True,      │ │
│ │                   True, True, True, True, True,                          │ │
│ │                   │   │   True, True, True, True, True, True, True,      │ │
│ │                   True, True, True, True, True,                          │ │
│ │                   │   │   True, True, True, True, True, True, True,      │ │
│ │                   True, True, True, True, True,                          │ │
│ │                   │   │   True, True, True, True, True, True, True,      │ │
│ │                   True, True, True, True, True,                          │ │
│ │                   │   │   True, True, True, True, True, True, True,      │ │
│ │                   True, True, True, True, True,                          │ │
│ │                   │   │   True, True, True, True, True, True, True,      │ │
│ │                   True, True, True, True, True,                          │ │
│ │                   │   │   True, True, True, True, True, True, True,      │ │
│ │                   True, True, True, True, True,                          │ │
│ │                   │   │   True, True, True, True, True, True, True,      │ │
│ │                   True, True, True, True, True,                          │ │
│ │                   │   │   True, True, True, True, True, True, True,      │ │
│ │                   True, True, True, True, True,                          │ │
│ │                   │   │   True, True, True, True, True, True, True,      │ │
│ │                   True, True, True, True, True,                          │ │
│ │                   │   │   True, True, True, True, True, True, True,      │ │
│ │                   True, True, True, True],                               │ │
│ │                   │      device='cuda:0'),                               │ │
│ │                   │   │   'coord_atom_lvl': tensor([[  0.0000,   0.0000, │ │
│ │                   0.0000],                                               │ │
│ │                   │   │   [  0.0000,   0.0000,   0.0000],                │ │
│ │                   │   │   [  0.0000,   0.0000,   0.0000],                │ │
│ │                   │   │   ...,                                           │ │
│ │                   │   │   [ 22.5891, -15.2505, -29.3064],                │ │
│ │                   │   │   [ 21.4851, -15.5805, -28.5504],                │ │
│ │                   │   │   [ 20.2401, -15.1425, -28.9344]],               │ │
│ │                   device='cuda:0'),                                      │ │
│ │                   │   │   'mask_atom_lvl': tensor([True, True, True,     │ │
│ │                   ..., True, True, True], device='cuda:0'),              │ │
│ │                   │   │   'chain_iid_token_lvl': array(['A_1', 'A_1',    │ │
│ │                   'A_1', 'A_1', 'A_1', 'A_1', 'A_1', 'A_1', 'A_1',       │ │
│ │                   │      'A_1', 'A_1', 'A_1', 'A_1', 'A_1', 'A_1',       │ │
│ │                   'A_1', 'A_1', 'A_1',                                   │ │
│ │                   │      'A_1', 'A_1', 'A_1', 'A_1', 'A_1', 'A_1',       │ │
│ │                   'A_1', 'A_1', 'A_1',                                   │ │
│ │                   │      'A_1', 'A_1', 'A_1', 'A_1', 'A_1', 'A_1',       │ │
│ │                   'A_1', 'A_1', 'A_1',                                   │ │
│ │                   │      'A_1', 'A_1', 'A_1', 'A_1', 'A_1', 'A_1',       │ │
│ │                   'A_1', 'A_1', 'A_1',                                   │ │
│ │                   │      'A_1', 'A_1', 'A_1', 'A_1', 'A_1', 'A_1',       │ │
│ │                   'A_1', 'A_1', 'A_1',                                   │ │
│ │                   │      'A_1', 'A_1', 'A_1', 'A_1', 'A_1', 'A_1',       │ │
│ │                   'A_1', 'A_1', 'A_1',                                   │ │
│ │                   │      'A_1', 'A_1', 'A_1', 'A_1', 'A_1', 'A_1',       │ │
│ │                   'A_1', 'A_1', 'A_1',                                   │ │
│ │                   │      'A_1', 'A_1', 'A_1', 'A_1', 'A_1', 'A_1',       │ │
│ │                   'A_1', 'A_1', 'A_1',                                   │ │
│ │                   │      'A_1', 'A_1', 'A_1', 'A_1', 'A_1', 'A_1',       │ │
│ │                   'A_1', 'A_1', 'A_1',                                   │ │
│ │                   │      'A_1', 'A_1', 'A_1', 'A_1', 'A_1', 'A_1',       │ │
│ │                   'A_1', 'A_1', 'A_1',                                   │ │
│ │                   │      'A_1', 'A_1', 'A_1', 'A_1', 'A_1', 'A_1',       │ │
│ │                   'A_1', 'A_1', 'A_1',                                   │ │
│ │                   │      'A_1', 'A_1', 'A_1', 'A_1', 'A_1', 'A_1',       │ │
│ │                   'A_1', 'A_1', 'A_1',                                   │ │
│ │                   │      'A_1', 'A_1', 'A_1', 'A_1', 'A_1', 'B_1',       │ │
│ │                   'B_1', 'B_1', 'B_1',                                   │ │
│ │                   │      'B_1', 'B_1', 'B_1', 'B_1', 'B_1', 'B_1',       │ │
│ │                   'B_1', 'B_1', 'B_1',                                   │ │
│ │                   │      'B_1', 'B_1', 'B_1', 'B_1', 'B_1', 'B_1',       │ │
│ │                   'B_1', 'B_1', 'B_1',                                   │ │
│ │                   │      'B_1', 'B_1', 'B_1', 'B_1', 'B_1', 'B_1',       │ │
│ │                   'B_1', 'B_1', 'B_1',                                   │ │
│ │                   │      'B_1', 'B_1', 'B_1', 'B_1', 'B_1', 'B_1',       │ │
│ │                   'B_1', 'B_1', 'B_1',                                   │ │
│ │                   │      'B_1', 'B_1', 'B_1', 'B_1', 'B_1', 'B_1',       │ │
│ │                   'B_1', 'B_1', 'B_1',                                   │ │
│ │                   │      'B_1', 'B_1', 'B_1', 'B_1', 'B_1', 'B_1',       │ │
│ │                   'B_1', 'B_1', 'B_1',                                   │ │
│ │                   │      'B_1', 'B_1', 'B_1', 'B_1', 'B_1', 'B_1',       │ │
│ │                   'B_1', 'B_1', 'B_1',                                   │ │
│ │                   │      'B_1', 'B_1', 'B_1', 'B_1', 'B_1', 'B_1',       │ │
│ │                   'B_1', 'B_1', 'B_1',                                   │ │
│ │                   │      'B_1', 'B_1', 'B_1', 'B_1', 'B_1', 'B_1',       │ │
│ │                   'B_1', 'B_1', 'B_1',                                   │ │
│ │                   │      'B_1', 'B_1', 'B_1', 'B_1', 'B_1', 'B_1',       │ │
│ │                   'B_1', 'B_1', 'B_1',                                   │ │
│ │                   │      'B_1', 'B_1', 'B_1', 'B_1', 'B_1', 'B_1',       │ │
│ │                   'B_1', 'B_1', 'B_1',                                   │ │
│ │                   │      'B_1', 'B_1', 'B_1', 'B_1', 'B_1', 'B_1',       │ │
│ │                   'B_1', 'B_1', 'B_1',                                   │ │
│ │                   │      'B_1', 'B_1', 'B_1', 'B_1', 'B_1', 'B_1',       │ │
│ │                   'B_1', 'B_1', 'B_1',                                   │ │
│ │                   │      'B_1', 'B_1', 'B_1', 'B_1', 'B_1', 'B_1',       │ │
│ │                   'B_1', 'B_1', 'B_1',                                   │ │
│ │                   │      'B_1', 'B_1', 'B_1', 'B_1', 'B_1', 'B_1',       │ │
│ │                   'B_1', 'B_1', 'B_1',                                   │ │
│ │                   │      'B_1', 'B_1', 'B_1', 'B_1', 'B_1', 'B_1',       │ │
│ │                   'B_1', 'B_1', 'B_1',                                   │ │
│ │                   │      'B_1', 'B_1', 'B_1', 'B_1', 'B_1', 'B_1',       │ │
│ │                   'B_1', 'B_1', 'B_1',                                   │ │
│ │                   │      'B_1', 'B_1', 'B_1', 'B_1', 'B_1', 'B_1',       │ │
│ │                   'B_1', 'B_1', 'B_1',                                   │ │
│ │                   │      'B_1', 'B_1', 'B_1', 'C_1', 'C_1', 'C_1',       │ │
│ │                   'C_1', 'C_1', 'C_1',                                   │ │
│ │                   │      'C_1', 'C_1', 'C_1', 'C_1', 'C_1', 'C_1',       │ │
│ │                   'C_1', 'C_1', 'C_1',                                   │ │
│ │                   │      'C_1', 'C_1', 'C_1', 'C_1', 'C_1', 'C_1',       │ │
│ │                   'C_1', 'C_1', 'C_1',                                   │ │
│ │                   │      'C_1', 'C_1', 'C_1', 'C_1', 'C_1', 'C_1',       │ │
│ │                   'C_1', 'C_1', 'C_1',                                   │ │
│ │                   │      'C_1', 'C_1', 'C_1', 'C_1', 'C_1', 'C_1',       │ │
│ │                   'C_1', 'C_1', 'C_1',                                   │ │
│ │                   │      'C_1', 'C_1', 'C_1', 'C_1', 'C_1', 'C_1',       │ │
│ │                   'C_1', 'C_1', 'C_1',                                   │ │
│ │                   │      'C_1', 'C_1', 'C_1', 'C_1', 'C_1', 'C_1',       │ │
│ │                   'C_1', 'C_1', 'C_1',                                   │ │
│ │                   │      'C_1', 'C_1', 'C_1', 'C_1', 'C_1', 'C_1',       │ │
│ │                   'C_1', 'C_1', 'C_1',                                   │ │
│ │                   │      'C_1', 'C_1', 'C_1', 'C_1', 'C_1', 'C_1',       │ │
│ │                   'C_1', 'C_1', 'C_1',                                   │ │
│ │                   │      'C_1', 'C_1', 'C_1', 'C_1', 'C_1', 'C_1',       │ │
│ │                   'C_1', 'C_1', 'C_1',                                   │ │
│ │                   │      'C_1', 'C_1', 'C_1', 'C_1', 'C_1'],             │ │
│ │                   dtype='<U3')                                           │ │
│ │                   │   },                                                 │ │
│ │                   │   'coord_atom_lvl_to_be_noised': tensor([[[  0.0000, │ │
│ │                   0.0000,   0.0000],                                     │ │
│ │                   │   │    [  0.0000,   0.0000,   0.0000],               │ │
│ │                   │   │    [  0.0000,   0.0000,   0.0000],               │ │
│ │                   │   │    ...,                                          │ │
│ │                   │   │    [ 22.5891, -15.2505, -29.3064],               │ │
│ │                   │   │    [ 21.4851, -15.5805, -28.5504],               │ │
│ │                   │   │    [ 20.2401, -15.1425, -28.9344]],              │ │
│ │                   │   │                                                  │ │
│ │                   │   │   [[  0.0000,   0.0000,   0.0000],               │ │
│ │                   │   │    [  0.0000,   0.0000,   0.0000],               │ │
│ │                   │   │    [  0.0000,   0.0000,   0.0000],               │ │
│ │                   │   │    ...,                                          │ │
│ │                   │   │    [ 22.5891, -15.2505, -29.3064],               │ │
│ │                   │   │    [ 21.4851, -15.5805, -28.5504],               │ │
│ │                   │   │    [ 20.2401, -15.1425, -28.9344]]],             │ │
│ │                   device='cuda:0'),                                      │ │
│ │                   │   'sampled_condition_name': None,                    │ │
│ │                   │   'atom_array': AtomArray([                          │ │
│ │                   │   │   Atom(np.array([0., 0., 0.], dtype=float32),    │ │
│ │                   chain_id="A", res_id=1, ins_code="", res_name="UNK",   │ │
│ │                   hetero=False, atom_name="N", element="N",              │ │
│ │                   is_motif_atom_unindexed_motif_breakpoint=False,        │ │
│ │                   orig_res_id=1, is_atom_level_hotspot=0, charge=0.0,    │ │
│ │                   chain_type=6, is_rna=False, pn_unit_entity=0,          │ │
│ │                   within_chain_res_idx=0, is_non_loopy_atom_level=0,     │ │
│ │                   is_motif_atom_with_fixed_seq=False, atomize=False,     │ │
│ │                   is_covalent_modification=False, active_donor=0,        │ │
│ │                   src_component="122", is_residue=True,                  │ │
│ │                   active_acceptor=0, is_N_terminus=True, molecule_id=0,  │ │
│ │                   ref_plddt=1, is_motif_atom_unindexed=False,            │ │
│ │                   token_id=0, pn_unit_iid="A_1",                         │ │
│ │                   is_motif_atom_with_fixed_coord=False,                  │ │
│ │                   within_poly_res_idx=0, molecule_entity=0,              │ │
│ │                   is_protein=True, label_entity_id=1, is_ligand=False,   │ │
│ │                   is_polymer=True, is_C_terminus=False, is_non_loopy=0,  │ │
│ │                   chain_entity=0, is_dna=False, b_factor=0.0,            │ │
│ │                   occupancy=1.0, atomic_number=7, chain_iid="A_1",       │ │
│ │                   atom_id=0, pn_unit_id="A", gt_atom_name="N",           │ │
│ │                   is_backbone=True, is_sidechain=False,                  │ │
│ │                   coord_to_be_noised=[0. 0. 0.]),                        │ │
│ │                   │   │   Atom(np.array([0., 0., 0.], dtype=float32),    │ │
│ │                   chain_id="A", res_id=1, ins_code="", res_name="UNK",   │ │
│ │                   hetero=False, atom_name="CA", element="C",             │ │
│ │                   is_motif_atom_unindexed_motif_breakpoint=False,        │ │
│ │                   orig_res_id=1, is_atom_level_hotspot=0, charge=0.0,    │ │
│ │                   chain_type=6, is_rna=False, pn_unit_entity=0,          │ │
│ │                   within_chain_res_idx=0, is_non_loopy_atom_level=0,     │ │
│ │                   is_motif_atom_with_fixed_seq=False, atomize=False,     │ │
│ │                   is_covalent_modification=False, active_donor=0,        │ │
│ │                   src_component="122", is_residue=True,                  │ │
│ │                   active_acceptor=0, is_N_terminus=True, molecule_id=0,  │ │
│ │                   ref_plddt=1, is_motif_atom_unindexed=False,            │ │
│ │                   token_id=0, pn_unit_iid="A_1",                         │ │
│ │                   is_motif_atom_with_fixed_coord=False,                  │ │
│ │                   within_poly_res_idx=0, molecule_entity=0,              │ │
│ │                   is_protein=True, label_entity_id=1, is_ligand=False,   │ │
│ │                   is_polymer=True, is_C_terminus=False, is_non_loopy=0,  │ │
│ │                   chain_entity=0, is_dna=False, b_factor=0.0,            │ │
│ │                   occupancy=1.0, atomic_number=6, chain_iid="A_1",       │ │
│ │                   atom_id=1, pn_unit_id="A", gt_atom_name="CA",          │ │
│ │                   is_backbone=True, is_sidechain=False,                  │ │
│ │                   coord_to_be_noised=[0. 0. 0.]),                        │ │
│ │                   │   │   Atom(np.array([0., 0., 0.], dtype=float32),    │ │
│ │                   chain_id="A", res_id=1, ins_code="", res_name="UNK",   │ │
│ │                   hetero=False, atom_name="C", element="C",              │ │
│ │                   is_motif_atom_unindexed_motif_breakpoint=False,        │ │
│ │                   orig_res_id=1, is_atom_level_hotspot=0, charge=0.0,    │ │
│ │                   chain_type=6, is_rna=False, pn_unit_entity=0,          │ │
│ │                   within_chain_res_idx=0, is_non_loopy_atom_level=0,     │ │
│ │                   is_motif_atom_with_fixed_seq=False, atomize=False,     │ │
│ │                   is_covalent_modification=False, active_donor=0,        │ │
│ │                   src_component="122", is_residue=True,                  │ │
│ │                   active_acceptor=0, is_N_terminus=True, molecule_id=0,  │ │
│ │                   ref_plddt=1, is_motif_atom_unindexed=False,            │ │
│ │                   token_id=0, pn_unit_iid="A_1",                         │ │
│ │                   is_motif_atom_with_fixed_coord=False,                  │ │
│ │                   within_poly_res_idx=0, molecule_entity=0,              │ │
│ │                   is_protein=True, label_entity_id=1, is_ligand=False,   │ │
│ │                   is_polymer=True, is_C_terminus=False, is_non_loopy=0,  │ │
│ │                   chain_entity=0, is_dna=False, b_factor=0.0,            │ │
│ │                   occupancy=1.0, atomic_number=6, chain_iid="A_1",       │ │
│ │                   atom_id=2, pn_unit_id="A", gt_atom_name="C",           │ │
│ │                   is_backbone=True, is_sidechain=False,                  │ │
│ │                   coord_to_be_noised=[0. 0. 0.]),                        │ │
│ │                   │   │   Atom(np.array([0., 0., 0.], dtype=float32),    │ │
│ │                   chain_id="A", res_id=1, ins_code="", res_name="UNK",   │ │
│ │                   hetero=False, atom_name="O", element="O",              │ │
│ │                   is_motif_atom_unindexed_motif_breakpoint=False,        │ │
│ │                   orig_res_id=1, is_atom_level_hotspot=0, charge=0.0,    │ │
│ │                   chain_type=6, is_rna=False, pn_unit_entity=0,          │ │
│ │                   within_chain_res_idx=0, is_non_loopy_atom_level=0,     │ │
│ │                   is_motif_atom_with_fixed_seq=False, atomize=False,     │ │
│ │                   is_covalent_modification=False, active_donor=0,        │ │
│ │                   src_component="122", is_residue=True,                  │ │
│ │                   active_acceptor=0, is_N_terminus=True, molecule_id=0,  │ │
│ │                   ref_plddt=1, is_motif_atom_unindexed=False,            │ │
│ │                   token_id=0, pn_unit_iid="A_1",                         │ │
│ │                   is_motif_atom_with_fixed_coord=False,                  │ │
│ │                   within_poly_res_idx=0, molecule_entity=0,              │ │
│ │                   is_protein=True, label_entity_id=1, is_ligand=False,   │ │
│ │                   is_polymer=True, is_C_terminus=False, is_non_loopy=0,  │ │
│ │                   chain_entity=0, is_dna=False, b_factor=0.0,            │ │
│ │                   occupancy=1.0, atomic_number=8, chain_iid="A_1",       │ │
│ │                   atom_id=3, pn_unit_id="A", gt_atom_name="O",           │ │
│ │                   is_backbone=True, is_sidechain=False,                  │ │
│ │                   coord_to_be_noised=[0. 0. 0.]),                        │ │
│ │                   │   │   Atom(np.array([0., 0., 0.], dtype=float32),    │ │
│ │                   chain_id="A", res_id=1, ins_code="", res_name="UNK",   │ │
│ │                   hetero=False, atom_name="CB", element="C",             │ │
│ │                   is_motif_atom_unindexed_motif_breakpoint=False,        │ │
│ │                   orig_res_id=1, is_atom_level_hotspot=0, charge=0.0,    │ │
│ │                   chain_type=6, is_rna=False, pn_unit_entity=0,          │ │
│ │                   within_chain_res_idx=0, is_non_loopy_atom_level=0,     │ │
│ │                   is_motif_atom_with_fixed_seq=False, atomize=False,     │ │
│ │                   is_covalent_modification=False, active_donor=0,        │ │
│ │                   src_component="122", is_residue=True,                  │ │
│ │                   active_acceptor=0, is_N_terminus=True, molecule_id=0,  │ │
│ │                   ref_plddt=1, is_motif_atom_unindexed=False,            │ │
│ │                   token_id=0, pn_unit_iid="A_1",                         │ │
│ │                   is_motif_atom_with_fixed_coord=False,                  │ │
│ │                   within_poly_res_idx=0, molecule_entity=0,              │ │
│ │                   is_protein=True, label_entity_id=1, is_ligand=False,   │ │
│ │                   is_polymer=True, is_C_terminus=False, is_non_loopy=0,  │ │
│ │                   chain_entity=0, is_dna=False, b_factor=0.0,            │ │
│ │                   occupancy=1.0, atomic_number=6, chain_iid="A_1",       │ │
│ │                   atom_id=4, pn_unit_id="A", gt_atom_name="CB",          │ │
│ │                   is_backbone=False, is_sidechain=True,                  │ │
│ │                   coord_to_be_noised=[0. 0. 0.]),                        │ │
│ │                   │   │   Atom(np.array([0., 0., 0.], dtype=float32),    │ │
│ │                   chain_id="A", res_id=1, ins_code="", res_name="UNK",   │ │
│ │                   hetero=False, atom_name="V0", element="VX",            │ │
│ │                   is_motif_atom_unindexed_motif_breakpoint=False,        │ │
│ │                   orig_res_id=1, is_atom_level_hotspot=0, charge=0.0,    │ │
│ │                   chain_type=6, is_rna=False, pn_unit_entity=0,          │ │
│ │                   within_chain_res_idx=0, is_non_loopy_atom_level=0,     │ │
│ │                   is_motif_atom_with_fixed_seq=False, atomize=False,     │ │
│ │                   is_covalent_modification=False, active_donor=0,        │ │
│ │                   src_component="122", is_residue=True,                  │ │
│ │                   active_acceptor=0, is_N_terminus=True, molecule_id=0,  │ │
│ │                   ref_plddt=1, is_motif_atom_unindexed=False,            │ │
│ │                   token_id=0, pn_unit_iid="A_1",                         │ │
│ │                   is_motif_atom_with_fixed_coord=False,                  │ │
│ │                   within_poly_res_idx=0, molecule_entity=0,              │ │
│ │                   is_protein=True, label_entity_id=1, is_ligand=False,   │ │
│ │                   is_polymer=True, is_C_terminus=False, is_non_loopy=0,  │ │
│ │                   chain_entity=0, is_dna=False, b_factor=0.0,            │ │
│ │                   occupancy=1.0, atomic_number=6, chain_iid="A_1",       │ │
│ │                   atom_id=4, pn_unit_id="A", gt_atom_name="V0",          │ │
│ │                   is_backbone=False, is_sidechain=True,                  │ │
│ │                   coord_to_be_noised=[0. 0. 0.]),                        │ │
│ │                   │   │   Atom(np.array([0., 0., 0.], dtype=float32),    │ │
│ │                   chain_id="A", res_id=1, ins_code="", res_name="UNK",   │ │
│ │                   hetero=False, atom_name="V1", element="VX",            │ │
│ │                   is_motif_atom_unindexed_motif_breakpoint=False,        │ │
│ │                   orig_res_id=1, is_atom_level_hotspot=0, charge=0.0,    │ │
│ │                   chain_type=6, is_rna=False, pn_unit_entity=0,          │ │
│ │                   within_chain_res_idx=0, is_non_loopy_atom_level=0,     │ │
│ │                   is_motif_atom_with_fixed_seq=False, atomize=False,     │ │
│ │                   is_covalent_modification=False, active_donor=0,        │ │
│ │                   src_component="122", is_residue=True,                  │ │
│ │                   active_acceptor=0, is_N_terminus=True, molecule_id=0,  │ │
│ │                   ref_plddt=1, is_motif_atom_unindexed=False,            │ │
│ │                   token_id=0, pn_unit_iid="A_1",                         │ │
│ │                   is_motif_atom_with_fixed_coord=False,                  │ │
│ │                   within_poly_res_idx=0, molecule_entity=0,              │ │
│ │                   is_protein=True, label_entity_id=1, is_ligand=False,   │ │
│ │                   is_polymer=True, is_C_terminus=False, is_non_loopy=0,  │ │
│ │                   chain_entity=0, is_dna=False, b_factor=0.0,            │ │
│ │                   occupancy=1.0, atomic_number=6, chain_iid="A_1",       │ │
│ │                   atom_id=4, pn_unit_id="A", gt_atom_name="V1",          │ │
│ │                   is_backbone=False, is_sidechain=True,                  │ │
│ │                   coord_to_be_noised=[0. 0. 0.]),                        │ │
│ │                   │   │   Atom(np.array([0., 0., 0.], dtype=float32),    │ │
│ │                   chain_id="A", res_id=1, ins_code="", res_name="UNK",   │ │
│ │                   hetero=False, atom_name="V2", element="VX",            │ │
│ │                   is_motif_atom_unindexed_motif_breakpoint=False,        │ │
│ │                   orig_res_id=1, is_atom_level_hotspot=0, charge=0.0,    │ │
│ │                   chain_type=6, is_rna=False, pn_unit_entity=0,          │ │
│ │                   within_chain_res_idx=0, is_non_loopy_atom_level=0,     │ │
│ │                   is_motif_atom_with_fixed_seq=False, atomize=False,     │ │
│ │                   is_covalent_modification=False, active_donor=0,        │ │
│ │                   src_component="122", is_residue=True,                  │ │
│ │                   active_acceptor=0, is_N_terminus=True, molecule_id=0,  │ │
│ │                   ref_plddt=1, is_motif_atom_unindexed=False,            │ │
│ │                   token_id=0, pn_unit_iid="A_1",                         │ │
│ │                   is_motif_atom_with_fixed_coord=False,                  │ │
│ │                   within_poly_res_idx=0, molecule_entity=0,              │ │
│ │                   is_protein=True, label_entity_id=1, is_ligand=False,   │ │
│ │                   is_polymer=True, is_C_terminus=False, is_non_loopy=0,  │ │
│ │                   chain_entity=0, is_dna=False, b_factor=0.0,            │ │
│ │                   occupancy=1.0, atomic_number=6, chain_iid="A_1",       │ │
│ │                   atom_id=4, pn_unit_id="A", gt_atom_name="V2",          │ │
│ │                   is_backbone=False, is_sidechain=True,                  │ │
│ │                   coord_to_be_noised=[0. 0. 0.]),                        │ │
│ │                   │   │   Atom(np.array([0., 0., 0.], dtype=float32),    │ │
│ │                   chain_id="A", res_id=1, ins_code="", res_name="UNK",   │ │
│ │                   hetero=False, atom_name="V3", element="VX",            │ │
│ │                   is_motif_atom_unindexed_motif_breakpoint=False,        │ │
│ │                   orig_res_id=1, is_atom_level_hotspot=0, charge=0.0,    │ │
│ │                   chain_type=6, is_rna=False, pn_unit_entity=0,          │ │
│ │                   within_chain_res_idx=0, is_non_loopy_atom_level=0,     │ │
│ │                   is_motif_atom_with_fixed_seq=False, atomize=False,     │ │
│ │                   is_covalent_modification=False, active_donor=0,        │ │
│ │                   src_component="122", is_residue=True,                  │ │
│ │                   active_acceptor=0, is_N_terminus=True, molecule_id=0,  │ │
│ │                   ref_plddt=1, is_motif_atom_unindexed=False,            │ │
│ │                   token_id=0, pn_unit_iid="A_1",                         │ │
│ │                   is_motif_atom_with_fixed_coord=False,                  │ │
│ │                   within_poly_res_idx=0, molecule_entity=0,              │ │
│ │                   is_protein=True, label_entity_id=1, is_ligand=False,   │ │
│ │                   is_polymer=True, is_C_terminus=False, is_non_loopy=0,  │ │
│ │                   chain_entity=0, is_dna=False, b_factor=0.0,            │ │
│ │                   occupancy=1.0, atomic_number=6, chain_iid="A_1",       │ │
│ │                   atom_id=4, pn_unit_id="A", gt_atom_name="V3",          │ │
│ │                   is_backbone=False, is_sidechain=True,                  │ │
│ │                   coord_to_be_noised=[0. 0. 0.]),                        │ │
│ │                   │   │   Atom(np.array([0., 0., 0.], dtype=float32),    │ │
│ │                   chain_id="A", res_id=1, ins_code="", res_name="UNK",   │ │
│ │                   hetero=False, atom_name="V4", element="VX",            │ │
│ │                   is_motif_atom_unindexed_motif_breakpoint=False,        │ │
│ │                   orig_res_id=1, is_atom_level_hotspot=0, charge=0.0,    │ │
│ │                   chain_type=6, is_rna=False, pn_unit_entity=0,          │ │
│ │                   within_chain_res_idx=0, is_non_loopy_atom_level=0,     │ │
│ │                   is_motif_atom_with_fixed_seq=False, atomize=False,     │ │
│ │                   is_covalent_modification=False, active_donor=0,        │ │
│ │                   src_component="122", is_residue=True,                  │ │
│ │                   active_acceptor=0, is_N_terminus=True, molecule_id=0,  │ │
│ │                   ref_plddt=1, is_motif_atom_unindexed=False,            │ │
│ │                   token_id=0, pn_unit_iid="A_1",                         │ │
│ │                   is_motif_atom_with_fixed_coord=False,                  │ │
│ │                   within_poly_res_idx=0, molecule_entity=0,              │ │
│ │                   is_protein=True, label_entity_id=1, is_ligand=False,   │ │
│ │                   is_polymer=True, is_C_terminus=False, is_non_loopy=0,  │ │
│ │                   chain_entity=0, is_dna=False, b_factor=0.0,            │ │
│ │                   occupancy=1.0, atomic_number=6, chain_iid="A_1",       │ │
│ │                   atom_id=4, pn_unit_id="A", gt_atom_name="V4",          │ │
│ │                   is_backbone=False, is_sidechain=True,                  │ │
│ │                   coord_to_be_noised=[0. 0. 0.])                         │ │
│ │                   │   │   ... (3879 not shown) ...,                      │ │
│ │                   │   │   Atom(np.array([ 26.650063, -18.36451 ,         │ │
│ │                   -25.717377], dtype=float32), chain_id="C", res_id=92,  │ │
│ │                   ins_code="", res_name="TYR", hetero=False,             │ │
│ │                   atom_name="C", element="C",                            │ │
│ │                   is_motif_atom_unindexed_motif_breakpoint=False,        │ │
│ │                   orig_res_id=92, is_atom_level_hotspot=0, charge=0.0,   │ │
│ │                   chain_type=6, is_rna=False, pn_unit_entity=2,          │ │
│ │                   within_chain_res_idx=91, is_non_loopy_atom_level=0,    │ │
│ │                   is_motif_atom_with_fixed_seq=True, atomize=False,      │ │
│ │                   is_covalent_modification=False, active_donor=0,        │ │
│ │                   src_component="C120", is_residue=True,                 │ │
│ │                   active_acceptor=0, is_N_terminus=False, molecule_id=2, │ │
│ │                   ref_plddt=1, is_motif_atom_unindexed=False,            │ │
│ │                   token_id=382, pn_unit_iid="C_1",                       │ │
│ │                   is_motif_atom_with_fixed_coord=True,                   │ │
│ │                   within_poly_res_idx=91, molecule_entity=2,             │ │
│ │                   is_protein=True, label_entity_id=3, is_ligand=False,   │ │
│ │                   is_polymer=True, is_C_terminus=True, is_non_loopy=0,   │ │
│ │                   chain_entity=2, is_dna=False, b_factor=159.24,         │ │
│ │                   occupancy=1.0, atomic_number=6, chain_iid="C_1",       │ │
│ │                   atom_id=2675, pn_unit_id="C", gt_atom_name="C",        │ │
│ │                   is_backbone=True, is_sidechain=False,                  │ │
│ │                   coord_to_be_noised=[ 26.650063 -18.36451               │ │
│ │                   -25.717377]),                                          │ │
│ │                   │   │   Atom(np.array([ 26.446068, -19.58451 ,         │ │
│ │                   -25.836372], dtype=float32), chain_id="C", res_id=92,  │ │
│ │                   ins_code="", res_name="TYR", hetero=False,             │ │
│ │                   atom_name="O", element="O",                            │ │
│ │                   is_motif_atom_unindexed_motif_breakpoint=False,        │ │
│ │                   orig_res_id=92, is_atom_level_hotspot=0, charge=0.0,   │ │
│ │                   chain_type=6, is_rna=False, pn_unit_entity=2,          │ │
│ │                   within_chain_res_idx=91, is_non_loopy_atom_level=0,    │ │
│ │                   is_motif_atom_with_fixed_seq=True, atomize=False,      │ │
│ │                   is_covalent_modification=False, active_donor=0,        │ │
│ │                   src_component="C120", is_residue=True,                 │ │
│ │                   active_acceptor=0, is_N_terminus=False, molecule_id=2, │ │
│ │                   ref_plddt=1, is_motif_atom_unindexed=False,            │ │
│ │                   token_id=382, pn_unit_iid="C_1",                       │ │
│ │                   is_motif_atom_with_fixed_coord=True,                   │ │
│ │                   within_poly_res_idx=91, molecule_entity=2,             │ │
│ │                   is_protein=True, label_entity_id=3, is_ligand=False,   │ │
│ │                   is_polymer=True, is_C_terminus=True, is_non_loopy=0,   │ │
│ │                   chain_entity=2, is_dna=False, b_factor=159.24,         │ │
│ │                   occupancy=1.0, atomic_number=8, chain_iid="C_1",       │ │
│ │                   atom_id=2676, pn_unit_id="C", gt_atom_name="O",        │ │
│ │                   is_backbone=True, is_sidechain=False,                  │ │
│ │                   coord_to_be_noised=[ 26.446068 -19.58451               │ │
│ │                   -25.836372]),                                          │ │
│ │                   │   │   Atom(np.array([ 25.365067, -16.946518,         │ │
│ │                   -27.356377], dtype=float32), chain_id="C", res_id=92,  │ │
│ │                   ins_code="", res_name="TYR", hetero=False,             │ │
│ │                   atom_name="CB", element="C",                           │ │
│ │                   is_motif_atom_unindexed_motif_breakpoint=False,        │ │
│ │                   orig_res_id=92, is_atom_level_hotspot=0, charge=0.0,   │ │
│ │                   chain_type=6, is_rna=False, pn_unit_entity=2,          │ │
│ │                   within_chain_res_idx=91, is_non_loopy_atom_level=0,    │ │
│ │                   is_motif_atom_with_fixed_seq=True, atomize=False,      │ │
│ │                   is_covalent_modification=False, active_donor=0,        │ │
│ │                   src_component="C120", is_residue=True,                 │ │
│ │                   active_acceptor=0, is_N_terminus=False, molecule_id=2, │ │
│ │                   ref_plddt=1, is_motif_atom_unindexed=False,            │ │
│ │                   token_id=382, pn_unit_iid="C_1",                       │ │
│ │                   is_motif_atom_with_fixed_coord=True,                   │ │
│ │                   within_poly_res_idx=91, molecule_entity=2,             │ │
│ │                   is_protein=True, label_entity_id=3, is_ligand=False,   │ │
│ │                   is_polymer=True, is_C_terminus=True, is_non_loopy=0,   │ │
│ │                   chain_entity=2, is_dna=False, b_factor=159.24,         │ │
│ │                   occupancy=1.0, atomic_number=6, chain_iid="C_1",       │ │
│ │                   atom_id=2677, pn_unit_id="C", gt_atom_name="CB",       │ │
│ │                   is_backbone=False, is_sidechain=True,                  │ │
│ │                   coord_to_be_noised=[ 25.365067 -16.946518              │ │
│ │                   -27.356377]),                                          │ │
│ │                   │   │   Atom(np.array([ 23.998062, -16.463516,         │ │
│ │                   -27.772377], dtype=float32), chain_id="C", res_id=92,  │ │
│ │                   ins_code="", res_name="TYR", hetero=False,             │ │
│ │                   atom_name="V0", element="C",                           │ │
│ │                   is_motif_atom_unindexed_motif_breakpoint=False,        │ │
│ │                   orig_res_id=92, is_atom_level_hotspot=0, charge=0.0,   │ │
│ │                   chain_type=6, is_rna=False, pn_unit_entity=2,          │ │
│ │                   within_chain_res_idx=91, is_non_loopy_atom_level=0,    │ │
│ │                   is_motif_atom_with_fixed_seq=True, atomize=False,      │ │
│ │                   is_covalent_modification=False, active_donor=0,        │ │
│ │                   src_component="C120", is_residue=True,                 │ │
│ │                   active_acceptor=0, is_N_terminus=False, molecule_id=2, │ │
│ │                   ref_plddt=1, is_motif_atom_unindexed=False,            │ │
│ │                   token_id=382, pn_unit_iid="C_1",                       │ │
│ │                   is_motif_atom_with_fixed_coord=True,                   │ │
│ │                   within_poly_res_idx=91, molecule_entity=2,             │ │
│ │                   is_protein=True, label_entity_id=3, is_ligand=False,   │ │
│ │                   is_polymer=True, is_C_terminus=True, is_non_loopy=0,   │ │
│ │                   chain_entity=2, is_dna=False, b_factor=159.24,         │ │
│ │                   occupancy=1.0, atomic_number=6, chain_iid="C_1",       │ │
│ │                   atom_id=2678, pn_unit_id="C", gt_atom_name="CG",       │ │
│ │                   is_backbone=False, is_sidechain=True,                  │ │
│ │                   coord_to_be_noised=[ 23.998062 -16.463516              │ │
│ │                   -27.772377]),                                          │ │
│ │                   │   │   Atom(np.array([ 22.870064, -16.782516,         │ │
│ │                   -27.029373], dtype=float32), chain_id="C", res_id=92,  │ │
│ │                   ins_code="", res_name="TYR", hetero=False,             │ │
│ │                   atom_name="V1", element="C",                           │ │
│ │                   is_motif_atom_unindexed_motif_breakpoint=False,        │ │
│ │                   orig_res_id=92, is_atom_level_hotspot=0, charge=0.0,   │ │
│ │                   chain_type=6, is_rna=False, pn_unit_entity=2,          │ │
│ │                   within_chain_res_idx=91, is_non_loopy_atom_level=0,    │ │
│ │                   is_motif_atom_with_fixed_seq=True, atomize=False,      │ │
│ │                   is_covalent_modification=False, active_donor=0,        │ │
│ │                   src_component="C120", is_residue=True,                 │ │
│ │                   active_acceptor=0, is_N_terminus=False, molecule_id=2, │ │
│ │                   ref_plddt=1, is_motif_atom_unindexed=False,            │ │
│ │                   token_id=382, pn_unit_iid="C_1",                       │ │
│ │                   is_motif_atom_with_fixed_coord=True,                   │ │
│ │                   within_poly_res_idx=91, molecule_entity=2,             │ │
│ │                   is_protein=True, label_entity_id=3, is_ligand=False,   │ │
│ │                   is_polymer=True, is_C_terminus=True, is_non_loopy=0,   │ │
│ │                   chain_entity=2, is_dna=False, b_factor=159.24,         │ │
│ │                   occupancy=1.0, atomic_number=6, chain_iid="C_1",       │ │
│ │                   atom_id=2679, pn_unit_id="C", gt_atom_name="CD1",      │ │
│ │                   is_backbone=False, is_sidechain=True,                  │ │
│ │                   coord_to_be_noised=[ 22.870064 -16.782516              │ │
│ │                   -27.029373]),                                          │ │
│ │                   │   │   Atom(np.array([ 23.835068, -15.692505,         │ │
│ │                   -28.915375], dtype=float32), chain_id="C", res_id=92,  │ │
│ │                   ins_code="", res_name="TYR", hetero=False,             │ │
│ │                   atom_name="V2", element="C",                           │ │
│ │                   is_motif_atom_unindexed_motif_breakpoint=False,        │ │
│ │                   orig_res_id=92, is_atom_level_hotspot=0, charge=0.0,   │ │
│ │                   chain_type=6, is_rna=False, pn_unit_entity=2,          │ │
│ │                   within_chain_res_idx=91, is_non_loopy_atom_level=0,    │ │
│ │                   is_motif_atom_with_fixed_seq=True, atomize=False,      │ │
│ │                   is_covalent_modification=False, active_donor=0,        │ │
│ │                   src_component="C120", is_residue=True,                 │ │
│ │                   active_acceptor=0, is_N_terminus=False, molecule_id=2, │ │
│ │                   ref_plddt=1, is_motif_atom_unindexed=False,            │ │
│ │                   token_id=382, pn_unit_iid="C_1",                       │ │
│ │                   is_motif_atom_with_fixed_coord=True,                   │ │
│ │                   within_poly_res_idx=91, molecule_entity=2,             │ │
│ │                   is_protein=True, label_entity_id=3, is_ligand=False,   │ │
│ │                   is_polymer=True, is_C_terminus=True, is_non_loopy=0,   │ │
│ │                   chain_entity=2, is_dna=False, b_factor=159.24,         │ │
│ │                   occupancy=1.0, atomic_number=6, chain_iid="C_1",       │ │
│ │                   atom_id=2680, pn_unit_id="C", gt_atom_name="CD2",      │ │
│ │                   is_backbone=False, is_sidechain=True,                  │ │
│ │                   coord_to_be_noised=[ 23.835068 -15.692505              │ │
│ │                   -28.915375]),                                          │ │
│ │                   │   │   Atom(np.array([ 21.618065, -16.346512,         │ │
│ │                   -27.412376], dtype=float32), chain_id="C", res_id=92,  │ │
│ │                   ins_code="", res_name="TYR", hetero=False,             │ │
│ │                   atom_name="V3", element="C",                           │ │
│ │                   is_motif_atom_unindexed_motif_breakpoint=False,        │ │
│ │                   orig_res_id=92, is_atom_level_hotspot=0, charge=0.0,   │ │
│ │                   chain_type=6, is_rna=False, pn_unit_entity=2,          │ │
│ │                   within_chain_res_idx=91, is_non_loopy_atom_level=0,    │ │
│ │                   is_motif_atom_with_fixed_seq=True, atomize=False,      │ │
│ │                   is_covalent_modification=False, active_donor=0,        │ │
│ │                   src_component="C120", is_residue=True,                 │ │
│ │                   active_acceptor=0, is_N_terminus=False, molecule_id=2, │ │
│ │                   ref_plddt=1, is_motif_atom_unindexed=False,            │ │
│ │                   token_id=382, pn_unit_iid="C_1",                       │ │
│ │                   is_motif_atom_with_fixed_coord=True,                   │ │
│ │                   within_poly_res_idx=91, molecule_entity=2,             │ │
│ │                   is_protein=True, label_entity_id=3, is_ligand=False,   │ │
│ │                   is_polymer=True, is_C_terminus=True, is_non_loopy=0,   │ │
│ │                   chain_entity=2, is_dna=False, b_factor=159.24,         │ │
│ │                   occupancy=1.0, atomic_number=6, chain_iid="C_1",       │ │
│ │                   atom_id=2681, pn_unit_id="C", gt_atom_name="CE1",      │ │
│ │                   is_backbone=False, is_sidechain=True,                  │ │
│ │                   coord_to_be_noised=[ 21.618065 -16.346512              │ │
│ │                   -27.412376]),                                          │ │
│ │                   │   │   Atom(np.array([ 22.589066, -15.250519,         │ │
│ │                   -29.306374], dtype=float32), chain_id="C", res_id=92,  │ │
│ │                   ins_code="", res_name="TYR", hetero=False,             │ │
│ │                   atom_name="V4", element="C",                           │ │
│ │                   is_motif_atom_unindexed_motif_breakpoint=False,        │ │
│ │                   orig_res_id=92, is_atom_level_hotspot=0, charge=0.0,   │ │
│ │                   chain_type=6, is_rna=False, pn_unit_entity=2,          │ │
│ │                   within_chain_res_idx=91, is_non_loopy_atom_level=0,    │ │
│ │                   is_motif_atom_with_fixed_seq=True, atomize=False,      │ │
│ │                   is_covalent_modification=False, active_donor=0,        │ │
│ │                   src_component="C120", is_residue=True,                 │ │
│ │                   active_acceptor=0, is_N_terminus=False, molecule_id=2, │ │
│ │                   ref_plddt=1, is_motif_atom_unindexed=False,            │ │
│ │                   token_id=382, pn_unit_iid="C_1",                       │ │
│ │                   is_motif_atom_with_fixed_coord=True,                   │ │
│ │                   within_poly_res_idx=91, molecule_entity=2,             │ │
│ │                   is_protein=True, label_entity_id=3, is_ligand=False,   │ │
│ │                   is_polymer=True, is_C_terminus=True, is_non_loopy=0,   │ │
│ │                   chain_entity=2, is_dna=False, b_factor=159.24,         │ │
│ │                   occupancy=1.0, atomic_number=6, chain_iid="C_1",       │ │
│ │                   atom_id=2682, pn_unit_id="C", gt_atom_name="CE2",      │ │
│ │                   is_backbone=False, is_sidechain=True,                  │ │
│ │                   coord_to_be_noised=[ 22.589066 -15.250519              │ │
│ │                   -29.306374]),                                          │ │
│ │                   │   │   Atom(np.array([ 21.485062, -15.580505,         │ │
│ │                   -28.550377], dtype=float32), chain_id="C", res_id=92,  │ │
│ │                   ins_code="", res_name="TYR", hetero=False,             │ │
│ │                   atom_name="V5", element="C",                           │ │
│ │                   is_motif_atom_unindexed_motif_breakpoint=False,        │ │
│ │                   orig_res_id=92, is_atom_level_hotspot=0, charge=0.0,   │ │
│ │                   chain_type=6, is_rna=False, pn_unit_entity=2,          │ │
│ │                   within_chain_res_idx=91, is_non_loopy_atom_level=0,    │ │
│ │                   is_motif_atom_with_fixed_seq=True, atomize=False,      │ │
│ │                   is_covalent_modification=False, active_donor=0,        │ │
│ │                   src_component="C120", is_residue=True,                 │ │
│ │                   active_acceptor=0, is_N_terminus=False, molecule_id=2, │ │
│ │                   ref_plddt=1, is_motif_atom_unindexed=False,            │ │
│ │                   token_id=382, pn_unit_iid="C_1",                       │ │
│ │                   is_motif_atom_with_fixed_coord=True,                   │ │
│ │                   within_poly_res_idx=91, molecule_entity=2,             │ │
│ │                   is_protein=True, label_entity_id=3, is_ligand=False,   │ │
│ │                   is_polymer=True, is_C_terminus=True, is_non_loopy=0,   │ │
│ │                   chain_entity=2, is_dna=False, b_factor=159.24,         │ │
│ │                   occupancy=1.0, atomic_number=6, chain_iid="C_1",       │ │
│ │                   atom_id=2683, pn_unit_id="C", gt_atom_name="CZ",       │ │
│ │                   is_backbone=False, is_sidechain=True,                  │ │
│ │                   coord_to_be_noised=[ 21.485062 -15.580505              │ │
│ │                   -28.550377]),                                          │ │
│ │                   │   │   Atom(np.array([ 20.240067, -15.142517,         │ │
│ │                   -28.93438 ], dtype=float32), chain_id="C", res_id=92,  │ │
│ │                   ins_code="", res_name="TYR", hetero=False,             │ │
│ │                   atom_name="V6", element="O",                           │ │
│ │                   is_motif_atom_unindexed_motif_breakpoint=False,        │ │
│ │                   orig_res_id=92, is_atom_level_hotspot=0, charge=0.0,   │ │
│ │                   chain_type=6, is_rna=False, pn_unit_entity=2,          │ │
│ │                   within_chain_res_idx=91, is_non_loopy_atom_level=0,    │ │
│ │                   is_motif_atom_with_fixed_seq=True, atomize=False,      │ │
│ │                   is_covalent_modification=False, active_donor=0,        │ │
│ │                   src_component="C120", is_residue=True,                 │ │
│ │                   active_acceptor=0, is_N_terminus=False, molecule_id=2, │ │
│ │                   ref_plddt=1, is_motif_atom_unindexed=False,            │ │
│ │                   token_id=382, pn_unit_iid="C_1",                       │ │
│ │                   is_motif_atom_with_fixed_coord=True,                   │ │
│ │                   within_poly_res_idx=91, molecule_entity=2,             │ │
│ │                   is_protein=True, label_entity_id=3, is_ligand=False,   │ │
│ │                   is_polymer=True, is_C_terminus=True, is_non_loopy=0,   │ │
│ │                   chain_entity=2, is_dna=False, b_factor=159.24,         │ │
│ │                   occupancy=1.0, atomic_number=8, chain_iid="C_1",       │ │
│ │                   atom_id=2684, pn_unit_id="C", gt_atom_name="OH",       │ │
│ │                   is_backbone=False, is_sidechain=True,                  │ │
│ │                   coord_to_be_noised=[ 20.240067 -15.142517 -28.93438 ]) │ │
│ │                   ]),                                                    │ │
│ │                   │   'specification': {                                 │ │
│ │                   │   │   'input':                                       │ │
│ │                   '/work3/marhr/Projects/dbl/CLR_RAMP1/exp_01/inputs/6e… │ │
│ │                   │   │   'contig':                                      │ │
│ │                   '50-150,/0,B33-54,10,B64-106,3,B110-200,/0,C29-120',   │ │
│ │                   │   │   'length': '298-398',                           │ │
│ │                   │   │   'extra': {                                     │ │
│ │                   │   │   │   'example': 'CLR_RAMP1_test',               │ │
│ │                   │   │   │   'task_name':                               │ │
│ │                   'CLR_RAMP1_rfd3_test_CLR_RAMP1_test',                  │ │
│ │                   │   │   │   'sampled_contig':                          │ │
│ │                   '122,/0,B33,B34,B35,B36,B37,B38,B39,B40,B41,B42,B43,B… │ │
│ │                   │   │   │   'num_tokens_in': 383,                      │ │
│ │                   │   │   │   'num_residues_in': 383,                    │ │
│ │                   │   │   │   'num_chains': 3,                           │ │
│ │                   │   │   │   'num_atoms': 2685,                         │ │
│ │                   │   │   │   'num_residues': 172,                       │ │
│ │                   │   │   │   'example_id':                              │ │
│ │                   'CLR_RAMP1_rfd3_test_CLR_RAMP1_test_0'                 │ │
│ │                   │   │   },                                             │ │
│ │                   │   │   'select_fixed_atoms': True,                    │ │
│ │                   │   │   'select_unfixed_sequence': False,              │ │
│ │                   │   │   'select_hbond_acceptor': {                     │ │
│ │                   │   │   │   'B90': 'OD1,OD2',                          │ │
│ │                   │   │   │   'B94': 'OD1,OD2'                           │ │
│ │                   │   │   },                                             │ │
│ │                   │   │   'select_hbond_donor': {'B38': 'NH1,NH2'},      │ │
│ │                   │   │   'select_hotspots': {                           │ │
│ │                   │   │   │   'B33': 'NE2',                              │ │
│ │                   │   │   │   'B72': 'NE1,CD1,CD2,CG,CE3,CZ2,CZ3',       │ │
│ │                   │   │   │   'B92': 'CD2,CD1,CE1,CE2,CZ'                │ │
│ │                   │   │   },                                             │ │
│ │                   │   │   'infer_ori_strategy': 'hotspots'               │ │
│ │                   │   }                                                  │ │
│ │                   }                                                      │ │
│ │            self = <rfd3.engine.RFD3InferenceEngine object at             │ │
│ │                   0x7f6d17710470>                                        │ │
│ │           specs = {                                                      │ │
│ │                   │   'CLR_RAMP1_rfd3_test_CLR_RAMP1_test_0': {          │ │
│ │                   │   │   'dialect': 2,                                  │ │
│ │                   │   │   'input':                                       │ │
│ │                   '/work3/marhr/Projects/dbl/CLR_RAMP1/exp_01/inputs/6e… │ │
│ │                   │   │   'contig':                                      │ │
│ │                   '50-150,/0,B33-54,10,B64-106,3,B110-200,/0,C29-120',   │ │
│ │                   │   │   'length': '298-398',                           │ │
│ │                   │   │   'redesign_motif_sidechains': False,            │ │
│ │                   │   │   'select_hotspots': {                           │ │
│ │                   │   │   │   'B33': 'NE2',                              │ │
│ │                   │   │   │   'B72': 'NE1,CD1,CD2,CG,CE3,CZ2,CZ3',       │ │
│ │                   │   │   │   'B92': 'CD2,CD1,CE1,CE2,CZ'                │ │
│ │                   │   │   },                                             │ │
│ │                   │   │   'select_hbond_donor': {'B38': 'NH1,NH2'},      │ │
│ │                   │   │   'select_hbond_acceptor': {                     │ │
│ │                   │   │   │   'B90': 'OD1,OD2',                          │ │
│ │                   │   │   │   'B94': 'OD1,OD2'                           │ │
│ │                   │   │   },                                             │ │
│ │                   │   │   'infer_ori_strategy': 'hotspots',              │ │
│ │                   │   │   'extra': {                                     │ │
│ │                   │   │   │   'example': 'CLR_RAMP1_test',               │ │
│ │                   │   │   │   'task_name':                               │ │
│ │                   'CLR_RAMP1_rfd3_test_CLR_RAMP1_test'                   │ │
│ │                   │   │   },                                             │ │
│ │                   │   │   ... +1                                         │ │
│ │                   │   },                                                 │ │
│ │                   │   'CLR_RAMP1_rfd3_test_CLR_RAMP1_test_1': {          │ │
│ │                   │   │   'dialect': 2,                                  │ │
│ │                   │   │   'input':                                       │ │
│ │                   '/work3/marhr/Projects/dbl/CLR_RAMP1/exp_01/inputs/6e… │ │
│ │                   │   │   'contig':                                      │ │
│ │                   '50-150,/0,B33-54,10,B64-106,3,B110-200,/0,C29-120',   │ │
│ │                   │   │   'length': '298-398',                           │ │
│ │                   │   │   'redesign_motif_sidechains': False,            │ │
│ │                   │   │   'select_hotspots': {                           │ │
│ │                   │   │   │   'B33': 'NE2',                              │ │
│ │                   │   │   │   'B72': 'NE1,CD1,CD2,CG,CE3,CZ2,CZ3',       │ │
│ │                   │   │   │   'B92': 'CD2,CD1,CE1,CE2,CZ'                │ │
│ │                   │   │   },                                             │ │
│ │                   │   │   'select_hbond_donor': {'B38': 'NH1,NH2'},      │ │
│ │                   │   │   'select_hbond_acceptor': {                     │ │
│ │                   │   │   │   'B90': 'OD1,OD2',                          │ │
│ │                   │   │   │   'B94': 'OD1,OD2'                           │ │
│ │                   │   │   },                                             │ │
│ │                   │   │   'infer_ori_strategy': 'hotspots',              │ │
│ │                   │   │   'extra': {                                     │ │
│ │                   │   │   │   'example': 'CLR_RAMP1_test',               │ │
│ │                   │   │   │   'task_name':                               │ │
│ │                   'CLR_RAMP1_rfd3_test_CLR_RAMP1_test'                   │ │
│ │                   │   │   },                                             │ │
│ │                   │   │   ... +1                                         │ │
│ │                   │   }                                                  │ │
│ │                   }                                                      │ │
│ ╰──────────────────────────────────────────────────────────────────────────╯ │
│                                                                              │
│ /dtu/projects/dbl/foundry/miniforge3/envs/rfd3/lib/python3.12/site-packages/ │
│ lightning/fabric/wrappers.py:326 in __iter__                                 │
│                                                                              │
│   323 │   │   if self._device is None:                                       │
│   324 │   │   │   yield from iter(self._dataloader)                          │
│   325 │   │   else:                                                          │
│ ❱ 326 │   │   │   for item in self._dataloader:                              │
│   327 │   │   │   │   yield move_data_to_device(item, self._device)          │
│   328                                                                        │
│   329                                                                        │
│                                                                              │
│ ╭───────────────────────────────── locals ─────────────────────────────────╮ │
│ │ item = [                                                                 │ │
│ │        │   {                                                             │ │
│ │        │   │   'example_id': 'CLR_RAMP1_rfd3_test_CLR_RAMP1_test_0',     │ │
│ │        │   │   'feats': {                                                │ │
│ │        │   │   │   'unindexing_pair_mask': tensor([[False, False, False, │ │
│ │        ..., False, False, False],                                        │ │
│ │        │   │   [False, False, False,  ..., False, False, False],         │ │
│ │        │   │   [False, False, False,  ..., False, False, False],         │ │
│ │        │   │   ...,                                                      │ │
│ │        │   │   [False, False, False,  ..., False, False, False],         │ │
│ │        │   │   [False, False, False,  ..., False, False, False],         │ │
│ │        │   │   [False, False, False,  ..., False, False, False]]),       │ │
│ │        │   │   │   'is_motif_token_unindexed': tensor([False, False,     │ │
│ │        False, False, False, False, False, False, False, False,           │ │
│ │        │   │   False, False, False, False, False, False, False, False,   │ │
│ │        False, False,                                                     │ │
│ │        │   │   False, False, False, False, False, False, False, False,   │ │
│ │        False, False,                                                     │ │
│ │        │   │   False, False, False, False, False, False, False, False,   │ │
│ │        False, False,                                                     │ │
│ │        │   │   False, False, False, False, False, False, False, False,   │ │
│ │        False, False,                                                     │ │
│ │        │   │   False, False, False, False, False, False, False, False,   │ │
│ │        False, False,                                                     │ │
│ │        │   │   False, False, False, False, False, False, False, False,   │ │
│ │        False, False,                                                     │ │
│ │        │   │   False, False, False, False, False, False, False, False,   │ │
│ │        False, False,                                                     │ │
│ │        │   │   False, False, False, False, False, False, False, False,   │ │
│ │        False, False,                                                     │ │
│ │        │   │   False, False, False, False, False, False, False, False,   │ │
│ │        False, False,                                                     │ │
│ │        │   │   False, False, False, False, False, False, False, False,   │ │
│ │        False, False,                                                     │ │
│ │        │   │   False, False, False, False, False, False, False, False,   │ │
│ │        False, False,                                                     │ │
│ │        │   │   False, False, False, False, False, False, False, False,   │ │
│ │        False, False,                                                     │ │
│ │        │   │   False, False, False, False, False, False, False, False,   │ │
│ │        False, False,                                                     │ │
│ │        │   │   False, False, False, False, False, False, False, False,   │ │
│ │        False, False,                                                     │ │
│ │        │   │   False, False, False, False, False, False, False, False,   │ │
│ │        False, False,                                                     │ │
│ │        │   │   False, False, False, False, False, False, False, False,   │ │
│ │        False, False,                                                     │ │
│ │        │   │   False, False, False, False, False, False, False, False,   │ │
│ │        False, False,                                                     │ │
│ │        │   │   False, False, False, False, False, False, False, False,   │ │
│ │        False, False,                                                     │ │
│ │        │   │   False, False, False, False, False, False, False, False,   │ │
│ │        False, False,                                                     │ │
│ │        │   │   False, False, False, False, False, False, False, False,   │ │
│ │        False, False,                                                     │ │
│ │        │   │   False, False, False, False, False, False, False, False,   │ │
│ │        False, False,                                                     │ │
│ │        │   │   False, False, False, False, False, False, False, False,   │ │
│ │        False, False,                                                     │ │
│ │        │   │   False, False, False, False, False, False, False, False,   │ │
│ │        False, False,                                                     │ │
│ │        │   │   False, False, False, False, False, False, False, False,   │ │
│ │        False, False,                                                     │ │
│ │        │   │   False, False, False, False, False, False, False, False,   │ │
│ │        False, False,                                                     │ │
│ │        │   │   False, False, False, False, False, False, False, False,   │ │
│ │        False, False,                                                     │ │
│ │        │   │   False, False, False, False, False, False, False, False,   │ │
│ │        False, False,                                                     │ │
│ │        │   │   False, False, False, False, False, False, False, False,   │ │
│ │        False, False,                                                     │ │
│ │        │   │   False, False, False, False, False, False, False, False,   │ │
│ │        False, False,                                                     │ │
│ │        │   │   False, False, False, False, False, False, False, False,   │ │
│ │        False, False,                                                     │ │
│ │        │   │   False, False, False, False, False, False, False, False,   │ │
│ │        False, False,                                                     │ │
│ │        │   │   False, False, False, False, False, False, False, False,   │ │
│ │        False, False,                                                     │ │
│ │        │   │   False, False, False, False, False, False, False, False,   │ │
│ │        False, False,                                                     │ │
│ │        │   │   False, False, False, False, False, False, False, False,   │ │
│ │        False, False,                                                     │ │
│ │        │   │   False, False, False, False, False, False, False, False,   │ │
│ │        False, False,                                                     │ │
│ │        │   │   False, False, False, False, False, False, False, False,   │ │
│ │        False, False,                                                     │ │
│ │        │   │   False, False, False, False, False, False, False, False,   │ │
│ │        False, False,                                                     │ │
│ │        │   │   False, False, False]),                                    │ │
│ │        │   │   │   'residue_index': tensor([  0,   1,   2,   3,   4,     │ │
│ │        5,   6,   7,   8,   9,  10,  11,  12,  13,                        │ │
│ │        │   │    14,  15,  16,  17,  18,  19,  20,  21,  22,  23,  24,    │ │
│ │        25,  26,  27,                                                     │ │
│ │        │   │    28,  29,  30,  31,  32,  33,  34,  35,  36,  37,  38,    │ │
│ │        39,  40,  41,                                                     │ │
│ │        │   │    42,  43,  44,  45,  46,  47,  48,  49,  50,  51,  52,    │ │
│ │        53,  54,  55,                                                     │ │
│ │        │   │    56,  57,  58,  59,  60,  61,  62,  63,  64,  65,  66,    │ │
│ │        67,  68,  69,                                                     │ │
│ │        │   │    70,  71,  72,  73,  74,  75,  76,  77,  78,  79,  80,    │ │
│ │        81,  82,  83,                                                     │ │
│ │        │   │    84,  85,  86,  87,  88,  89,  90,  91,  92,  93,  94,    │ │
│ │        95,  96,  97,                                                     │ │
│ │        │   │    98,  99, 100, 101, 102, 103, 104, 105, 106, 107, 108,    │ │
│ │        109, 110, 111,                                                    │ │
│ │        │   │   112, 113, 114, 115, 116, 117, 118, 119, 120, 121,   0,    │ │
│ │        1,   2,   3,                                                      │ │
│ │        │   │     4,   5,   6,   7,   8,   9,  10,  11,  12,  13,  14,    │ │
│ │        15,  16,  17,                                                     │ │
│ │        │   │    18,  19,  20,  21,  22,  23,  24,  25,  26,  27,  28,    │ │
│ │        29,  30,  31,                                                     │ │
│ │        │   │    32,  33,  34,  35,  36,  37,  38,  39,  40,  41,  42,    │ │
│ │        43,  44,  45,                                                     │ │
│ │        │   │    46,  47,  48,  49,  50,  51,  52,  53,  54,  55,  56,    │ │
│ │        57,  58,  59,                                                     │ │
│ │        │   │    60,  61,  62,  63,  64,  65,  66,  67,  68,  69,  70,    │ │
│ │        71,  72,  73,                                                     │ │
│ │        │   │    74,  75,  76,  77,  78,  79,  80,  81,  82,  83,  84,    │ │
│ │        85,  86,  87,                                                     │ │
│ │        │   │    88,  89,  90,  91,  92,  93,  94,  95,  96,  97,  98,    │ │
│ │        99, 100, 101,                                                     │ │
│ │        │   │   102, 103, 104, 105, 106, 107, 108, 109, 110, 111, 112,    │ │
│ │        113, 114, 115,                                                    │ │
│ │        │   │   116, 117, 118, 119, 120, 121, 122, 123, 124, 125, 126,    │ │
│ │        127, 128, 129,                                                    │ │
│ │        │   │   130, 131, 132, 133, 134, 135, 136, 137, 138, 139, 140,    │ │
│ │        141, 142, 143,                                                    │ │
│ │        │   │   144, 145, 146, 147, 148, 149, 150, 151, 152, 153, 154,    │ │
│ │        155, 156, 157,                                                    │ │
│ │        │   │   158, 159, 160, 161, 162, 163, 164, 165, 166, 167, 168,    │ │
│ │        0,   1,   2,                                                      │ │
│ │        │   │     3,   4,   5,   6,   7,   8,   9,  10,  11,  12,  13,    │ │
│ │        14,  15,  16,                                                     │ │
│ │        │   │    17,  18,  19,  20,  21,  22,  23,  24,  25,  26,  27,    │ │
│ │        28,  29,  30,                                                     │ │
│ │        │   │    31,  32,  33,  34,  35,  36,  37,  38,  39,  40,  41,    │ │
│ │        42,  43,  44,                                                     │ │
│ │        │   │    45,  46,  47,  48,  49,  50,  51,  52,  53,  54,  55,    │ │
│ │        56,  57,  58,                                                     │ │
│ │        │   │    59,  60,  61,  62,  63,  64,  65,  66,  67,  68,  69,    │ │
│ │        70,  71,  72,                                                     │ │
│ │        │   │    73,  74,  75,  76,  77,  78,  79,  80,  81,  82,  83,    │ │
│ │        84,  85,  86,                                                     │ │
│ │        │   │    87,  88,  89,  90,  91], dtype=torch.int32),             │ │
│ │        │   │   │   'token_index': tensor([  0,   1,   2,   3,   4,   5,  │ │
│ │        6,   7,   8,   9,  10,  11,  12,  13,                             │ │
│ │        │   │    14,  15,  16,  17,  18,  19,  20,  21,  22,  23,  24,    │ │
│ │        25,  26,  27,                                                     │ │
│ │        │   │    28,  29,  30,  31,  32,  33,  34,  35,  36,  37,  38,    │ │
│ │        39,  40,  41,                                                     │ │
│ │        │   │    42,  43,  44,  45,  46,  47,  48,  49,  50,  51,  52,    │ │
│ │        53,  54,  55,                                                     │ │
│ │        │   │    56,  57,  58,  59,  60,  61,  62,  63,  64,  65,  66,    │ │
│ │        67,  68,  69,                                                     │ │
│ │        │   │    70,  71,  72,  73,  74,  75,  76,  77,  78,  79,  80,    │ │
│ │        81,  82,  83,                                                     │ │
│ │        │   │    84,  85,  86,  87,  88,  89,  90,  91,  92,  93,  94,    │ │
│ │        95,  96,  97,                                                     │ │
│ │        │   │    98,  99, 100, 101, 102, 103, 104, 105, 106, 107, 108,    │ │
│ │        109, 110, 111,                                                    │ │
│ │        │   │   112, 113, 114, 115, 116, 117, 118, 119, 120, 121, 122,    │ │
│ │        123, 124, 125,                                                    │ │
│ │        │   │   126, 127, 128, 129, 130, 131, 132, 133, 134, 135, 136,    │ │
│ │        137, 138, 139,                                                    │ │
│ │        │   │   140, 141, 142, 143, 144, 145, 146, 147, 148, 149, 150,    │ │
│ │        151, 152, 153,                                                    │ │
│ │        │   │   154, 155, 156, 157, 158, 159, 160, 161, 162, 163, 164,    │ │
│ │        165, 166, 167,                                                    │ │
│ │        │   │   168, 169, 170, 171, 172, 173, 174, 175, 176, 177, 178,    │ │
│ │        179, 180, 181,                                                    │ │
│ │        │   │   182, 183, 184, 185, 186, 187, 188, 189, 190, 191, 192,    │ │
│ │        193, 194, 195,                                                    │ │
│ │        │   │   196, 197, 198, 199, 200, 201, 202, 203, 204, 205, 206,    │ │
│ │        207, 208, 209,                                                    │ │
│ │        │   │   210, 211, 212, 213, 214, 215, 216, 217, 218, 219, 220,    │ │
│ │        221, 222, 223,                                                    │ │
│ │        │   │   224, 225, 226, 227, 228, 229, 230, 231, 232, 233, 234,    │ │
│ │        235, 236, 237,                                                    │ │
│ │        │   │   238, 239, 240, 241, 242, 243, 244, 245, 246, 247, 248,    │ │
│ │        249, 250, 251,                                                    │ │
│ │        │   │   252, 253, 254, 255, 256, 257, 258, 259, 260, 261, 262,    │ │
│ │        263, 264, 265,                                                    │ │
│ │        │   │   266, 267, 268, 269, 270, 271, 272, 273, 274, 275, 276,    │ │
│ │        277, 278, 279,                                                    │ │
│ │        │   │   280, 281, 282, 283, 284, 285, 286, 287, 288, 289, 290,    │ │
│ │        291, 292, 293,                                                    │ │
│ │        │   │   294, 295, 296, 297, 298, 299, 300, 301, 302, 303, 304,    │ │
│ │        305, 306, 307,                                                    │ │
│ │        │   │   308, 309, 310, 311, 312, 313, 314, 315, 316, 317, 318,    │ │
│ │        319, 320, 321,                                                    │ │
│ │        │   │   322, 323, 324, 325, 326, 327, 328, 329, 330, 331, 332,    │ │
│ │        333, 334, 335,                                                    │ │
│ │        │   │   336, 337, 338, 339, 340, 341, 342, 343, 344, 345, 346,    │ │
│ │        347, 348, 349,                                                    │ │
│ │        │   │   350, 351, 352, 353, 354, 355, 356, 357, 358, 359, 360,    │ │
│ │        361, 362, 363,                                                    │ │
│ │        │   │   364, 365, 366, 367, 368, 369, 370, 371, 372, 373, 374,    │ │
│ │        375, 376, 377,                                                    │ │
│ │        │   │   378, 379, 380, 381, 382]),                                │ │
│ │        │   │   │   'asym_id': tensor([0, 0, 0, 0, 0, 0, 0, 0, 0, 0, 0,   │ │
│ │        0, 0, 0, 0, 0, 0, 0, 0, 0, 0, 0, 0, 0,                            │ │
│ │        │   │   0, 0, 0, 0, 0, 0, 0, 0, 0, 0, 0, 0, 0, 0, 0, 0, 0, 0, 0,  │ │
│ │        0, 0, 0, 0, 0,                                                    │ │
│ │        │   │   0, 0, 0, 0, 0, 0, 0, 0, 0, 0, 0, 0, 0, 0, 0, 0, 0, 0, 0,  │ │
│ │        0, 0, 0, 0, 0,                                                    │ │
│ │        │   │   0, 0, 0, 0, 0, 0, 0, 0, 0, 0, 0, 0, 0, 0, 0, 0, 0, 0, 0,  │ │
│ │        0, 0, 0, 0, 0,                                                    │ │
│ │        │   │   0, 0, 0, 0, 0, 0, 0, 0, 0, 0, 0, 0, 0, 0, 0, 0, 0, 0, 0,  │ │
│ │        0, 0, 0, 0, 0,                                                    │ │
│ │        │   │   0, 0, 1, 1, 1, 1, 1, 1, 1, 1, 1, 1, 1, 1, 1, 1, 1, 1, 1,  │ │
│ │        1, 1, 1, 1, 1,                                                    │ │
│ │        │   │   1, 1, 1, 1, 1, 1, 1, 1, 1, 1, 1, 1, 1, 1, 1, 1, 1, 1, 1,  │ │
│ │        1, 1, 1, 1, 1,                                                    │ │
│ │        │   │   1, 1, 1, 1, 1, 1, 1, 1, 1, 1, 1, 1, 1, 1, 1, 1, 1, 1, 1,  │ │
│ │        1, 1, 1, 1, 1,                                                    │ │
│ │        │   │   1, 1, 1, 1, 1, 1, 1, 1, 1, 1, 1, 1, 1, 1, 1, 1, 1, 1, 1,  │ │
│ │        1, 1, 1, 1, 1,                                                    │ │
│ │        │   │   1, 1, 1, 1, 1, 1, 1, 1, 1, 1, 1, 1, 1, 1, 1, 1, 1, 1, 1,  │ │
│ │        1, 1, 1, 1, 1,                                                    │ │
│ │        │   │   1, 1, 1, 1, 1, 1, 1, 1, 1, 1, 1, 1, 1, 1, 1, 1, 1, 1, 1,  │ │
│ │        1, 1, 1, 1, 1,                                                    │ │
│ │        │   │   1, 1, 1, 1, 1, 1, 1, 1, 1, 1, 1, 1, 1, 1, 1, 1, 1, 1, 1,  │ │
│ │        1, 1, 1, 1, 1,                                                    │ │
│ │        │   │   1, 1, 1, 2, 2, 2, 2, 2, 2, 2, 2, 2, 2, 2, 2, 2, 2, 2, 2,  │ │
│ │        2, 2, 2, 2, 2,                                                    │ │
│ │        │   │   2, 2, 2, 2, 2, 2, 2, 2, 2, 2, 2, 2, 2, 2, 2, 2, 2, 2, 2,  │ │
│ │        2, 2, 2, 2, 2,                                                    │ │
│ │        │   │   2, 2, 2, 2, 2, 2, 2, 2, 2, 2, 2, 2, 2, 2, 2, 2, 2, 2, 2,  │ │
│ │        2, 2, 2, 2, 2,                                                    │ │
│ │        │   │   2, 2, 2, 2, 2, 2, 2, 2, 2, 2, 2, 2, 2, 2, 2, 2, 2, 2, 2,  │ │
│ │        2, 2, 2, 2]),                                                     │ │
│ │        │   │   │   'entity_id': tensor([0, 0, 0, 0, 0, 0, 0, 0, 0, 0, 0, │ │
│ │        0, 0, 0, 0, 0, 0, 0, 0, 0, 0, 0, 0, 0,                            │ │
│ │        │   │   0, 0, 0, 0, 0, 0, 0, 0, 0, 0, 0, 0, 0, 0, 0, 0, 0, 0, 0,  │ │
│ │        0, 0, 0, 0, 0,                                                    │ │
│ │        │   │   0, 0, 0, 0, 0, 0, 0, 0, 0, 0, 0, 0, 0, 0, 0, 0, 0, 0, 0,  │ │
│ │        0, 0, 0, 0, 0,                                                    │ │
│ │        │   │   0, 0, 0, 0, 0, 0, 0, 0, 0, 0, 0, 0, 0, 0, 0, 0, 0, 0, 0,  │ │
│ │        0, 0, 0, 0, 0,                                                    │ │
│ │        │   │   0, 0, 0, 0, 0, 0, 0, 0, 0, 0, 0, 0, 0, 0, 0, 0, 0, 0, 0,  │ │
│ │        0, 0, 0, 0, 0,                                                    │ │
│ │        │   │   0, 0, 1, 1, 1, 1, 1, 1, 1, 1, 1, 1, 1, 1, 1, 1, 1, 1, 1,  │ │
│ │        1, 1, 1, 1, 1,                                                    │ │
│ │        │   │   1, 1, 1, 1, 1, 1, 1, 1, 1, 1, 1, 1, 1, 1, 1, 1, 1, 1, 1,  │ │
│ │        1, 1, 1, 1, 1,                                                    │ │
│ │        │   │   1, 1, 1, 1, 1, 1, 1, 1, 1, 1, 1, 1, 1, 1, 1, 1, 1, 1, 1,  │ │
│ │        1, 1, 1, 1, 1,                                                    │ │
│ │        │   │   1, 1, 1, 1, 1, 1, 1, 1, 1, 1, 1, 1, 1, 1, 1, 1, 1, 1, 1,  │ │
│ │        1, 1, 1, 1, 1,                                                    │ │
│ │        │   │   1, 1, 1, 1, 1, 1, 1, 1, 1, 1, 1, 1, 1, 1, 1, 1, 1, 1, 1,  │ │
│ │        1, 1, 1, 1, 1,                                                    │ │
│ │        │   │   1, 1, 1, 1, 1, 1, 1, 1, 1, 1, 1, 1, 1, 1, 1, 1, 1, 1, 1,  │ │
│ │        1, 1, 1, 1, 1,                                                    │ │
│ │        │   │   1, 1, 1, 1, 1, 1, 1, 1, 1, 1, 1, 1, 1, 1, 1, 1, 1, 1, 1,  │ │
│ │        1, 1, 1, 1, 1,                                                    │ │
│ │        │   │   1, 1, 1, 2, 2, 2, 2, 2, 2, 2, 2, 2, 2, 2, 2, 2, 2, 2, 2,  │ │
│ │        2, 2, 2, 2, 2,                                                    │ │
│ │        │   │   2, 2, 2, 2, 2, 2, 2, 2, 2, 2, 2, 2, 2, 2, 2, 2, 2, 2, 2,  │ │
│ │        2, 2, 2, 2, 2,                                                    │ │
│ │        │   │   2, 2, 2, 2, 2, 2, 2, 2, 2, 2, 2, 2, 2, 2, 2, 2, 2, 2, 2,  │ │
│ │        2, 2, 2, 2, 2,                                                    │ │
│ │        │   │   2, 2, 2, 2, 2, 2, 2, 2, 2, 2, 2, 2, 2, 2, 2, 2, 2, 2, 2,  │ │
│ │        2, 2, 2, 2]),                                                     │ │
│ │        │   │   │   'sym_id': tensor([0, 0, 0, 0, 0, 0, 0, 0, 0, 0, 0, 0, │ │
│ │        0, 0, 0, 0, 0, 0, 0, 0, 0, 0, 0, 0,                               │ │
│ │        │   │   0, 0, 0, 0, 0, 0, 0, 0, 0, 0, 0, 0, 0, 0, 0, 0, 0, 0, 0,  │ │
│ │        0, 0, 0, 0, 0,                                                    │ │
│ │        │   │   0, 0, 0, 0, 0, 0, 0, 0, 0, 0, 0, 0, 0, 0, 0, 0, 0, 0, 0,  │ │
│ │        0, 0, 0, 0, 0,                                                    │ │
│ │        │   │   0, 0, 0, 0, 0, 0, 0, 0, 0, 0, 0, 0, 0, 0, 0, 0, 0, 0, 0,  │ │
│ │        0, 0, 0, 0, 0,                                                    │ │
│ │        │   │   0, 0, 0, 0, 0, 0, 0, 0, 0, 0, 0, 0, 0, 0, 0, 0, 0, 0, 0,  │ │
│ │        0, 0, 0, 0, 0,                                                    │ │
│ │        │   │   0, 0, 0, 0, 0, 0, 0, 0, 0, 0, 0, 0, 0, 0, 0, 0, 0, 0, 0,  │ │
│ │        0, 0, 0, 0, 0,                                                    │ │
│ │        │   │   0, 0, 0, 0, 0, 0, 0, 0, 0, 0, 0, 0, 0, 0, 0, 0, 0, 0, 0,  │ │
│ │        0, 0, 0, 0, 0,                                                    │ │
│ │        │   │   0, 0, 0, 0, 0, 0, 0, 0, 0, 0, 0, 0, 0, 0, 0, 0, 0, 0, 0,  │ │
│ │        0, 0, 0, 0, 0,                                                    │ │
│ │        │   │   0, 0, 0, 0, 0, 0, 0, 0, 0, 0, 0, 0, 0, 0, 0, 0, 0, 0, 0,  │ │
│ │        0, 0, 0, 0, 0,                                                    │ │
│ │        │   │   0, 0, 0, 0, 0, 0, 0, 0, 0, 0, 0, 0, 0, 0, 0, 0, 0, 0, 0,  │ │
│ │        0, 0, 0, 0, 0,                                                    │ │
│ │        │   │   0, 0, 0, 0, 0, 0, 0, 0, 0, 0, 0, 0, 0, 0, 0, 0, 0, 0, 0,  │ │
│ │        0, 0, 0, 0, 0,                                                    │ │
│ │        │   │   0, 0, 0, 0, 0, 0, 0, 0, 0, 0, 0, 0, 0, 0, 0, 0, 0, 0, 0,  │ │
│ │        0, 0, 0, 0, 0,                                                    │ │
│ │        │   │   0, 0, 0, 0, 0, 0, 0, 0, 0, 0, 0, 0, 0, 0, 0, 0, 0, 0, 0,  │ │
│ │        0, 0, 0, 0, 0,                                                    │ │
│ │        │   │   0, 0, 0, 0, 0, 0, 0, 0, 0, 0, 0, 0, 0, 0, 0, 0, 0, 0, 0,  │ │
│ │        0, 0, 0, 0, 0,                                                    │ │
│ │        │   │   0, 0, 0, 0, 0, 0, 0, 0, 0, 0, 0, 0, 0, 0, 0, 0, 0, 0, 0,  │ │
│ │        0, 0, 0, 0, 0,                                                    │ │
│ │        │   │   0, 0, 0, 0, 0, 0, 0, 0, 0, 0, 0, 0, 0, 0, 0, 0, 0, 0, 0,  │ │
│ │        0, 0, 0, 0],                                                      │ │
│ │        │      dtype=torch.int32),                                        │ │
│ │        │   │   │   'restype': tensor([[0, 0, 0,  ..., 0, 0, 1],          │ │
│ │        │   │   [0, 0, 0,  ..., 0, 0, 1],                                 │ │
│ │        │   │   [0, 0, 0,  ..., 0, 0, 1],                                 │ │
│ │        │   │   ...,                                                      │ │
│ │        │   │   [0, 0, 0,  ..., 0, 0, 0],                                 │ │
│ │        │   │   [0, 0, 0,  ..., 0, 0, 0],                                 │ │
│ │        │   │   [0, 0, 0,  ..., 0, 0, 0]]),                               │ │
│ │        │   │   │   'is_protein': tensor([True, True, True, True, True,   │ │
│ │        True, True, True, True, True, True, True,                         │ │
│ │        │   │   True, True, True, True, True, True, True, True, True,     │ │
│ │        True, True, True,                                                 │ │
│ │        │   │   True, True, True, True, True, True, True, True, True,     │ │
│ │        True, True, True,                                                 │ │
│ │        │   │   True, True, True, True, True, True, True, True, True,     │ │
│ │        True, True, True,                                                 │ │
│ │        │   │   True, True, True, True, True, True, True, True, True,     │ │
│ │        True, True, True,                                                 │ │
│ │        │   │   True, True, True, True, True, True, True, True, True,     │ │
│ │        True, True, True,                                                 │ │
│ │        │   │   True, True, True, True, True, True, True, True, True,     │ │
│ │        True, True, True,                                                 │ │
│ │        │   │   True, True, True, True, True, True, True, True, True,     │ │
│ │        True, True, True,                                                 │ │
│ │        │   │   True, True, True, True, True, True, True, True, True,     │ │
│ │        True, True, True,                                                 │ │
│ │        │   │   True, True, True, True, True, True, True, True, True,     │ │
│ │        True, True, True,                                                 │ │
│ │        │   │   True, True, True, True, True, True, True, True, True,     │ │
│ │        True, True, True,                                                 │ │
│ │        │   │   True, True, True, True, True, True, True, True, True,     │ │
│ │        True, True, True,                                                 │ │
│ │        │   │   True, True, True, True, True, True, True, True, True,     │ │
│ │        True, True, True,                                                 │ │
│ │        │   │   True, True, True, True, True, True, True, True, True,     │ │
│ │        True, True, True,                                                 │ │
│ │        │   │   True, True, True, True, True, True, True, True, True,     │ │
│ │        True, True, True,                                                 │ │
│ │        │   │   True, True, True, True, True, True, True, True, True,     │ │
│ │        True, True, True,                                                 │ │
│ │        │   │   True, True, True, True, True, True, True, True, True,     │ │
│ │        True, True, True,                                                 │ │
│ │        │   │   True, True, True, True, True, True, True, True, True,     │ │
│ │        True, True, True,                                                 │ │
│ │        │   │   True, True, True, True, True, True, True, True, True,     │ │
│ │        True, True, True,                                                 │ │
│ │        │   │   True, True, True, True, True, True, True, True, True,     │ │
│ │        True, True, True,                                                 │ │
│ │        │   │   True, True, True, True, True, True, True, True, True,     │ │
│ │        True, True, True,                                                 │ │
│ │        │   │   True, True, True, True, True, True, True, True, True,     │ │
│ │        True, True, True,                                                 │ │
│ │        │   │   True, True, True, True, True, True, True, True, True,     │ │
│ │        True, True, True,                                                 │ │
│ │        │   │   True, True, True, True, True, True, True, True, True,     │ │
│ │        True, True, True,                                                 │ │
│ │        │   │   True, True, True, True, True, True, True, True, True,     │ │
│ │        True, True, True,                                                 │ │
│ │        │   │   True, True, True, True, True, True, True, True, True,     │ │
│ │        True, True, True,                                                 │ │
│ │        │   │   True, True, True, True, True, True, True, True, True,     │ │
│ │        True, True, True,                                                 │ │
│ │        │   │   True, True, True, True, True, True, True, True, True,     │ │
│ │        True, True, True,                                                 │ │
│ │        │   │   True, True, True, True, True, True, True, True, True,     │ │
│ │        True, True, True,                                                 │ │
│ │        │   │   True, True, True, True, True, True, True, True, True,     │ │
│ │        True, True, True,                                                 │ │
│ │        │   │   True, True, True, True, True, True, True, True, True,     │ │
│ │        True, True, True,                                                 │ │
│ │        │   │   True, True, True, True, True, True, True, True, True,     │ │
│ │        True, True]),                                                     │ │
│ │        │   │   │   'is_rna': tensor([False, False, False, False, False,  │ │
│ │        False, False, False, False, False,                                │ │
│ │        │   │   False, False, False, False, False, False, False, False,   │ │
│ │        False, False,                                                     │ │
│ │        │   │   False, False, False, False, False, False, False, False,   │ │
│ │        False, False,                                                     │ │
│ │        │   │   False, False, False, False, False, False, False, False,   │ │
│ │        False, False,                                                     │ │
│ │        │   │   False, False, False, False, False, False, False, False,   │ │
│ │        False, False,                                                     │ │
│ │        │   │   False, False, False, False, False, False, False, False,   │ │
│ │        False, False,                                                     │ │
│ │        │   │   False, False, False, False, False, False, False, False,   │ │
│ │        False, False,                                                     │ │
│ │        │   │   False, False, False, False, False, False, False, False,   │ │
│ │        False, False,                                                     │ │
│ │        │   │   False, False, False, False, False, False, False, False,   │ │
│ │        False, False,                                                     │ │
│ │        │   │   False, False, False, False, False, False, False, False,   │ │
│ │        False, False,                                                     │ │
│ │        │   │   False, False, False, False, False, False, False, False,   │ │
│ │        False, False,                                                     │ │
│ │        │   │   False, False, False, False, False, False, False, False,   │ │
│ │        False, False,                                                     │ │
│ │        │   │   False, False, False, False, False, False, False, False,   │ │
│ │        False, False,                                                     │ │
│ │        │   │   False, False, False, False, False, False, False, False,   │ │
│ │        False, False,                                                     │ │
│ │        │   │   False, False, False, False, False, False, False, False,   │ │
│ │        False, False,                                                     │ │
│ │        │   │   False, False, False, False, False, False, False, False,   │ │
│ │        False, False,                                                     │ │
│ │        │   │   False, False, False, False, False, False, False, False,   │ │
│ │        False, False,                                                     │ │
│ │        │   │   False, False, False, False, False, False, False, False,   │ │
│ │        False, False,                                                     │ │
│ │        │   │   False, False, False, False, False, False, False, False,   │ │
│ │        False, False,                                                     │ │
│ │        │   │   False, False, False, False, False, False, False, False,   │ │
│ │        False, False,                                                     │ │
│ │        │   │   False, False, False, False, False, False, False, False,   │ │
│ │        False, False,                                                     │ │
│ │        │   │   False, False, False, False, False, False, False, False,   │ │
│ │        False, False,                                                     │ │
│ │        │   │   False, False, False, False, False, False, False, False,   │ │
│ │        False, False,                                                     │ │
│ │        │   │   False, False, False, False, False, False, False, False,   │ │
│ │        False, False,                                                     │ │
│ │        │   │   False, False, False, False, False, False, False, False,   │ │
│ │        False, False,                                                     │ │
│ │        │   │   False, False, False, False, False, False, False, False,   │ │
│ │        False, False,                                                     │ │
│ │        │   │   False, False, False, False, False, False, False, False,   │ │
│ │        False, False,                                                     │ │
│ │        │   │   False, False, False, False, False, False, False, False,   │ │
│ │        False, False,                                                     │ │
│ │        │   │   False, False, False, False, False, False, False, False,   │ │
│ │        False, False,                                                     │ │
│ │        │   │   False, False, False, False, False, False, False, False,   │ │
│ │        False, False,                                                     │ │
│ │        │   │   False, False, False, False, False, False, False, False,   │ │
│ │        False, False,                                                     │ │
│ │        │   │   False, False, False, False, False, False, False, False,   │ │
│ │        False, False,                                                     │ │
│ │        │   │   False, False, False, False, False, False, False, False,   │ │
│ │        False, False,                                                     │ │
│ │        │   │   False, False, False, False, False, False, False, False,   │ │
│ │        False, False,                                                     │ │
│ │        │   │   False, False, False, False, False, False, False, False,   │ │
│ │        False, False,                                                     │ │
│ │        │   │   False, False, False, False, False, False, False, False,   │ │
│ │        False, False,                                                     │ │
│ │        │   │   False, False, False, False, False, False, False, False,   │ │
│ │        False, False,                                                     │ │
│ │        │   │   False, False, False, False, False, False, False, False,   │ │
│ │        False, False,                                                     │ │
│ │        │   │   False, False, False]),                                    │ │
│ │        │   │   │   ... +33                                               │ │
│ │        │   │   },                                                        │ │
│ │        │   │   't': tensor([4.6419, 1.7693]),                            │ │
│ │        │   │   'noise': tensor([[[-7.2211, -1.3798,  2.1308],            │ │
│ │        │   │    [-3.3412,  3.4681,  0.0117],                             │ │
│ │        │   │    [ 7.3602,  3.6625,  3.4436],                             │ │
│ │        │   │    ...,                                                     │ │
│ │        │   │    [ 0.0000,  0.0000,  0.0000],                             │ │
│ │        │   │    [ 0.0000,  0.0000,  0.0000],                             │ │
│ │        │   │    [ 0.0000,  0.0000,  0.0000]],                            │ │
│ │        │   │                                                             │ │
│ │        │   │   [[ 3.1901, -1.9906, -0.9654],                             │ │
│ │        │   │    [-0.9391,  0.8955,  1.6390],                             │ │
│ │        │   │    [ 1.2931,  1.4047,  1.6822],                             │ │
│ │        │   │    ...,                                                     │ │
│ │        │   │    [ 0.0000,  0.0000,  0.0000],                             │ │
│ │        │   │    [ 0.0000,  0.0000,  0.0000],                             │ │
│ │        │   │    [ 0.0000,  0.0000,  0.0000]]]),                          │ │
│ │        │   │   'ground_truth': {                                         │ │
│ │        │   │   │   'is_original_unindexed_token': tensor([False, False,  │ │
│ │        False,  ..., False, False, False]),                               │ │
│ │        │   │   │   'sequence_gt_I': tensor([ 0,  0,  0,  0,  0,  0,  0,  │ │
│ │        0,  0,  0,  0,  0,  0,  0,  0,  0,  0,  0,                        │ │
│ │        │   │    0,  0,  0,  0,  0,  0,  0,  0,  0,  0,  0,  0,  0,  0,   │ │
│ │        0,  0,  0,  0,                                                    │ │
│ │        │   │    0,  0,  0,  0,  0,  0,  0,  0,  0,  0,  0,  0,  0,  0,   │ │
│ │        0,  0,  0,  0,                                                    │ │
│ │        │   │    0,  0,  0,  0,  0,  0,  0,  0,  0,  0,  0,  0,  0,  0,   │ │
│ │        0,  0,  0,  0,                                                    │ │
│ │        │   │    0,  0,  0,  0,  0,  0,  0,  0,  0,  0,  0,  0,  0,  0,   │ │
│ │        0,  0,  0,  0,                                                    │ │
│ │        │   │    0,  0,  0,  0,  0,  0,  0,  0,  0,  0,  0,  0,  0,  0,   │ │
│ │        0,  0,  0,  0,                                                    │ │
│ │        │   │    0,  0,  0,  0,  0,  0,  0,  0,  0,  0,  0,  0,  0,  0,   │ │
│ │        5, 10,  7, 19,                                                    │ │
│ │        │   │   16,  1,  2, 11,  9, 12, 16,  0,  5, 18,  6,  4, 18,  5,   │ │
│ │        11,  9, 12,  5,                                                   │ │
│ │        │   │    0,  0,  0,  0,  0,  0,  0,  0,  0,  0, 18,  4,  2,  1,   │ │
│ │        16, 17,  3,  7,                                                   │ │
│ │        │   │   17, 10,  4, 17,  2,  3, 19,  0,  0,  7, 16,  6, 15, 12,   │ │
│ │        5, 10,  4, 14,                                                    │ │
│ │        │   │    3, 18, 13,  5,  3, 13,  3, 14, 15,  6, 11, 19, 16, 11,   │ │
│ │        9,  4,  3,  0,                                                    │ │
│ │        │   │    0,  0,  2, 17, 13,  1,  8, 14,  0, 15,  2,  1, 16, 17,   │ │
│ │        16,  2, 18, 16,                                                   │ │
│ │        │   │    5,  4,  2, 19,  2, 16,  8,  6, 11, 19, 11, 16,  0, 10,   │ │
│ │        2, 10, 13, 18,                                                    │ │
│ │        │   │   10, 16,  9,  9,  7,  8,  7, 10, 15,  9,  0, 15, 10, 10,   │ │
│ │        9, 15, 10,  7,                                                    │ │
│ │        │   │    9, 13, 13, 18, 13, 11, 15, 10, 15,  4,  5,  1,  9, 16,   │ │
│ │        10,  8, 11,  2,                                                   │ │
│ │        │   │   10, 13, 13, 15, 13, 19,  4,  2, 15, 19, 19, 16,  9,  9,   │ │
│ │        8, 10, 16,  0,                                                    │ │
│ │        │   │   19,  0,  2,  6,  0,  2, 18,  7,  0, 10, 10,  1,  6, 10,   │ │
│ │        4, 10, 16,  5,                                                    │ │
│ │        │   │   13,  5, 19,  3, 12,  6,  0, 19,  7,  6, 16, 10, 17,  4,   │ │
│ │        3, 17,  7,  1,                                                    │ │
│ │        │   │   16,  9,  1, 15, 18,  1,  6, 10,  0,  3,  4, 16, 17,  8,   │ │
│ │        12,  0,  6, 11,                                                   │ │
│ │        │   │   10,  7,  4, 13, 17, 14,  2,  0,  6, 19,  3,  1, 13, 13,   │ │
│ │        10,  0, 19,  8,                                                   │ │
│ │        │   │    7,  1, 18, 13,  1, 15,  4, 14,  9, 15,  7,  1,  0, 19,   │ │
│ │        1,  3, 14, 14,                                                    │ │
│ │        │   │    7, 15,  9, 10, 18]),                                     │ │
│ │        │   │   │   'sequence_valid_mask': tensor([True, True, True,      │ │
│ │        True, True, True, True, True, True, True, True, True,             │ │
│ │        │   │   True, True, True, True, True, True, True, True, True,     │ │
│ │        True, True, True,                                                 │ │
│ │        │   │   True, True, True, True, True, True, True, True, True,     │ │
│ │        True, True, True,                                                 │ │
│ │        │   │   True, True, True, True, True, True, True, True, True,     │ │
│ │        True, True, True,                                                 │ │
│ │        │   │   True, True, True, True, True, True, True, True, True,     │ │
│ │        True, True, True,                                                 │ │
│ │        │   │   True, True, True, True, True, True, True, True, True,     │ │
│ │        True, True, True,                                                 │ │
│ │        │   │   True, True, True, True, True, True, True, True, True,     │ │
│ │        True, True, True,                                                 │ │
│ │        │   │   True, True, True, True, True, True, True, True, True,     │ │
│ │        True, True, True,                                                 │ │
│ │        │   │   True, True, True, True, True, True, True, True, True,     │ │
│ │        True, True, True,                                                 │ │
│ │        │   │   True, True, True, True, True, True, True, True, True,     │ │
│ │        True, True, True,                                                 │ │
│ │        │   │   True, True, True, True, True, True, True, True, True,     │ │
│ │        True, True, True,                                                 │ │
│ │        │   │   True, True, True, True, True, True, True, True, True,     │ │
│ │        True, True, True,                                                 │ │
│ │        │   │   True, True, True, True, True, True, True, True, True,     │ │
│ │        True, True, True,                                                 │ │
│ │        │   │   True, True, True, True, True, True, True, True, True,     │ │
│ │        True, True, True,                                                 │ │
│ │        │   │   True, True, True, True, True, True, True, True, True,     │ │
│ │        True, True, True,                                                 │ │
│ │        │   │   True, True, True, True, True, True, True, True, True,     │ │
│ │        True, True, True,                                                 │ │
│ │        │   │   True, True, True, True, True, True, True, True, True,     │ │
│ │        True, True, True,                                                 │ │
│ │        │   │   True, True, True, True, True, True, True, True, True,     │ │
│ │        True, True, True,                                                 │ │
│ │        │   │   True, True, True, True, True, True, True, True, True,     │ │
│ │        True, True, True,                                                 │ │
│ │        │   │   True, True, True, True, True, True, True, True, True,     │ │
│ │        True, True, True,                                                 │ │
│ │        │   │   True, True, True, True, True, True, True, True, True,     │ │
│ │        True, True, True,                                                 │ │
│ │        │   │   True, True, True, True, True, True, True, True, True,     │ │
│ │        True, True, True,                                                 │ │
│ │        │   │   True, True, True, True, True, True, True, True, True,     │ │
│ │        True, True, True,                                                 │ │
│ │        │   │   True, True, True, True, True, True, True, True, True,     │ │
│ │        True, True, True,                                                 │ │
│ │        │   │   True, True, True, True, True, True, True, True, True,     │ │
│ │        True, True, True,                                                 │ │
│ │        │   │   True, True, True, True, True, True, True, True, True,     │ │
│ │        True, True, True,                                                 │ │
│ │        │   │   True, True, True, True, True, True, True, True, True,     │ │
│ │        True, True, True,                                                 │ │
│ │        │   │   True, True, True, True, True, True, True, True, True,     │ │
│ │        True, True, True,                                                 │ │
│ │        │   │   True, True, True, True, True, True, True, True, True,     │ │
│ │        True, True, True,                                                 │ │
│ │        │   │   True, True, True, True, True, True, True, True, True,     │ │
│ │        True, True, True,                                                 │ │
│ │        │   │   True, True, True, True, True, True, True, True, True,     │ │
│ │        True, True, True,                                                 │ │
│ │        │   │   True, True, True, True, True, True, True, True, True,     │ │
│ │        True, True]),                                                     │ │
│ │        │   │   │   'coord_atom_lvl': tensor([[  0.0000,   0.0000,        │ │
│ │        0.0000],                                                          │ │
│ │        │   │   [  0.0000,   0.0000,   0.0000],                           │ │
│ │        │   │   [  0.0000,   0.0000,   0.0000],                           │ │
│ │        │   │   ...,                                                      │ │
│ │        │   │   [ 22.5891, -15.2505, -29.3064],                           │ │
│ │        │   │   [ 21.4851, -15.5805, -28.5504],                           │ │
│ │        │   │   [ 20.2401, -15.1425, -28.9344]]),                         │ │
│ │        │   │   │   'mask_atom_lvl': tensor([True, True, True,  ...,      │ │
│ │        True, True, True]),                                               │ │
│ │        │   │   │   'chain_iid_token_lvl': array(['A_1', 'A_1', 'A_1',    │ │
│ │        'A_1', 'A_1', 'A_1', 'A_1', 'A_1', 'A_1',                         │ │
│ │        │      'A_1', 'A_1', 'A_1', 'A_1', 'A_1', 'A_1', 'A_1', 'A_1',    │ │
│ │        'A_1',                                                            │ │
│ │        │      'A_1', 'A_1', 'A_1', 'A_1', 'A_1', 'A_1', 'A_1', 'A_1',    │ │
│ │        'A_1',                                                            │ │
│ │        │      'A_1', 'A_1', 'A_1', 'A_1', 'A_1', 'A_1', 'A_1', 'A_1',    │ │
│ │        'A_1',                                                            │ │
│ │        │      'A_1', 'A_1', 'A_1', 'A_1', 'A_1', 'A_1', 'A_1', 'A_1',    │ │
│ │        'A_1',                                                            │ │
│ │        │      'A_1', 'A_1', 'A_1', 'A_1', 'A_1', 'A_1', 'A_1', 'A_1',    │ │
│ │        'A_1',                                                            │ │
│ │        │      'A_1', 'A_1', 'A_1', 'A_1', 'A_1', 'A_1', 'A_1', 'A_1',    │ │
│ │        'A_1',                                                            │ │
│ │        │      'A_1', 'A_1', 'A_1', 'A_1', 'A_1', 'A_1', 'A_1', 'A_1',    │ │
│ │        'A_1',                                                            │ │
│ │        │      'A_1', 'A_1', 'A_1', 'A_1', 'A_1', 'A_1', 'A_1', 'A_1',    │ │
│ │        'A_1',                                                            │ │
│ │        │      'A_1', 'A_1', 'A_1', 'A_1', 'A_1', 'A_1', 'A_1', 'A_1',    │ │
│ │        'A_1',                                                            │ │
│ │        │      'A_1', 'A_1', 'A_1', 'A_1', 'A_1', 'A_1', 'A_1', 'A_1',    │ │
│ │        'A_1',                                                            │ │
│ │        │      'A_1', 'A_1', 'A_1', 'A_1', 'A_1', 'A_1', 'A_1', 'A_1',    │ │
│ │        'A_1',                                                            │ │
│ │        │      'A_1', 'A_1', 'A_1', 'A_1', 'A_1', 'A_1', 'A_1', 'A_1',    │ │
│ │        'A_1',                                                            │ │
│ │        │      'A_1', 'A_1', 'A_1', 'A_1', 'A_1', 'B_1', 'B_1', 'B_1',    │ │
│ │        'B_1',                                                            │ │
│ │        │      'B_1', 'B_1', 'B_1', 'B_1', 'B_1', 'B_1', 'B_1', 'B_1',    │ │
│ │        'B_1',                                                            │ │
│ │        │      'B_1', 'B_1', 'B_1', 'B_1', 'B_1', 'B_1', 'B_1', 'B_1',    │ │
│ │        'B_1',                                                            │ │
│ │        │      'B_1', 'B_1', 'B_1', 'B_1', 'B_1', 'B_1', 'B_1', 'B_1',    │ │
│ │        'B_1',                                                            │ │
│ │        │      'B_1', 'B_1', 'B_1', 'B_1', 'B_1', 'B_1', 'B_1', 'B_1',    │ │
│ │        'B_1',                                                            │ │
│ │        │      'B_1', 'B_1', 'B_1', 'B_1', 'B_1', 'B_1', 'B_1', 'B_1',    │ │
│ │        'B_1',                                                            │ │
│ │        │      'B_1', 'B_1', 'B_1', 'B_1', 'B_1', 'B_1', 'B_1', 'B_1',    │ │
│ │        'B_1',                                                            │ │
│ │        │      'B_1', 'B_1', 'B_1', 'B_1', 'B_1', 'B_1', 'B_1', 'B_1',    │ │
│ │        'B_1',                                                            │ │
│ │        │      'B_1', 'B_1', 'B_1', 'B_1', 'B_1', 'B_1', 'B_1', 'B_1',    │ │
│ │        'B_1',                                                            │ │
│ │        │      'B_1', 'B_1', 'B_1', 'B_1', 'B_1', 'B_1', 'B_1', 'B_1',    │ │
│ │        'B_1',                                                            │ │
│ │        │      'B_1', 'B_1', 'B_1', 'B_1', 'B_1', 'B_1', 'B_1', 'B_1',    │ │
│ │        'B_1',                                                            │ │
│ │        │      'B_1', 'B_1', 'B_1', 'B_1', 'B_1', 'B_1', 'B_1', 'B_1',    │ │
│ │        'B_1',                                                            │ │
│ │        │      'B_1', 'B_1', 'B_1', 'B_1', 'B_1', 'B_1', 'B_1', 'B_1',    │ │
│ │        'B_1',                                                            │ │
│ │        │      'B_1', 'B_1', 'B_1', 'B_1', 'B_1', 'B_1', 'B_1', 'B_1',    │ │
│ │        'B_1',                                                            │ │
│ │        │      'B_1', 'B_1', 'B_1', 'B_1', 'B_1', 'B_1', 'B_1', 'B_1',    │ │
│ │        'B_1',                                                            │ │
│ │        │      'B_1', 'B_1', 'B_1', 'B_1', 'B_1', 'B_1', 'B_1', 'B_1',    │ │
│ │        'B_1',                                                            │ │
│ │        │      'B_1', 'B_1', 'B_1', 'B_1', 'B_1', 'B_1', 'B_1', 'B_1',    │ │
│ │        'B_1',                                                            │ │
│ │        │      'B_1', 'B_1', 'B_1', 'B_1', 'B_1', 'B_1', 'B_1', 'B_1',    │ │
│ │        'B_1',                                                            │ │
│ │        │      'B_1', 'B_1', 'B_1', 'B_1', 'B_1', 'B_1', 'B_1', 'B_1',    │ │
│ │        'B_1',                                                            │ │
│ │        │      'B_1', 'B_1', 'B_1', 'C_1', 'C_1', 'C_1', 'C_1', 'C_1',    │ │
│ │        'C_1',                                                            │ │
│ │        │      'C_1', 'C_1', 'C_1', 'C_1', 'C_1', 'C_1', 'C_1', 'C_1',    │ │
│ │        'C_1',                                                            │ │
│ │        │      'C_1', 'C_1', 'C_1', 'C_1', 'C_1', 'C_1', 'C_1', 'C_1',    │ │
│ │        'C_1',                                                            │ │
│ │        │      'C_1', 'C_1', 'C_1', 'C_1', 'C_1', 'C_1', 'C_1', 'C_1',    │ │
│ │        'C_1',                                                            │ │
│ │        │      'C_1', 'C_1', 'C_1', 'C_1', 'C_1', 'C_1', 'C_1', 'C_1',    │ │
│ │        'C_1',                                                            │ │
│ │        │      'C_1', 'C_1', 'C_1', 'C_1', 'C_1', 'C_1', 'C_1', 'C_1',    │ │
│ │        'C_1',                                                            │ │
│ │        │      'C_1', 'C_1', 'C_1', 'C_1', 'C_1', 'C_1', 'C_1', 'C_1',    │ │
│ │        'C_1',                                                            │ │
│ │        │      'C_1', 'C_1', 'C_1', 'C_1', 'C_1', 'C_1', 'C_1', 'C_1',    │ │
│ │        'C_1',                                                            │ │
│ │        │      'C_1', 'C_1', 'C_1', 'C_1', 'C_1', 'C_1', 'C_1', 'C_1',    │ │
│ │        'C_1',                                                            │ │
│ │        │      'C_1', 'C_1', 'C_1', 'C_1', 'C_1', 'C_1', 'C_1', 'C_1',    │ │
│ │        'C_1',                                                            │ │
│ │        │      'C_1', 'C_1', 'C_1', 'C_1', 'C_1'], dtype='<U3')           │ │
│ │        │   │   },                                                        │ │
│ │        │   │   'coord_atom_lvl_to_be_noised': tensor([[[  0.0000,        │ │
│ │        0.0000,   0.0000],                                                │ │
│ │        │   │    [  0.0000,   0.0000,   0.0000],                          │ │
│ │        │   │    [  0.0000,   0.0000,   0.0000],                          │ │
│ │        │   │    ...,                                                     │ │
│ │        │   │    [ 22.5891, -15.2505, -29.3064],                          │ │
│ │        │   │    [ 21.4851, -15.5805, -28.5504],                          │ │
│ │        │   │    [ 20.2401, -15.1425, -28.9344]],                         │ │
│ │        │   │                                                             │ │
│ │        │   │   [[  0.0000,   0.0000,   0.0000],                          │ │
│ │        │   │    [  0.0000,   0.0000,   0.0000],                          │ │
│ │        │   │    [  0.0000,   0.0000,   0.0000],                          │ │
│ │        │   │    ...,                                                     │ │
│ │        │   │    [ 22.5891, -15.2505, -29.3064],                          │ │
│ │        │   │    [ 21.4851, -15.5805, -28.5504],                          │ │
│ │        │   │    [ 20.2401, -15.1425, -28.9344]]]),                       │ │
│ │        │   │   'sampled_condition_name': None,                           │ │
│ │        │   │   'atom_array': AtomArray([                                 │ │
│ │        │   │   Atom(np.array([0., 0., 0.], dtype=float32), chain_id="A", │ │
│ │        res_id=1, ins_code="", res_name="UNK", hetero=False,              │ │
│ │        atom_name="N", element="N",                                       │ │
│ │        is_motif_atom_unindexed_motif_breakpoint=False, orig_res_id=1,    │ │
│ │        is_atom_level_hotspot=0, charge=0.0, chain_type=6, is_rna=False,  │ │
│ │        pn_unit_entity=0, within_chain_res_idx=0,                         │ │
│ │        is_non_loopy_atom_level=0, is_motif_atom_with_fixed_seq=False,    │ │
│ │        atomize=False, is_covalent_modification=False, active_donor=0,    │ │
│ │        src_component="122", is_residue=True, active_acceptor=0,          │ │
│ │        is_N_terminus=True, molecule_id=0, ref_plddt=1,                   │ │
│ │        is_motif_atom_unindexed=False, token_id=0, pn_unit_iid="A_1",     │ │
│ │        is_motif_atom_with_fixed_coord=False, within_poly_res_idx=0,      │ │
│ │        molecule_entity=0, is_protein=True, label_entity_id=1,            │ │
│ │        is_ligand=False, is_polymer=True, is_C_terminus=False,            │ │
│ │        is_non_loopy=0, chain_entity=0, is_dna=False, b_factor=0.0,       │ │
│ │        occupancy=1.0, atomic_number=7, chain_iid="A_1", atom_id=0,       │ │
│ │        pn_unit_id="A", gt_atom_name="N", is_backbone=True,               │ │
│ │        is_sidechain=False, coord_to_be_noised=[0. 0. 0.]),               │ │
│ │        │   │   Atom(np.array([0., 0., 0.], dtype=float32), chain_id="A", │ │
│ │        res_id=1, ins_code="", res_name="UNK", hetero=False,              │ │
│ │        atom_name="CA", element="C",                                      │ │
│ │        is_motif_atom_unindexed_motif_breakpoint=False, orig_res_id=1,    │ │
│ │        is_atom_level_hotspot=0, charge=0.0, chain_type=6, is_rna=False,  │ │
│ │        pn_unit_entity=0, within_chain_res_idx=0,                         │ │
│ │        is_non_loopy_atom_level=0, is_motif_atom_with_fixed_seq=False,    │ │
│ │        atomize=False, is_covalent_modification=False, active_donor=0,    │ │
│ │        src_component="122", is_residue=True, active_acceptor=0,          │ │
│ │        is_N_terminus=True, molecule_id=0, ref_plddt=1,                   │ │
│ │        is_motif_atom_unindexed=False, token_id=0, pn_unit_iid="A_1",     │ │
│ │        is_motif_atom_with_fixed_coord=False, within_poly_res_idx=0,      │ │
│ │        molecule_entity=0, is_protein=True, label_entity_id=1,            │ │
│ │        is_ligand=False, is_polymer=True, is_C_terminus=False,            │ │
│ │        is_non_loopy=0, chain_entity=0, is_dna=False, b_factor=0.0,       │ │
│ │        occupancy=1.0, atomic_number=6, chain_iid="A_1", atom_id=1,       │ │
│ │        pn_unit_id="A", gt_atom_name="CA", is_backbone=True,              │ │
│ │        is_sidechain=False, coord_to_be_noised=[0. 0. 0.]),               │ │
│ │        │   │   Atom(np.array([0., 0., 0.], dtype=float32), chain_id="A", │ │
│ │        res_id=1, ins_code="", res_name="UNK", hetero=False,              │ │
│ │        atom_name="C", element="C",                                       │ │
│ │        is_motif_atom_unindexed_motif_breakpoint=False, orig_res_id=1,    │ │
│ │        is_atom_level_hotspot=0, charge=0.0, chain_type=6, is_rna=False,  │ │
│ │        pn_unit_entity=0, within_chain_res_idx=0,                         │ │
│ │        is_non_loopy_atom_level=0, is_motif_atom_with_fixed_seq=False,    │ │
│ │        atomize=False, is_covalent_modification=False, active_donor=0,    │ │
│ │        src_component="122", is_residue=True, active_acceptor=0,          │ │
│ │        is_N_terminus=True, molecule_id=0, ref_plddt=1,                   │ │
│ │        is_motif_atom_unindexed=False, token_id=0, pn_unit_iid="A_1",     │ │
│ │        is_motif_atom_with_fixed_coord=False, within_poly_res_idx=0,      │ │
│ │        molecule_entity=0, is_protein=True, label_entity_id=1,            │ │
│ │        is_ligand=False, is_polymer=True, is_C_terminus=False,            │ │
│ │        is_non_loopy=0, chain_entity=0, is_dna=False, b_factor=0.0,       │ │
│ │        occupancy=1.0, atomic_number=6, chain_iid="A_1", atom_id=2,       │ │
│ │        pn_unit_id="A", gt_atom_name="C", is_backbone=True,               │ │
│ │        is_sidechain=False, coord_to_be_noised=[0. 0. 0.]),               │ │
│ │        │   │   Atom(np.array([0., 0., 0.], dtype=float32), chain_id="A", │ │
│ │        res_id=1, ins_code="", res_name="UNK", hetero=False,              │ │
│ │        atom_name="O", element="O",                                       │ │
│ │        is_motif_atom_unindexed_motif_breakpoint=False, orig_res_id=1,    │ │
│ │        is_atom_level_hotspot=0, charge=0.0, chain_type=6, is_rna=False,  │ │
│ │        pn_unit_entity=0, within_chain_res_idx=0,                         │ │
│ │        is_non_loopy_atom_level=0, is_motif_atom_with_fixed_seq=False,    │ │
│ │        atomize=False, is_covalent_modification=False, active_donor=0,    │ │
│ │        src_component="122", is_residue=True, active_acceptor=0,          │ │
│ │        is_N_terminus=True, molecule_id=0, ref_plddt=1,                   │ │
│ │        is_motif_atom_unindexed=False, token_id=0, pn_unit_iid="A_1",     │ │
│ │        is_motif_atom_with_fixed_coord=False, within_poly_res_idx=0,      │ │
│ │        molecule_entity=0, is_protein=True, label_entity_id=1,            │ │
│ │        is_ligand=False, is_polymer=True, is_C_terminus=False,            │ │
│ │        is_non_loopy=0, chain_entity=0, is_dna=False, b_factor=0.0,       │ │
│ │        occupancy=1.0, atomic_number=8, chain_iid="A_1", atom_id=3,       │ │
│ │        pn_unit_id="A", gt_atom_name="O", is_backbone=True,               │ │
│ │        is_sidechain=False, coord_to_be_noised=[0. 0. 0.]),               │ │
│ │        │   │   Atom(np.array([0., 0., 0.], dtype=float32), chain_id="A", │ │
│ │        res_id=1, ins_code="", res_name="UNK", hetero=False,              │ │
│ │        atom_name="CB", element="C",                                      │ │
│ │        is_motif_atom_unindexed_motif_breakpoint=False, orig_res_id=1,    │ │
│ │        is_atom_level_hotspot=0, charge=0.0, chain_type=6, is_rna=False,  │ │
│ │        pn_unit_entity=0, within_chain_res_idx=0,                         │ │
│ │        is_non_loopy_atom_level=0, is_motif_atom_with_fixed_seq=False,    │ │
│ │        atomize=False, is_covalent_modification=False, active_donor=0,    │ │
│ │        src_component="122", is_residue=True, active_acceptor=0,          │ │
│ │        is_N_terminus=True, molecule_id=0, ref_plddt=1,                   │ │
│ │        is_motif_atom_unindexed=False, token_id=0, pn_unit_iid="A_1",     │ │
│ │        is_motif_atom_with_fixed_coord=False, within_poly_res_idx=0,      │ │
│ │        molecule_entity=0, is_protein=True, label_entity_id=1,            │ │
│ │        is_ligand=False, is_polymer=True, is_C_terminus=False,            │ │
│ │        is_non_loopy=0, chain_entity=0, is_dna=False, b_factor=0.0,       │ │
│ │        occupancy=1.0, atomic_number=6, chain_iid="A_1", atom_id=4,       │ │
│ │        pn_unit_id="A", gt_atom_name="CB", is_backbone=False,             │ │
│ │        is_sidechain=True, coord_to_be_noised=[0. 0. 0.]),                │ │
│ │        │   │   Atom(np.array([0., 0., 0.], dtype=float32), chain_id="A", │ │
│ │        res_id=1, ins_code="", res_name="UNK", hetero=False,              │ │
│ │        atom_name="V0", element="VX",                                     │ │
│ │        is_motif_atom_unindexed_motif_breakpoint=False, orig_res_id=1,    │ │
│ │        is_atom_level_hotspot=0, charge=0.0, chain_type=6, is_rna=False,  │ │
│ │        pn_unit_entity=0, within_chain_res_idx=0,                         │ │
│ │        is_non_loopy_atom_level=0, is_motif_atom_with_fixed_seq=False,    │ │
│ │        atomize=False, is_covalent_modification=False, active_donor=0,    │ │
│ │        src_component="122", is_residue=True, active_acceptor=0,          │ │
│ │        is_N_terminus=True, molecule_id=0, ref_plddt=1,                   │ │
│ │        is_motif_atom_unindexed=False, token_id=0, pn_unit_iid="A_1",     │ │
│ │        is_motif_atom_with_fixed_coord=False, within_poly_res_idx=0,      │ │
│ │        molecule_entity=0, is_protein=True, label_entity_id=1,            │ │
│ │        is_ligand=False, is_polymer=True, is_C_terminus=False,            │ │
│ │        is_non_loopy=0, chain_entity=0, is_dna=False, b_factor=0.0,       │ │
│ │        occupancy=1.0, atomic_number=6, chain_iid="A_1", atom_id=4,       │ │
│ │        pn_unit_id="A", gt_atom_name="V0", is_backbone=False,             │ │
│ │        is_sidechain=True, coord_to_be_noised=[0. 0. 0.]),                │ │
│ │        │   │   Atom(np.array([0., 0., 0.], dtype=float32), chain_id="A", │ │
│ │        res_id=1, ins_code="", res_name="UNK", hetero=False,              │ │
│ │        atom_name="V1", element="VX",                                     │ │
│ │        is_motif_atom_unindexed_motif_breakpoint=False, orig_res_id=1,    │ │
│ │        is_atom_level_hotspot=0, charge=0.0, chain_type=6, is_rna=False,  │ │
│ │        pn_unit_entity=0, within_chain_res_idx=0,                         │ │
│ │        is_non_loopy_atom_level=0, is_motif_atom_with_fixed_seq=False,    │ │
│ │        atomize=False, is_covalent_modification=False, active_donor=0,    │ │
│ │        src_component="122", is_residue=True, active_acceptor=0,          │ │
│ │        is_N_terminus=True, molecule_id=0, ref_plddt=1,                   │ │
│ │        is_motif_atom_unindexed=False, token_id=0, pn_unit_iid="A_1",     │ │
│ │        is_motif_atom_with_fixed_coord=False, within_poly_res_idx=0,      │ │
│ │        molecule_entity=0, is_protein=True, label_entity_id=1,            │ │
│ │        is_ligand=False, is_polymer=True, is_C_terminus=False,            │ │
│ │        is_non_loopy=0, chain_entity=0, is_dna=False, b_factor=0.0,       │ │
│ │        occupancy=1.0, atomic_number=6, chain_iid="A_1", atom_id=4,       │ │
│ │        pn_unit_id="A", gt_atom_name="V1", is_backbone=False,             │ │
│ │        is_sidechain=True, coord_to_be_noised=[0. 0. 0.]),                │ │
│ │        │   │   Atom(np.array([0., 0., 0.], dtype=float32), chain_id="A", │ │
│ │        res_id=1, ins_code="", res_name="UNK", hetero=False,              │ │
│ │        atom_name="V2", element="VX",                                     │ │
│ │        is_motif_atom_unindexed_motif_breakpoint=False, orig_res_id=1,    │ │
│ │        is_atom_level_hotspot=0, charge=0.0, chain_type=6, is_rna=False,  │ │
│ │        pn_unit_entity=0, within_chain_res_idx=0,                         │ │
│ │        is_non_loopy_atom_level=0, is_motif_atom_with_fixed_seq=False,    │ │
│ │        atomize=False, is_covalent_modification=False, active_donor=0,    │ │
│ │        src_component="122", is_residue=True, active_acceptor=0,          │ │
│ │        is_N_terminus=True, molecule_id=0, ref_plddt=1,                   │ │
│ │        is_motif_atom_unindexed=False, token_id=0, pn_unit_iid="A_1",     │ │
│ │        is_motif_atom_with_fixed_coord=False, within_poly_res_idx=0,      │ │
│ │        molecule_entity=0, is_protein=True, label_entity_id=1,            │ │
│ │        is_ligand=False, is_polymer=True, is_C_terminus=False,            │ │
│ │        is_non_loopy=0, chain_entity=0, is_dna=False, b_factor=0.0,       │ │
│ │        occupancy=1.0, atomic_number=6, chain_iid="A_1", atom_id=4,       │ │
│ │        pn_unit_id="A", gt_atom_name="V2", is_backbone=False,             │ │
│ │        is_sidechain=True, coord_to_be_noised=[0. 0. 0.]),                │ │
│ │        │   │   Atom(np.array([0., 0., 0.], dtype=float32), chain_id="A", │ │
│ │        res_id=1, ins_code="", res_name="UNK", hetero=False,              │ │
│ │        atom_name="V3", element="VX",                                     │ │
│ │        is_motif_atom_unindexed_motif_breakpoint=False, orig_res_id=1,    │ │
│ │        is_atom_level_hotspot=0, charge=0.0, chain_type=6, is_rna=False,  │ │
│ │        pn_unit_entity=0, within_chain_res_idx=0,                         │ │
│ │        is_non_loopy_atom_level=0, is_motif_atom_with_fixed_seq=False,    │ │
│ │        atomize=False, is_covalent_modification=False, active_donor=0,    │ │
│ │        src_component="122", is_residue=True, active_acceptor=0,          │ │
│ │        is_N_terminus=True, molecule_id=0, ref_plddt=1,                   │ │
│ │        is_motif_atom_unindexed=False, token_id=0, pn_unit_iid="A_1",     │ │
│ │        is_motif_atom_with_fixed_coord=False, within_poly_res_idx=0,      │ │
│ │        molecule_entity=0, is_protein=True, label_entity_id=1,            │ │
│ │        is_ligand=False, is_polymer=True, is_C_terminus=False,            │ │
│ │        is_non_loopy=0, chain_entity=0, is_dna=False, b_factor=0.0,       │ │
│ │        occupancy=1.0, atomic_number=6, chain_iid="A_1", atom_id=4,       │ │
│ │        pn_unit_id="A", gt_atom_name="V3", is_backbone=False,             │ │
│ │        is_sidechain=True, coord_to_be_noised=[0. 0. 0.]),                │ │
│ │        │   │   Atom(np.array([0., 0., 0.], dtype=float32), chain_id="A", │ │
│ │        res_id=1, ins_code="", res_name="UNK", hetero=False,              │ │
│ │        atom_name="V4", element="VX",                                     │ │
│ │        is_motif_atom_unindexed_motif_breakpoint=False, orig_res_id=1,    │ │
│ │        is_atom_level_hotspot=0, charge=0.0, chain_type=6, is_rna=False,  │ │
│ │        pn_unit_entity=0, within_chain_res_idx=0,                         │ │
│ │        is_non_loopy_atom_level=0, is_motif_atom_with_fixed_seq=False,    │ │
│ │        atomize=False, is_covalent_modification=False, active_donor=0,    │ │
│ │        src_component="122", is_residue=True, active_acceptor=0,          │ │
│ │        is_N_terminus=True, molecule_id=0, ref_plddt=1,                   │ │
│ │        is_motif_atom_unindexed=False, token_id=0, pn_unit_iid="A_1",     │ │
│ │        is_motif_atom_with_fixed_coord=False, within_poly_res_idx=0,      │ │
│ │        molecule_entity=0, is_protein=True, label_entity_id=1,            │ │
│ │        is_ligand=False, is_polymer=True, is_C_terminus=False,            │ │
│ │        is_non_loopy=0, chain_entity=0, is_dna=False, b_factor=0.0,       │ │
│ │        occupancy=1.0, atomic_number=6, chain_iid="A_1", atom_id=4,       │ │
│ │        pn_unit_id="A", gt_atom_name="V4", is_backbone=False,             │ │
│ │        is_sidechain=True, coord_to_be_noised=[0. 0. 0.])                 │ │
│ │        │   │   ... (3879 not shown) ...,                                 │ │
│ │        │   │   Atom(np.array([ 26.650063, -18.36451 , -25.717377],       │ │
│ │        dtype=float32), chain_id="C", res_id=92, ins_code="",             │ │
│ │        res_name="TYR", hetero=False, atom_name="C", element="C",         │ │
│ │        is_motif_atom_unindexed_motif_breakpoint=False, orig_res_id=92,   │ │
│ │        is_atom_level_hotspot=0, charge=0.0, chain_type=6, is_rna=False,  │ │
│ │        pn_unit_entity=2, within_chain_res_idx=91,                        │ │
│ │        is_non_loopy_atom_level=0, is_motif_atom_with_fixed_seq=True,     │ │
│ │        atomize=False, is_covalent_modification=False, active_donor=0,    │ │
│ │        src_component="C120", is_residue=True, active_acceptor=0,         │ │
│ │        is_N_terminus=False, molecule_id=2, ref_plddt=1,                  │ │
│ │        is_motif_atom_unindexed=False, token_id=382, pn_unit_iid="C_1",   │ │
│ │        is_motif_atom_with_fixed_coord=True, within_poly_res_idx=91,      │ │
│ │        molecule_entity=2, is_protein=True, label_entity_id=3,            │ │
│ │        is_ligand=False, is_polymer=True, is_C_terminus=True,             │ │
│ │        is_non_loopy=0, chain_entity=2, is_dna=False, b_factor=159.24,    │ │
│ │        occupancy=1.0, atomic_number=6, chain_iid="C_1", atom_id=2675,    │ │
│ │        pn_unit_id="C", gt_atom_name="C", is_backbone=True,               │ │
│ │        is_sidechain=False, coord_to_be_noised=[ 26.650063 -18.36451      │ │
│ │        -25.717377]),                                                     │ │
│ │        │   │   Atom(np.array([ 26.446068, -19.58451 , -25.836372],       │ │
│ │        dtype=float32), chain_id="C", res_id=92, ins_code="",             │ │
│ │        res_name="TYR", hetero=False, atom_name="O", element="O",         │ │
│ │        is_motif_atom_unindexed_motif_breakpoint=False, orig_res_id=92,   │ │
│ │        is_atom_level_hotspot=0, charge=0.0, chain_type=6, is_rna=False,  │ │
│ │        pn_unit_entity=2, within_chain_res_idx=91,                        │ │
│ │        is_non_loopy_atom_level=0, is_motif_atom_with_fixed_seq=True,     │ │
│ │        atomize=False, is_covalent_modification=False, active_donor=0,    │ │
│ │        src_component="C120", is_residue=True, active_acceptor=0,         │ │
│ │        is_N_terminus=False, molecule_id=2, ref_plddt=1,                  │ │
│ │        is_motif_atom_unindexed=False, token_id=382, pn_unit_iid="C_1",   │ │
│ │        is_motif_atom_with_fixed_coord=True, within_poly_res_idx=91,      │ │
│ │        molecule_entity=2, is_protein=True, label_entity_id=3,            │ │
│ │        is_ligand=False, is_polymer=True, is_C_terminus=True,             │ │
│ │        is_non_loopy=0, chain_entity=2, is_dna=False, b_factor=159.24,    │ │
│ │        occupancy=1.0, atomic_number=8, chain_iid="C_1", atom_id=2676,    │ │
│ │        pn_unit_id="C", gt_atom_name="O", is_backbone=True,               │ │
│ │        is_sidechain=False, coord_to_be_noised=[ 26.446068 -19.58451      │ │
│ │        -25.836372]),                                                     │ │
│ │        │   │   Atom(np.array([ 25.365067, -16.946518, -27.356377],       │ │
│ │        dtype=float32), chain_id="C", res_id=92, ins_code="",             │ │
│ │        res_name="TYR", hetero=False, atom_name="CB", element="C",        │ │
│ │        is_motif_atom_unindexed_motif_breakpoint=False, orig_res_id=92,   │ │
│ │        is_atom_level_hotspot=0, charge=0.0, chain_type=6, is_rna=False,  │ │
│ │        pn_unit_entity=2, within_chain_res_idx=91,                        │ │
│ │        is_non_loopy_atom_level=0, is_motif_atom_with_fixed_seq=True,     │ │
│ │        atomize=False, is_covalent_modification=False, active_donor=0,    │ │
│ │        src_component="C120", is_residue=True, active_acceptor=0,         │ │
│ │        is_N_terminus=False, molecule_id=2, ref_plddt=1,                  │ │
│ │        is_motif_atom_unindexed=False, token_id=382, pn_unit_iid="C_1",   │ │
│ │        is_motif_atom_with_fixed_coord=True, within_poly_res_idx=91,      │ │
│ │        molecule_entity=2, is_protein=True, label_entity_id=3,            │ │
│ │        is_ligand=False, is_polymer=True, is_C_terminus=True,             │ │
│ │        is_non_loopy=0, chain_entity=2, is_dna=False, b_factor=159.24,    │ │
│ │        occupancy=1.0, atomic_number=6, chain_iid="C_1", atom_id=2677,    │ │
│ │        pn_unit_id="C", gt_atom_name="CB", is_backbone=False,             │ │
│ │        is_sidechain=True, coord_to_be_noised=[ 25.365067 -16.946518      │ │
│ │        -27.356377]),                                                     │ │
│ │        │   │   Atom(np.array([ 23.998062, -16.463516, -27.772377],       │ │
│ │        dtype=float32), chain_id="C", res_id=92, ins_code="",             │ │
│ │        res_name="TYR", hetero=False, atom_name="V0", element="C",        │ │
│ │        is_motif_atom_unindexed_motif_breakpoint=False, orig_res_id=92,   │ │
│ │        is_atom_level_hotspot=0, charge=0.0, chain_type=6, is_rna=False,  │ │
│ │        pn_unit_entity=2, within_chain_res_idx=91,                        │ │
│ │        is_non_loopy_atom_level=0, is_motif_atom_with_fixed_seq=True,     │ │
│ │        atomize=False, is_covalent_modification=False, active_donor=0,    │ │
│ │        src_component="C120", is_residue=True, active_acceptor=0,         │ │
│ │        is_N_terminus=False, molecule_id=2, ref_plddt=1,                  │ │
│ │        is_motif_atom_unindexed=False, token_id=382, pn_unit_iid="C_1",   │ │
│ │        is_motif_atom_with_fixed_coord=True, within_poly_res_idx=91,      │ │
│ │        molecule_entity=2, is_protein=True, label_entity_id=3,            │ │
│ │        is_ligand=False, is_polymer=True, is_C_terminus=True,             │ │
│ │        is_non_loopy=0, chain_entity=2, is_dna=False, b_factor=159.24,    │ │
│ │        occupancy=1.0, atomic_number=6, chain_iid="C_1", atom_id=2678,    │ │
│ │        pn_unit_id="C", gt_atom_name="CG", is_backbone=False,             │ │
│ │        is_sidechain=True, coord_to_be_noised=[ 23.998062 -16.463516      │ │
│ │        -27.772377]),                                                     │ │
│ │        │   │   Atom(np.array([ 22.870064, -16.782516, -27.029373],       │ │
│ │        dtype=float32), chain_id="C", res_id=92, ins_code="",             │ │
│ │        res_name="TYR", hetero=False, atom_name="V1", element="C",        │ │
│ │        is_motif_atom_unindexed_motif_breakpoint=False, orig_res_id=92,   │ │
│ │        is_atom_level_hotspot=0, charge=0.0, chain_type=6, is_rna=False,  │ │
│ │        pn_unit_entity=2, within_chain_res_idx=91,                        │ │
│ │        is_non_loopy_atom_level=0, is_motif_atom_with_fixed_seq=True,     │ │
│ │        atomize=False, is_covalent_modification=False, active_donor=0,    │ │
│ │        src_component="C120", is_residue=True, active_acceptor=0,         │ │
│ │        is_N_terminus=False, molecule_id=2, ref_plddt=1,                  │ │
│ │        is_motif_atom_unindexed=False, token_id=382, pn_unit_iid="C_1",   │ │
│ │        is_motif_atom_with_fixed_coord=True, within_poly_res_idx=91,      │ │
│ │        molecule_entity=2, is_protein=True, label_entity_id=3,            │ │
│ │        is_ligand=False, is_polymer=True, is_C_terminus=True,             │ │
│ │        is_non_loopy=0, chain_entity=2, is_dna=False, b_factor=159.24,    │ │
│ │        occupancy=1.0, atomic_number=6, chain_iid="C_1", atom_id=2679,    │ │
│ │        pn_unit_id="C", gt_atom_name="CD1", is_backbone=False,            │ │
│ │        is_sidechain=True, coord_to_be_noised=[ 22.870064 -16.782516      │ │
│ │        -27.029373]),                                                     │ │
│ │        │   │   Atom(np.array([ 23.835068, -15.692505, -28.915375],       │ │
│ │        dtype=float32), chain_id="C", res_id=92, ins_code="",             │ │
│ │        res_name="TYR", hetero=False, atom_name="V2", element="C",        │ │
│ │        is_motif_atom_unindexed_motif_breakpoint=False, orig_res_id=92,   │ │
│ │        is_atom_level_hotspot=0, charge=0.0, chain_type=6, is_rna=False,  │ │
│ │        pn_unit_entity=2, within_chain_res_idx=91,                        │ │
│ │        is_non_loopy_atom_level=0, is_motif_atom_with_fixed_seq=True,     │ │
│ │        atomize=False, is_covalent_modification=False, active_donor=0,    │ │
│ │        src_component="C120", is_residue=True, active_acceptor=0,         │ │
│ │        is_N_terminus=False, molecule_id=2, ref_plddt=1,                  │ │
│ │        is_motif_atom_unindexed=False, token_id=382, pn_unit_iid="C_1",   │ │
│ │        is_motif_atom_with_fixed_coord=True, within_poly_res_idx=91,      │ │
│ │        molecule_entity=2, is_protein=True, label_entity_id=3,            │ │
│ │        is_ligand=False, is_polymer=True, is_C_terminus=True,             │ │
│ │        is_non_loopy=0, chain_entity=2, is_dna=False, b_factor=159.24,    │ │
│ │        occupancy=1.0, atomic_number=6, chain_iid="C_1", atom_id=2680,    │ │
│ │        pn_unit_id="C", gt_atom_name="CD2", is_backbone=False,            │ │
│ │        is_sidechain=True, coord_to_be_noised=[ 23.835068 -15.692505      │ │
│ │        -28.915375]),                                                     │ │
│ │        │   │   Atom(np.array([ 21.618065, -16.346512, -27.412376],       │ │
│ │        dtype=float32), chain_id="C", res_id=92, ins_code="",             │ │
│ │        res_name="TYR", hetero=False, atom_name="V3", element="C",        │ │
│ │        is_motif_atom_unindexed_motif_breakpoint=False, orig_res_id=92,   │ │
│ │        is_atom_level_hotspot=0, charge=0.0, chain_type=6, is_rna=False,  │ │
│ │        pn_unit_entity=2, within_chain_res_idx=91,                        │ │
│ │        is_non_loopy_atom_level=0, is_motif_atom_with_fixed_seq=True,     │ │
│ │        atomize=False, is_covalent_modification=False, active_donor=0,    │ │
│ │        src_component="C120", is_residue=True, active_acceptor=0,         │ │
│ │        is_N_terminus=False, molecule_id=2, ref_plddt=1,                  │ │
│ │        is_motif_atom_unindexed=False, token_id=382, pn_unit_iid="C_1",   │ │
│ │        is_motif_atom_with_fixed_coord=True, within_poly_res_idx=91,      │ │
│ │        molecule_entity=2, is_protein=True, label_entity_id=3,            │ │
│ │        is_ligand=False, is_polymer=True, is_C_terminus=True,             │ │
│ │        is_non_loopy=0, chain_entity=2, is_dna=False, b_factor=159.24,    │ │
│ │        occupancy=1.0, atomic_number=6, chain_iid="C_1", atom_id=2681,    │ │
│ │        pn_unit_id="C", gt_atom_name="CE1", is_backbone=False,            │ │
│ │        is_sidechain=True, coord_to_be_noised=[ 21.618065 -16.346512      │ │
│ │        -27.412376]),                                                     │ │
│ │        │   │   Atom(np.array([ 22.589066, -15.250519, -29.306374],       │ │
│ │        dtype=float32), chain_id="C", res_id=92, ins_code="",             │ │
│ │        res_name="TYR", hetero=False, atom_name="V4", element="C",        │ │
│ │        is_motif_atom_unindexed_motif_breakpoint=False, orig_res_id=92,   │ │
│ │        is_atom_level_hotspot=0, charge=0.0, chain_type=6, is_rna=False,  │ │
│ │        pn_unit_entity=2, within_chain_res_idx=91,                        │ │
│ │        is_non_loopy_atom_level=0, is_motif_atom_with_fixed_seq=True,     │ │
│ │        atomize=False, is_covalent_modification=False, active_donor=0,    │ │
│ │        src_component="C120", is_residue=True, active_acceptor=0,         │ │
│ │        is_N_terminus=False, molecule_id=2, ref_plddt=1,                  │ │
│ │        is_motif_atom_unindexed=False, token_id=382, pn_unit_iid="C_1",   │ │
│ │        is_motif_atom_with_fixed_coord=True, within_poly_res_idx=91,      │ │
│ │        molecule_entity=2, is_protein=True, label_entity_id=3,            │ │
│ │        is_ligand=False, is_polymer=True, is_C_terminus=True,             │ │
│ │        is_non_loopy=0, chain_entity=2, is_dna=False, b_factor=159.24,    │ │
│ │        occupancy=1.0, atomic_number=6, chain_iid="C_1", atom_id=2682,    │ │
│ │        pn_unit_id="C", gt_atom_name="CE2", is_backbone=False,            │ │
│ │        is_sidechain=True, coord_to_be_noised=[ 22.589066 -15.250519      │ │
│ │        -29.306374]),                                                     │ │
│ │        │   │   Atom(np.array([ 21.485062, -15.580505, -28.550377],       │ │
│ │        dtype=float32), chain_id="C", res_id=92, ins_code="",             │ │
│ │        res_name="TYR", hetero=False, atom_name="V5", element="C",        │ │
│ │        is_motif_atom_unindexed_motif_breakpoint=False, orig_res_id=92,   │ │
│ │        is_atom_level_hotspot=0, charge=0.0, chain_type=6, is_rna=False,  │ │
│ │        pn_unit_entity=2, within_chain_res_idx=91,                        │ │
│ │        is_non_loopy_atom_level=0, is_motif_atom_with_fixed_seq=True,     │ │
│ │        atomize=False, is_covalent_modification=False, active_donor=0,    │ │
│ │        src_component="C120", is_residue=True, active_acceptor=0,         │ │
│ │        is_N_terminus=False, molecule_id=2, ref_plddt=1,                  │ │
│ │        is_motif_atom_unindexed=False, token_id=382, pn_unit_iid="C_1",   │ │
│ │        is_motif_atom_with_fixed_coord=True, within_poly_res_idx=91,      │ │
│ │        molecule_entity=2, is_protein=True, label_entity_id=3,            │ │
│ │        is_ligand=False, is_polymer=True, is_C_terminus=True,             │ │
│ │        is_non_loopy=0, chain_entity=2, is_dna=False, b_factor=159.24,    │ │
│ │        occupancy=1.0, atomic_number=6, chain_iid="C_1", atom_id=2683,    │ │
│ │        pn_unit_id="C", gt_atom_name="CZ", is_backbone=False,             │ │
│ │        is_sidechain=True, coord_to_be_noised=[ 21.485062 -15.580505      │ │
│ │        -28.550377]),                                                     │ │
│ │        │   │   Atom(np.array([ 20.240067, -15.142517, -28.93438 ],       │ │
│ │        dtype=float32), chain_id="C", res_id=92, ins_code="",             │ │
│ │        res_name="TYR", hetero=False, atom_name="V6", element="O",        │ │
│ │        is_motif_atom_unindexed_motif_breakpoint=False, orig_res_id=92,   │ │
│ │        is_atom_level_hotspot=0, charge=0.0, chain_type=6, is_rna=False,  │ │
│ │        pn_unit_entity=2, within_chain_res_idx=91,                        │ │
│ │        is_non_loopy_atom_level=0, is_motif_atom_with_fixed_seq=True,     │ │
│ │        atomize=False, is_covalent_modification=False, active_donor=0,    │ │
│ │        src_component="C120", is_residue=True, active_acceptor=0,         │ │
│ │        is_N_terminus=False, molecule_id=2, ref_plddt=1,                  │ │
│ │        is_motif_atom_unindexed=False, token_id=382, pn_unit_iid="C_1",   │ │
│ │        is_motif_atom_with_fixed_coord=True, within_poly_res_idx=91,      │ │
│ │        molecule_entity=2, is_protein=True, label_entity_id=3,            │ │
│ │        is_ligand=False, is_polymer=True, is_C_terminus=True,             │ │
│ │        is_non_loopy=0, chain_entity=2, is_dna=False, b_factor=159.24,    │ │
│ │        occupancy=1.0, atomic_number=8, chain_iid="C_1", atom_id=2684,    │ │
│ │        pn_unit_id="C", gt_atom_name="OH", is_backbone=False,             │ │
│ │        is_sidechain=True, coord_to_be_noised=[ 20.240067 -15.142517      │ │
│ │        -28.93438 ])                                                      │ │
│ │        ]),                                                               │ │
│ │        │   │   'specification': {                                        │ │
│ │        │   │   │   'input':                                              │ │
│ │        '/work3/marhr/Projects/dbl/CLR_RAMP1/exp_01/inputs/6e3y_cut.pdb', │ │
│ │        │   │   │   'contig':                                             │ │
│ │        '50-150,/0,B33-54,10,B64-106,3,B110-200,/0,C29-120',              │ │
│ │        │   │   │   'length': '298-398',                                  │ │
│ │        │   │   │   'extra': {                                            │ │
│ │        │   │   │   │   'example': 'CLR_RAMP1_test',                      │ │
│ │        │   │   │   │   'task_name':                                      │ │
│ │        'CLR_RAMP1_rfd3_test_CLR_RAMP1_test',                             │ │
│ │        │   │   │   │   'sampled_contig':                                 │ │
│ │        '122,/0,B33,B34,B35,B36,B37,B38,B39,B40,B41,B42,B43,B44,B45,B46,… │ │
│ │        │   │   │   │   'num_tokens_in': 383,                             │ │
│ │        │   │   │   │   'num_residues_in': 383,                           │ │
│ │        │   │   │   │   'num_chains': 3,                                  │ │
│ │        │   │   │   │   'num_atoms': 2685,                                │ │
│ │        │   │   │   │   'num_residues': 172,                              │ │
│ │        │   │   │   │   'example_id':                                     │ │
│ │        'CLR_RAMP1_rfd3_test_CLR_RAMP1_test_0'                            │ │
│ │        │   │   │   },                                                    │ │
│ │        │   │   │   'select_fixed_atoms': True,                           │ │
│ │        │   │   │   'select_unfixed_sequence': False,                     │ │
│ │        │   │   │   'select_hbond_acceptor': {                            │ │
│ │        │   │   │   │   'B90': 'OD1,OD2',                                 │ │
│ │        │   │   │   │   'B94': 'OD1,OD2'                                  │ │
│ │        │   │   │   },                                                    │ │
│ │        │   │   │   'select_hbond_donor': {'B38': 'NH1,NH2'},             │ │
│ │        │   │   │   'select_hotspots': {                                  │ │
│ │        │   │   │   │   'B33': 'NE2',                                     │ │
│ │        │   │   │   │   'B72': 'NE1,CD1,CD2,CG,CE3,CZ2,CZ3',              │ │
│ │        │   │   │   │   'B92': 'CD2,CD1,CE1,CE2,CZ'                       │ │
│ │        │   │   │   },                                                    │ │
│ │        │   │   │   'infer_ori_strategy': 'hotspots'                      │ │
│ │        │   │   }                                                         │ │
│ │        │   }                                                             │ │
│ │        ]                                                                 │ │
│ │ self = <lightning.fabric.wrappers._FabricDataLoader object at            │ │
│ │        0x7f6d0fe6aa50>                                                   │ │
│ ╰──────────────────────────────────────────────────────────────────────────╯ │
│                                                                              │
│ /dtu/projects/dbl/foundry/miniforge3/envs/rfd3/lib/python3.12/site-packages/ │
│ torch/utils/data/dataloader.py:733 in __next__                               │
│                                                                              │
│    730 │   │   │   if self._sampler_iter is None:                            │
│    731 │   │   │   │   # TODO(https://github.com/pytorch/pytorch/issues/7675 │
│    732 │   │   │   │   self._reset()  # type: ignore[call-arg]               │
│ ❱  733 │   │   │   data = self._next_data()                                  │
│    734 │   │   │   self._num_yielded += 1                                    │
│    735 │   │   │   if (                                                      │
│    736 │   │   │   │   self._dataset_kind == _DatasetKind.Iterable           │
│                                                                              │
│ ╭───────────────────────────────── locals ─────────────────────────────────╮ │
│ │ self = <torch.utils.data.dataloader._SingleProcessDataLoaderIter object  │ │
│ │        at 0x7f6d1531f170>                                                │ │
│ ╰──────────────────────────────────────────────────────────────────────────╯ │
│                                                                              │
│ /dtu/projects/dbl/foundry/miniforge3/envs/rfd3/lib/python3.12/site-packages/ │
│ torch/utils/data/dataloader.py:789 in _next_data                             │
│                                                                              │
│    786 │                                                                     │
│    787 │   def _next_data(self):                                             │
│    788 │   │   index = self._next_index()  # may raise StopIteration         │
│ ❱  789 │   │   data = self._dataset_fetcher.fetch(index)  # may raise StopIt │
│    790 │   │   if self._pin_memory:                                          │
│    791 │   │   │   data = _utils.pin_memory.pin_memory(data, self._pin_memor │
│    792 │   │   return data                                                   │
│                                                                              │
│ ╭───────────────────────────────── locals ─────────────────────────────────╮ │
│ │ index = [1]                                                              │ │
│ │  self = <torch.utils.data.dataloader._SingleProcessDataLoaderIter object │ │
│ │         at 0x7f6d1531f170>                                               │ │
│ ╰──────────────────────────────────────────────────────────────────────────╯ │
│                                                                              │
│ /dtu/projects/dbl/foundry/miniforge3/envs/rfd3/lib/python3.12/site-packages/ │
│ torch/utils/data/_utils/fetch.py:52 in fetch                                 │
│                                                                              │
│   49 │   │   │   if hasattr(self.dataset, "__getitems__") and self.dataset._ │
│   50 │   │   │   │   data = self.dataset.__getitems__(possibly_batched_index │
│   51 │   │   │   else:                                                       │
│ ❱ 52 │   │   │   │   data = [self.dataset[idx] for idx in possibly_batched_i │
│   53 │   │   else:                                                           │
│   54 │   │   │   data = self.dataset[possibly_batched_index]                 │
│   55 │   │   return self.collate_fn(data)                                    │
│                                                                              │
│ ╭───────────────────────────────── locals ─────────────────────────────────╮ │
│ │ possibly_batched_index = [1]                                             │ │
│ │                   self = <torch.utils.data._utils.fetch._MapDatasetFetc… │ │
│ │                          object at 0x7f6d14e34860>                       │ │
│ ╰──────────────────────────────────────────────────────────────────────────╯ │
│                                                                              │
│ /dtu/projects/dbl/foundry/miniforge3/envs/rfd3/lib/python3.12/site-packages/ │
│ rfd3/inference/datasets.py:165 in __getitem__                                │
│                                                                              │
│   162 │   │   if not isinstance(spec, DesignInputSpecification):             │
│   163 │   │   │   spec = ensure_input_is_abspath(spec, self.json_path)       │
│   164 │   │   │   spec["cif_parser_args"] = self.cif_parser_args             │
│ ❱ 165 │   │   │   spec = DesignInputSpecification.safe_init(**spec)          │
│   166 │   │                                                                  │
│   167 │   │   # Create pipeline input                                        │
│   168 │   │   data = spec.to_pipeline_input(example_id=example_id)           │
│                                                                              │
│ ╭───────────────────────────────── locals ─────────────────────────────────╮ │
│ │ example_id = 'CLR_RAMP1_rfd3_test_CLR_RAMP1_test_1'                      │ │
│ │        idx = 1                                                           │ │
│ │       self = <rfd3.inference.datasets.ContigJsonDataset object at        │ │
│ │              0x7f6d15156db0>                                             │ │
│ │       spec = {                                                           │ │
│ │              │   'dialect': 2,                                           │ │
│ │              │   'input':                                                │ │
│ │              '/work3/marhr/Projects/dbl/CLR_RAMP1/exp_01/inputs/6e3y_cu… │ │
│ │              │   'contig':                                               │ │
│ │              '50-150,/0,B33-54,10,B64-106,3,B110-200,/0,C29-120',        │ │
│ │              │   'length': '298-398',                                    │ │
│ │              │   'redesign_motif_sidechains': False,                     │ │
│ │              │   'select_hotspots': {                                    │ │
│ │              │   │   'B33': 'NE2',                                       │ │
│ │              │   │   'B72': 'NE1,CD1,CD2,CG,CE3,CZ2,CZ3',                │ │
│ │              │   │   'B92': 'CD2,CD1,CE1,CE2,CZ'                         │ │
│ │              │   },                                                      │ │
│ │              │   'select_hbond_donor': {'B38': 'NH1,NH2'},               │ │
│ │              │   'select_hbond_acceptor': {                              │ │
│ │              │   │   'B90': 'OD1,OD2',                                   │ │
│ │              │   │   'B94': 'OD1,OD2'                                    │ │
│ │              │   },                                                      │ │
│ │              │   'infer_ori_strategy': 'hotspots',                       │ │
│ │              │   'extra': {                                              │ │
│ │              │   │   'example': 'CLR_RAMP1_test',                        │ │
│ │              │   │   'task_name': 'CLR_RAMP1_rfd3_test_CLR_RAMP1_test'   │ │
│ │              │   },                                                      │ │
│ │              │   ... +1                                                  │ │
│ │              }                                                           │ │
│ ╰──────────────────────────────────────────────────────────────────────────╯ │
│                                                                              │
│ /dtu/projects/dbl/foundry/miniforge3/envs/rfd3/lib/python3.12/site-packages/ │
│ rfd3/inference/input_parsing.py:759 in safe_init                             │
│                                                                              │
│    756 │   │   │   logger.warning(warn)                                      │
│    757 │   │   │   return LegacySpecification(**spec_kwargs)                 │
│    758 │   │   else:                                                         │
│ ❱  759 │   │   │   return cls(**spec_kwargs)                                 │
│    760 │                                                                     │
│    761 │   def to_pipeline_input(self, example_id):                          │
│    762 │   │   atom_array, spec_dict = self.build(return_metadata=True)      │
│                                                                              │
│ ╭───────────────────────────────── locals ─────────────────────────────────╮ │
│ │ spec_kwargs = {                                                          │ │
│ │               │   'dialect': 2,                                          │ │
│ │               │   'input':                                               │ │
│ │               '/work3/marhr/Projects/dbl/CLR_RAMP1/exp_01/inputs/6e3y_c… │ │
│ │               │   'contig':                                              │ │
│ │               '50-150,/0,B33-54,10,B64-106,3,B110-200,/0,C29-120',       │ │
│ │               │   'length': '298-398',                                   │ │
│ │               │   'redesign_motif_sidechains': False,                    │ │
│ │               │   'select_hotspots': {                                   │ │
│ │               │   │   'B33': 'NE2',                                      │ │
│ │               │   │   'B72': 'NE1,CD1,CD2,CG,CE3,CZ2,CZ3',               │ │
│ │               │   │   'B92': 'CD2,CD1,CE1,CE2,CZ'                        │ │
│ │               │   },                                                     │ │
│ │               │   'select_hbond_donor': {'B38': 'NH1,NH2'},              │ │
│ │               │   'select_hbond_acceptor': {                             │ │
│ │               │   │   'B90': 'OD1,OD2',                                  │ │
│ │               │   │   'B94': 'OD1,OD2'                                   │ │
│ │               │   },                                                     │ │
│ │               │   'infer_ori_strategy': 'hotspots',                      │ │
│ │               │   'extra': {                                             │ │
│ │               │   │   'example': 'CLR_RAMP1_test',                       │ │
│ │               │   │   'task_name': 'CLR_RAMP1_rfd3_test_CLR_RAMP1_test'  │ │
│ │               │   },                                                     │ │
│ │               │   ... +1                                                 │ │
│ │               }                                                          │ │
│ ╰──────────────────────────────────────────────────────────────────────────╯ │
│                                                                              │
│ /dtu/projects/dbl/foundry/miniforge3/envs/rfd3/lib/python3.12/site-packages/ │
│ pydantic/main.py:250 in __init__                                             │
│                                                                              │
│    247 │   │   """                                                           │
│    248 │   │   # `__tracebackhide__` tells pytest and some other tools to om │
│    249 │   │   __tracebackhide__ = True                                      │
│ ❱  250 │   │   validated_self = self.__pydantic_validator__.validate_python( │
│    251 │   │   if self is not validated_self:                                │
│    252 │   │   │   warnings.warn(                                            │
│    253 │   │   │   │   'A custom validator is returning a value other than ` │
│                                                                              │
│ ╭───────────────────────────────── locals ─────────────────────────────────╮ │
│ │ data = {                                                                 │ │
│ │        │   'dialect': 2,                                                 │ │
│ │        │   'input':                                                      │ │
│ │        '/work3/marhr/Projects/dbl/CLR_RAMP1/exp_01/inputs/6e3y_cut.pdb', │ │
│ │        │   'contig':                                                     │ │
│ │        '50-150,/0,B33-54,10,B64-106,3,B110-200,/0,C29-120',              │ │
│ │        │   'length': '298-398',                                          │ │
│ │        │   'redesign_motif_sidechains': False,                           │ │
│ │        │   'select_hotspots': {                                          │ │
│ │        │   │   'B33': 'NE2',                                             │ │
│ │        │   │   'B72': 'NE1,CD1,CD2,CG,CE3,CZ2,CZ3',                      │ │
│ │        │   │   'B92': 'CD2,CD1,CE1,CE2,CZ'                               │ │
│ │        │   },                                                            │ │
│ │        │   'select_hbond_donor': {'B38': 'NH1,NH2'},                     │ │
│ │        │   'select_hbond_acceptor': {                                    │ │
│ │        │   │   'B90': 'OD1,OD2',                                         │ │
│ │        │   │   'B94': 'OD1,OD2'                                          │ │
│ │        │   },                                                            │ │
│ │        │   'infer_ori_strategy': 'hotspots',                             │ │
│ │        │   'extra': {                                                    │ │
│ │        │   │   'example': 'CLR_RAMP1_test',                              │ │
│ │        │   │   'task_name': 'CLR_RAMP1_rfd3_test_CLR_RAMP1_test'         │ │
│ │        │   },                                                            │ │
│ │        │   ... +1                                                        │ │
│ │        }                                                                 │ │
│ │ self = DesignInputSpecification()                                        │ │
│ ╰──────────────────────────────────────────────────────────────────────────╯ │
│                                                                              │
│ /dtu/projects/dbl/foundry/miniforge3/envs/rfd3/lib/python3.12/site-packages/ │
│ rfd3/inference/input_parsing.py:323 in load_input                            │
│                                                                              │
│    320 │   │   │   │   │   raise ValueError(                                 │
│    321 │   │   │   │   │   │   "Both 'input' and 'atom_array_input' provided │
│    322 │   │   │   │   │   )                                                 │
│ ❱  323 │   │   │   │   atom_array = inference_load_(                         │
│    324 │   │   │   │   │   data["input"], cif_parser_args=data.get("cif_pars │
│    325 │   │   │   │   )["atom_array"]                                       │
│    326                                                                       │
│                                                                              │
│ ╭───────────────────────────────── locals ─────────────────────────────────╮ │
│ │       data = {                                                           │ │
│ │              │   'dialect': 2,                                           │ │
│ │              │   'input':                                                │ │
│ │              '/work3/marhr/Projects/dbl/CLR_RAMP1/exp_01/inputs/6e3y_cu… │ │
│ │              │   'contig':                                               │ │
│ │              '50-150,/0,B33-54,10,B64-106,3,B110-200,/0,C29-120',        │ │
│ │              │   'length': '298-398',                                    │ │
│ │              │   'redesign_motif_sidechains': False,                     │ │
│ │              │   'select_hotspots': {                                    │ │
│ │              │   │   'B33': 'NE2',                                       │ │
│ │              │   │   'B72': 'NE1,CD1,CD2,CG,CE3,CZ2,CZ3',                │ │
│ │              │   │   'B92': 'CD2,CD1,CE1,CE2,CZ'                         │ │
│ │              │   },                                                      │ │
│ │              │   'select_hbond_donor': {'B38': 'NH1,NH2'},               │ │
│ │              │   'select_hbond_acceptor': {                              │ │
│ │              │   │   'B90': 'OD1,OD2',                                   │ │
│ │              │   │   'B94': 'OD1,OD2'                                    │ │
│ │              │   },                                                      │ │
│ │              │   'infer_ori_strategy': 'hotspots',                       │ │
│ │              │   'extra': {                                              │ │
│ │              │   │   'example': 'CLR_RAMP1_test',                        │ │
│ │              │   │   'task_name': 'CLR_RAMP1_rfd3_test_CLR_RAMP1_test'   │ │
│ │              │   },                                                      │ │
│ │              │   ... +1                                                  │ │
│ │              }                                                           │ │
│ │ selections = [                                                           │ │
│ │              │   'contig',                                               │ │
│ │              │   'select_hbond_acceptor',                                │ │
│ │              │   'select_hbond_donor',                                   │ │
│ │              │   'select_hotspots'                                       │ │
│ │              ]                                                           │ │
│ ╰──────────────────────────────────────────────────────────────────────────╯ │
│                                                                              │
│ /dtu/projects/dbl/foundry/miniforge3/envs/rfd3/lib/python3.12/site-packages/ │
│ rfd3/utils/inference.py:349 in inference_load_                               │
│                                                                              │
│   346 │   )                                                                  │
│   347 │                                                                      │
│   348 │   # Use the parse function with the merged CIF parser arguments      │
│ ❱ 349 │   result_dict = parse(                                               │
│   350 │   │   filename=file,                                                 │
│   351 │   │   build_assembly=(assembly_id,),  # Convert list to tuple (make  │
│   352 │   │   **merged_cif_parser_args,                                      │
│                                                                              │
│ ╭───────────────────────────────── locals ─────────────────────────────────╮ │
│ │            assembly_id = '1'                                             │ │
│ │        cif_parser_args = {}                                              │ │
│ │                   file = '/work3/marhr/Projects/dbl/CLR_RAMP1/exp_01/in… │ │
│ │ merged_cif_parser_args = {                                               │ │
│ │                          │   'add_missing_atoms': False,                 │ │
│ │                          │   'add_id_and_entity_annotations': True,      │ │
│ │                          │   'add_bond_types_from_struct_conn': (        │ │
│ │                          │   │   'covale',                               │ │
│ │                          │   ),                                          │ │
│ │                          │   'remove_ccds': [],                          │ │
│ │                          │   'remove_waters': True,                      │ │
│ │                          │   'fix_ligands_at_symmetry_centers': True,    │ │
│ │                          │   'fix_arginines': False,                     │ │
│ │                          │   'fix_formal_charges': True,                 │ │
│ │                          │   'fix_bond_types': True,                     │ │
│ │                          │   'convert_mse_to_met': True,                 │ │
│ │                          │   ... +3                                      │ │
│ │                          }                                               │ │
│ ╰──────────────────────────────────────────────────────────────────────────╯ │
│                                                                              │
│ /dtu/projects/dbl/foundry/miniforge3/envs/rfd3/lib/python3.12/site-packages/ │
│ atomworks/io/parser.py:314 in parse                                          │
│                                                                              │
│   311 │   │   │   │   raise RuntimeError(f"Error loading from cache: {e}, tr │
│   312 │                                                                      │
│   313 │   if file_type == "pdb":                                             │
│ ❱ 314 │   │   result = _parse_from_pdb(                                      │
│   315 │   │   │   filename=filename,                                         │
│   316 │   │   │   ccd_mirror_path=ccd_mirror_path,                           │
│   317 │   │   │   add_missing_atoms=add_missing_atoms,                       │
│                                                                              │
│ ╭───────────────────────────────── locals ─────────────────────────────────╮ │
│ │ add_bond_types_from_struct_conn = ('covale',)                            │ │
│ │   add_id_and_entity_annotations = True                                   │ │
│ │               add_missing_atoms = False                                  │ │
│ │                  build_assembly = ('1',)                                 │ │
│ │                       cache_dir = None                                   │ │
│ │                 ccd_mirror_path = ''                                     │ │
│ │              convert_mse_to_met = True                                   │ │
│ │                    extra_fields = [                                      │ │
│ │                                   │   'is_motif_atom_unindexed',         │ │
│ │                                   │                                      │ │
│ │                                   'is_motif_atom_unindexed_motif_breakp… │ │
│ │                                   │   'is_motif_atom_with_fixed_seq',    │ │
│ │                                   │   'is_motif_atom_with_fixed_coord'   │ │
│ │                                   ]                                      │ │
│ │                       file_type = 'pdb'                                  │ │
│ │                        filename = '/work3/marhr/Projects/dbl/CLR_RAMP1/… │ │
│ │                   fix_arginines = False                                  │ │
│ │                  fix_bond_types = True                                   │ │
│ │              fix_formal_charges = True                                   │ │
│ │ fix_ligands_at_symmetry_centers = True                                   │ │
│ │                 hydrogen_policy = 'remove'                               │ │
│ │                       is_buffer = False                                  │ │
│ │                  keep_cif_block = False                                  │ │
│ │                 load_from_cache = False                                  │ │
│ │                           model = None                                   │ │
│ │                     remove_ccds = []                                     │ │
│ │                   remove_waters = True                                   │ │
│ │                   save_to_cache = False                                  │ │
│ ╰──────────────────────────────────────────────────────────────────────────╯ │
│                                                                              │
│ /dtu/projects/dbl/foundry/miniforge3/envs/rfd3/lib/python3.12/site-packages/ │
│ atomworks/io/parser.py:785 in _parse_from_pdb                                │
│                                                                              │
│   782 │   NOTE: This method is not intended to be called directly; use `pars │
│   783 │   """                                                                │
│   784 │   # ...read the PDB file into a CIF block                            │
│ ❱ 785 │   pdb_file = read_any(filename)                                      │
│   786 │   atom_array_stack = pdb_file.get_structure(                         │
│   787 │   │   model=parse_from_cif_kwargs["model"],                          │
│   788 │   │   altloc="first",                                                │
│                                                                              │
│ ╭───────────────────────────────── locals ─────────────────────────────────╮ │
│ │              filename = '/work3/marhr/Projects/dbl/CLR_RAMP1/exp_01/inp… │ │
│ │ parse_from_cif_kwargs = {                                                │ │
│ │                         │   'ccd_mirror_path': '',                       │ │
│ │                         │   'add_missing_atoms': False,                  │ │
│ │                         │   'add_id_and_entity_annotations': True,       │ │
│ │                         │   'add_bond_types_from_struct_conn': (         │ │
│ │                         │   │   'covale',                                │ │
│ │                         │   ),                                           │ │
│ │                         │   'remove_ccds': [],                           │ │
│ │                         │   'remove_waters': True,                       │ │
│ │                         │   'fix_ligands_at_symmetry_centers': True,     │ │
│ │                         │   'fix_arginines': False,                      │ │
│ │                         │   'fix_formal_charges': True,                  │ │
│ │                         │   'fix_bond_types': True,                      │ │
│ │                         │   ... +5                                       │ │
│ │                         }                                                │ │
│ ╰──────────────────────────────────────────────────────────────────────────╯ │
│                                                                              │
│ /dtu/projects/dbl/foundry/miniforge3/envs/rfd3/lib/python3.12/site-packages/ │
│ atomworks/io/utils/io_utils.py:405 in read_any                               │
│                                                                              │
│    402 │   │   raise ValueError(f"Unsupported file type: {file_type}")       │
│    403 │                                                                     │
│    404 │   # Load the file content                                           │
│ ❱  405 │   file_obj = file_cls.read(path_or_buffer)                          │
│    406 │                                                                     │
│    407 │   return file_obj                                                   │
│    408                                                                       │
│                                                                              │
│ ╭───────────────────────────────── locals ─────────────────────────────────╮ │
│ │      file_type = 'pdb'                                                   │ │
│ │      open_mode = 'rt'                                                    │ │
│ │ path_or_buffer = PosixPath('/work3/marhr/Projects/dbl/CLR_RAMP1/exp_01/… │ │
│ ╰──────────────────────────────────────────────────────────────────────────╯ │
│                                                                              │
│ /dtu/projects/dbl/foundry/miniforge3/envs/rfd3/lib/python3.12/site-packages/ │
│ biotite/structure/io/pdb/file.py:95 in read                                  │
│                                                                              │
│     92 │                                                                     │
│     93 │   @classmethod                                                      │
│     94 │   def read(cls, file):                                              │
│ ❱   95 │   │   file = super().read(file)                                     │
│     96 │   │   # Pad lines with whitespace if lines are shorter              │
│     97 │   │   # than the required 80 characters                             │
│     98 │   │   file.lines = [line.ljust(80) for line in file.lines]          │
│                                                                              │
│ ╭───────────────────────────────── locals ─────────────────────────────────╮ │
│ │ file = PosixPath('/work3/marhr/Projects/dbl/CLR_RAMP1/exp_01/inputs/6e3… │ │
│ ╰──────────────────────────────────────────────────────────────────────────╯ │
│                                                                              │
│ /dtu/projects/dbl/foundry/miniforge3/envs/rfd3/lib/python3.12/site-packages/ │
│ biotite/file.py:89 in read                                                   │
│                                                                              │
│    86 │   def read(cls, file, *args, **kwargs):                              │
│    87 │   │   # File name                                                    │
│    88 │   │   if is_open_compatible(file):                                   │
│ ❱  89 │   │   │   with open(file, "r") as f:                                 │
│    90 │   │   │   │   lines = f.read().splitlines()                          │
│    91 │   │   # File object                                                  │
│    92 │   │   else:                                                          │
│                                                                              │
│ ╭───────────────────────────────── locals ─────────────────────────────────╮ │
│ │   args = ()                                                              │ │
│ │   file = PosixPath('/work3/marhr/Projects/dbl/CLR_RAMP1/exp_01/inputs/6… │ │
│ │ kwargs = {}                                                              │ │
│ ╰──────────────────────────────────────────────────────────────────────────╯ │
╰──────────────────────────────────────────────────────────────────────────────╯
FileNotFoundError: [Errno 2] No such file or directory: 
'/work3/marhr/Projects/dbl/CLR_RAMP1/exp_01/inputs/6e3y_cut.pdb'
